<?xml version="1.0" encoding="UTF-8" ?>
<gpx version="1.1" xmlns:xsi="http://www.w3.org/2001/XMLSchema-instance" 
    xmlns="http://www.topografix.com/GPX/1/1" 
    xsi:schemaLocation="http://www.topografix.com/GPX/1/1 http://www.topografix.com/GPX/1/1/gpx.xsd" 
    creator="Openrunner - https://www.openrunner.com" >
				<wpt lat="43.389261" lon="5.352261">
				 	<ele>0</ele>
				 	<name><![CDATA[Départ]]></name>
				 	<desc><![CDATA[]]></desc>
					<sym>1</sym>
				</wpt>
			
				<wpt lat="43.447214" lon="5.568542">
				 	<ele>0</ele>
				 	<name><![CDATA[Passage Étroit - Pont]]></name>
				 	<desc><![CDATA[]]></desc>
					<sym>1</sym>
				</wpt>
			
				<wpt lat="43.407029" lon="5.685110">
				 	<ele>0</ele>
				 	<name><![CDATA[GPM - Pas de la Couelle]]></name>
				 	<desc><![CDATA[]]></desc>
					<sym>1</sym>
				</wpt>
			
				<wpt lat="43.316350" lon="5.659061">
				 	<ele>0</ele>
				 	<name><![CDATA[GPM - Col de L'Espigoulier]]></name>
				 	<desc><![CDATA[]]></desc>
					<sym>1</sym>
				</wpt>
			
				<wpt lat="43.203109" lon="5.560038">
				 	<ele>0</ele>
				 	<name><![CDATA[Début descente Rapide - 21%]]></name>
				 	<desc><![CDATA[]]></desc>
					<sym>1</sym>
				</wpt>
			
				<wpt lat="43.239233" lon="5.436946">
				 	<ele>0</ele>
				 	<name><![CDATA[Flamme Rouge - 1 km]]></name>
				 	<desc><![CDATA[]]></desc>
					<sym>1</sym>
				</wpt>
			
				<wpt lat="43.181376" lon="5.568460">
				 	<ele>0</ele>
				 	<name><![CDATA[GPM - Route des Crêtes]]></name>
				 	<desc><![CDATA[]]></desc>
					<sym>1</sym>
				</wpt>
			
				<wpt lat="43.289000" lon="5.624862">
				 	<ele>0</ele>
				 	<name><![CDATA[Début Zone Verte]]></name>
				 	<desc><![CDATA[]]></desc>
					<sym>1</sym>
				</wpt>
			
				<wpt lat="43.328676" lon="5.713797">
				 	<ele>0</ele>
				 	<name><![CDATA[Début Zone Verte]]></name>
				 	<desc><![CDATA[]]></desc>
					<sym>1</sym>
				</wpt>
			
				<wpt lat="43.444450" lon="5.676900">
				 	<ele>0</ele>
				 	<name><![CDATA[Début Zone de Délestage Déchets]]></name>
				 	<desc><![CDATA[]]></desc>
					<sym>1</sym>
				</wpt>
			
				<wpt lat="43.335618" lon="5.757352">
				 	<ele>0</ele>
				 	<name><![CDATA[ZONE DE RAVITAILLEMENT]]></name>
				 	<desc><![CDATA[]]></desc>
					<sym>1</sym>
				</wpt>
			
				<wpt lat="43.255379" lon="5.746997">
				 	<ele>0</ele>
				 	<name><![CDATA[Début Zone de Délestage Déchets]]></name>
				 	<desc><![CDATA[]]></desc>
					<sym>1</sym>
				</wpt>
				<trk>
						<name>la marseillaise 2025 version  sans fictif-20375349</name>
						<trkseg>
					<trkpt lat="43.389280" lon="5.352260">
						<ele>190</ele>
						<time>2025-01-21T10:21:11Z</time>
					</trkpt>
					<trkpt lat="43.389490" lon="5.352230">
						<ele>190</ele>
						<time>2025-01-21T10:21:15Z</time>
					</trkpt>
					<trkpt lat="43.389540" lon="5.352200">
						<ele>190</ele>
						<time>2025-01-21T10:21:16Z</time>
					</trkpt>
					<trkpt lat="43.389810" lon="5.352190">
						<ele>191</ele>
						<time>2025-01-21T10:21:21Z</time>
					</trkpt>
					<trkpt lat="43.392340" lon="5.351760">
						<ele>200</ele>
						<time>2025-01-21T10:22:06Z</time>
					</trkpt>
					<trkpt lat="43.394140" lon="5.351650">
						<ele>205</ele>
						<time>2025-01-21T10:22:38Z</time>
					</trkpt>
					<trkpt lat="43.394900" lon="5.351690">
						<ele>208</ele>
						<time>2025-01-21T10:22:51Z</time>
					</trkpt>
					<trkpt lat="43.395080" lon="5.351740">
						<ele>209</ele>
						<time>2025-01-21T10:22:55Z</time>
					</trkpt>
					<trkpt lat="43.395460" lon="5.351910">
						<ele>211</ele>
						<time>2025-01-21T10:23:02Z</time>
					</trkpt>
					<trkpt lat="43.396620" lon="5.352660">
						<ele>209</ele>
						<time>2025-01-21T10:23:25Z</time>
					</trkpt>
					<trkpt lat="43.396940" lon="5.352890">
						<ele>210</ele>
						<time>2025-01-21T10:23:31Z</time>
					</trkpt>
					<trkpt lat="43.397920" lon="5.353480">
						<ele>213</ele>
						<time>2025-01-21T10:23:50Z</time>
					</trkpt>
					<trkpt lat="43.398620" lon="5.353950">
						<ele>216</ele>
						<time>2025-01-21T10:24:04Z</time>
					</trkpt>
					<trkpt lat="43.398960" lon="5.354330">
						<ele>216</ele>
						<time>2025-01-21T10:24:12Z</time>
					</trkpt>
					<trkpt lat="43.399140" lon="5.354700">
						<ele>216</ele>
						<time>2025-01-21T10:24:18Z</time>
					</trkpt>
					<trkpt lat="43.399310" lon="5.355140">
						<ele>218</ele>
						<time>2025-01-21T10:24:24Z</time>
					</trkpt>
					<trkpt lat="43.399550" lon="5.355500">
						<ele>220</ele>
						<time>2025-01-21T10:24:30Z</time>
					</trkpt>
					<trkpt lat="43.401040" lon="5.356850">
						<ele>221</ele>
						<time>2025-01-21T10:25:02Z</time>
					</trkpt>
					<trkpt lat="43.401210" lon="5.356960">
						<ele>221</ele>
						<time>2025-01-21T10:25:05Z</time>
					</trkpt>
					<trkpt lat="43.401500" lon="5.357070">
						<ele>222</ele>
						<time>2025-01-21T10:25:11Z</time>
					</trkpt>
					<trkpt lat="43.401800" lon="5.357080">
						<ele>222</ele>
						<time>2025-01-21T10:25:16Z</time>
					</trkpt>
					<trkpt lat="43.402120" lon="5.357050">
						<ele>222</ele>
						<time>2025-01-21T10:25:22Z</time>
					</trkpt>
					<trkpt lat="43.402250" lon="5.357080">
						<ele>223</ele>
						<time>2025-01-21T10:25:24Z</time>
					</trkpt>
					<trkpt lat="43.402510" lon="5.357190">
						<ele>224</ele>
						<time>2025-01-21T10:25:29Z</time>
					</trkpt>
					<trkpt lat="43.402730" lon="5.357330">
						<ele>224</ele>
						<time>2025-01-21T10:25:33Z</time>
					</trkpt>
					<trkpt lat="43.402810" lon="5.357430">
						<ele>225</ele>
						<time>2025-01-21T10:25:35Z</time>
					</trkpt>
					<trkpt lat="43.402830" lon="5.357570">
						<ele>225</ele>
						<time>2025-01-21T10:25:37Z</time>
					</trkpt>
					<trkpt lat="43.402900" lon="5.357650">
						<ele>226</ele>
						<time>2025-01-21T10:25:39Z</time>
					</trkpt>
					<trkpt lat="43.403000" lon="5.357690">
						<ele>226</ele>
						<time>2025-01-21T10:25:41Z</time>
					</trkpt>
					<trkpt lat="43.403130" lon="5.357870">
						<ele>226</ele>
						<time>2025-01-21T10:25:44Z</time>
					</trkpt>
					<trkpt lat="43.403950" lon="5.359170">
						<ele>226</ele>
						<time>2025-01-21T10:26:06Z</time>
					</trkpt>
					<trkpt lat="43.404210" lon="5.359430">
						<ele>224</ele>
						<time>2025-01-21T10:26:12Z</time>
					</trkpt>
					<trkpt lat="43.404380" lon="5.359710">
						<ele>223</ele>
						<time>2025-01-21T10:26:16Z</time>
					</trkpt>
					<trkpt lat="43.404640" lon="5.359960">
						<ele>223</ele>
						<time>2025-01-21T10:26:22Z</time>
					</trkpt>
					<trkpt lat="43.404620" lon="5.359990">
						<ele>222</ele>
						<time>2025-01-21T10:26:23Z</time>
					</trkpt>
					<trkpt lat="43.404740" lon="5.360080">
						<ele>222</ele>
						<time>2025-01-21T10:26:25Z</time>
					</trkpt>
					<trkpt lat="43.405510" lon="5.360930">
						<ele>223</ele>
						<time>2025-01-21T10:26:43Z</time>
					</trkpt>
					<trkpt lat="43.406260" lon="5.361830">
						<ele>224</ele>
						<time>2025-01-21T10:27:00Z</time>
					</trkpt>
					<trkpt lat="43.406550" lon="5.362110">
						<ele>225</ele>
						<time>2025-01-21T10:27:07Z</time>
					</trkpt>
					<trkpt lat="43.406710" lon="5.362370">
						<ele>225</ele>
						<time>2025-01-21T10:27:11Z</time>
					</trkpt>
					<trkpt lat="43.406780" lon="5.362550">
						<ele>225</ele>
						<time>2025-01-21T10:27:14Z</time>
					</trkpt>
					<trkpt lat="43.406990" lon="5.363340">
						<ele>225</ele>
						<time>2025-01-21T10:27:25Z</time>
					</trkpt>
					<trkpt lat="43.407050" lon="5.363660">
						<ele>225</ele>
						<time>2025-01-21T10:27:29Z</time>
					</trkpt>
					<trkpt lat="43.407030" lon="5.363820">
						<ele>225</ele>
						<time>2025-01-21T10:27:31Z</time>
					</trkpt>
					<trkpt lat="43.406960" lon="5.363890">
						<ele>224</ele>
						<time>2025-01-21T10:27:32Z</time>
					</trkpt>
					<trkpt lat="43.406950" lon="5.363930">
						<ele>224</ele>
						<time>2025-01-21T10:27:33Z</time>
					</trkpt>
					<trkpt lat="43.406970" lon="5.364080">
						<ele>224</ele>
						<time>2025-01-21T10:27:35Z</time>
					</trkpt>
					<trkpt lat="43.407040" lon="5.364160">
						<ele>224</ele>
						<time>2025-01-21T10:27:37Z</time>
					</trkpt>
					<trkpt lat="43.407110" lon="5.364150">
						<ele>225</ele>
						<time>2025-01-21T10:27:38Z</time>
					</trkpt>
					<trkpt lat="43.407210" lon="5.364220">
						<ele>225</ele>
						<time>2025-01-21T10:27:40Z</time>
					</trkpt>
					<trkpt lat="43.407340" lon="5.364430">
						<ele>227</ele>
						<time>2025-01-21T10:27:43Z</time>
					</trkpt>
					<trkpt lat="43.407510" lon="5.364820">
						<ele>229</ele>
						<time>2025-01-21T10:27:49Z</time>
					</trkpt>
					<trkpt lat="43.407930" lon="5.365530">
						<ele>231</ele>
						<time>2025-01-21T10:28:01Z</time>
					</trkpt>
					<trkpt lat="43.408140" lon="5.365770">
						<ele>231</ele>
						<time>2025-01-21T10:28:06Z</time>
					</trkpt>
					<trkpt lat="43.408150" lon="5.365920">
						<ele>230</ele>
						<time>2025-01-21T10:28:08Z</time>
					</trkpt>
					<trkpt lat="43.408200" lon="5.366070">
						<ele>230</ele>
						<time>2025-01-21T10:28:10Z</time>
					</trkpt>
					<trkpt lat="43.409170" lon="5.367990">
						<ele>225</ele>
						<time>2025-01-21T10:28:40Z</time>
					</trkpt>
					<trkpt lat="43.409500" lon="5.368400">
						<ele>226</ele>
						<time>2025-01-21T10:28:48Z</time>
					</trkpt>
					<trkpt lat="43.409760" lon="5.368940">
						<ele>226</ele>
						<time>2025-01-21T10:28:57Z</time>
					</trkpt>
					<trkpt lat="43.410540" lon="5.371980">
						<ele>232</ele>
						<time>2025-01-21T10:29:38Z</time>
					</trkpt>
					<trkpt lat="43.410520" lon="5.372290">
						<ele>232</ele>
						<time>2025-01-21T10:29:42Z</time>
					</trkpt>
					<trkpt lat="43.411520" lon="5.372860">
						<ele>236</ele>
						<time>2025-01-21T10:30:02Z</time>
					</trkpt>
					<trkpt lat="43.411970" lon="5.373080">
						<ele>237</ele>
						<time>2025-01-21T10:30:10Z</time>
					</trkpt>
					<trkpt lat="43.412230" lon="5.373160">
						<ele>238</ele>
						<time>2025-01-21T10:30:15Z</time>
					</trkpt>
					<trkpt lat="43.413500" lon="5.373430">
						<ele>242</ele>
						<time>2025-01-21T10:30:38Z</time>
					</trkpt>
					<trkpt lat="43.413710" lon="5.373500">
						<ele>244</ele>
						<time>2025-01-21T10:30:41Z</time>
					</trkpt>
					<trkpt lat="43.413810" lon="5.373570">
						<ele>244</ele>
						<time>2025-01-21T10:30:43Z</time>
					</trkpt>
					<trkpt lat="43.414000" lon="5.373730">
						<ele>246</ele>
						<time>2025-01-21T10:30:47Z</time>
					</trkpt>
					<trkpt lat="43.414260" lon="5.374080">
						<ele>247</ele>
						<time>2025-01-21T10:30:54Z</time>
					</trkpt>
					<trkpt lat="43.415010" lon="5.374930">
						<ele>244</ele>
						<time>2025-01-21T10:31:11Z</time>
					</trkpt>
					<trkpt lat="43.415960" lon="5.375960">
						<ele>241</ele>
						<time>2025-01-21T10:31:33Z</time>
					</trkpt>
					<trkpt lat="43.416320" lon="5.376300">
						<ele>241</ele>
						<time>2025-01-21T10:31:40Z</time>
					</trkpt>
					<trkpt lat="43.416900" lon="5.376980">
						<ele>241</ele>
						<time>2025-01-21T10:31:54Z</time>
					</trkpt>
					<trkpt lat="43.416920" lon="5.376960">
						<ele>241</ele>
						<time>2025-01-21T10:31:54Z</time>
					</trkpt>
					<trkpt lat="43.417520" lon="5.377620">
						<ele>239</ele>
						<time>2025-01-21T10:32:08Z</time>
					</trkpt>
					<trkpt lat="43.417860" lon="5.378040">
						<ele>239</ele>
						<time>2025-01-21T10:32:16Z</time>
					</trkpt>
					<trkpt lat="43.418370" lon="5.378800">
						<ele>238</ele>
						<time>2025-01-21T10:32:30Z</time>
					</trkpt>
					<trkpt lat="43.418710" lon="5.379370">
						<ele>237</ele>
						<time>2025-01-21T10:32:39Z</time>
					</trkpt>
					<trkpt lat="43.418850" lon="5.379800">
						<ele>237</ele>
						<time>2025-01-21T10:32:45Z</time>
					</trkpt>
					<trkpt lat="43.418880" lon="5.380100">
						<ele>236</ele>
						<time>2025-01-21T10:32:49Z</time>
					</trkpt>
					<trkpt lat="43.418940" lon="5.380200">
						<ele>236</ele>
						<time>2025-01-21T10:32:51Z</time>
					</trkpt>
					<trkpt lat="43.419010" lon="5.380240">
						<ele>236</ele>
						<time>2025-01-21T10:32:52Z</time>
					</trkpt>
					<trkpt lat="43.419260" lon="5.381200">
						<ele>234</ele>
						<time>2025-01-21T10:33:05Z</time>
					</trkpt>
					<trkpt lat="43.419420" lon="5.381540">
						<ele>235</ele>
						<time>2025-01-21T10:33:11Z</time>
					</trkpt>
					<trkpt lat="43.419670" lon="5.381860">
						<ele>234</ele>
						<time>2025-01-21T10:33:17Z</time>
					</trkpt>
					<trkpt lat="43.421200" lon="5.383280">
						<ele>231</ele>
						<time>2025-01-21T10:33:50Z</time>
					</trkpt>
					<trkpt lat="43.421780" lon="5.383790">
						<ele>229</ele>
						<time>2025-01-21T10:34:02Z</time>
					</trkpt>
					<trkpt lat="43.421880" lon="5.384060">
						<ele>229</ele>
						<time>2025-01-21T10:34:06Z</time>
					</trkpt>
					<trkpt lat="43.422140" lon="5.385420">
						<ele>230</ele>
						<time>2025-01-21T10:34:24Z</time>
					</trkpt>
					<trkpt lat="43.422610" lon="5.386870">
						<ele>233</ele>
						<time>2025-01-21T10:34:44Z</time>
					</trkpt>
					<trkpt lat="43.423670" lon="5.388950">
						<ele>226</ele>
						<time>2025-01-21T10:35:17Z</time>
					</trkpt>
					<trkpt lat="43.424130" lon="5.389930">
						<ele>225</ele>
						<time>2025-01-21T10:35:32Z</time>
					</trkpt>
					<trkpt lat="43.424230" lon="5.390190">
						<ele>226</ele>
						<time>2025-01-21T10:35:36Z</time>
					</trkpt>
					<trkpt lat="43.424710" lon="5.391900">
						<ele>228</ele>
						<time>2025-01-21T10:36:00Z</time>
					</trkpt>
					<trkpt lat="43.424800" lon="5.392010">
						<ele>227</ele>
						<time>2025-01-21T10:36:02Z</time>
					</trkpt>
					<trkpt lat="43.425470" lon="5.392300">
						<ele>224</ele>
						<time>2025-01-21T10:36:14Z</time>
					</trkpt>
					<trkpt lat="43.425540" lon="5.392370">
						<ele>224</ele>
						<time>2025-01-21T10:36:16Z</time>
					</trkpt>
					<trkpt lat="43.425580" lon="5.392480">
						<ele>224</ele>
						<time>2025-01-21T10:36:18Z</time>
					</trkpt>
					<trkpt lat="43.425600" lon="5.392480">
						<ele>224</ele>
						<time>2025-01-21T10:36:18Z</time>
					</trkpt>
					<trkpt lat="43.425580" lon="5.392490">
						<ele>224</ele>
						<time>2025-01-21T10:36:18Z</time>
					</trkpt>
					<trkpt lat="43.425620" lon="5.392650">
						<ele>223</ele>
						<time>2025-01-21T10:36:20Z</time>
					</trkpt>
					<trkpt lat="43.425730" lon="5.392760">
						<ele>223</ele>
						<time>2025-01-21T10:36:23Z</time>
					</trkpt>
					<trkpt lat="43.425850" lon="5.394020">
						<ele>219</ele>
						<time>2025-01-21T10:36:39Z</time>
					</trkpt>
					<trkpt lat="43.425900" lon="5.395550">
						<ele>216</ele>
						<time>2025-01-21T10:36:59Z</time>
					</trkpt>
					<trkpt lat="43.426120" lon="5.397090">
						<ele>213</ele>
						<time>2025-01-21T10:37:19Z</time>
					</trkpt>
					<trkpt lat="43.426240" lon="5.397760">
						<ele>211</ele>
						<time>2025-01-21T10:37:28Z</time>
					</trkpt>
					<trkpt lat="43.426510" lon="5.399150">
						<ele>215</ele>
						<time>2025-01-21T10:37:47Z</time>
					</trkpt>
					<trkpt lat="43.426730" lon="5.400140">
						<ele>216</ele>
						<time>2025-01-21T10:38:00Z</time>
					</trkpt>
					<trkpt lat="43.427030" lon="5.401110">
						<ele>214</ele>
						<time>2025-01-21T10:38:14Z</time>
					</trkpt>
					<trkpt lat="43.427300" lon="5.401560">
						<ele>211</ele>
						<time>2025-01-21T10:38:21Z</time>
					</trkpt>
					<trkpt lat="43.427400" lon="5.401770">
						<ele>210</ele>
						<time>2025-01-21T10:38:25Z</time>
					</trkpt>
					<trkpt lat="43.427430" lon="5.401870">
						<ele>209</ele>
						<time>2025-01-21T10:38:26Z</time>
					</trkpt>
					<trkpt lat="43.427410" lon="5.401960">
						<ele>209</ele>
						<time>2025-01-21T10:38:27Z</time>
					</trkpt>
					<trkpt lat="43.427430" lon="5.402140">
						<ele>208</ele>
						<time>2025-01-21T10:38:30Z</time>
					</trkpt>
					<trkpt lat="43.427410" lon="5.402430">
						<ele>206</ele>
						<time>2025-01-21T10:38:33Z</time>
					</trkpt>
					<trkpt lat="43.427440" lon="5.402630">
						<ele>206</ele>
						<time>2025-01-21T10:38:36Z</time>
					</trkpt>
					<trkpt lat="43.427460" lon="5.402710">
						<ele>206</ele>
						<time>2025-01-21T10:38:37Z</time>
					</trkpt>
					<trkpt lat="43.427680" lon="5.403060">
						<ele>206</ele>
						<time>2025-01-21T10:38:43Z</time>
					</trkpt>
					<trkpt lat="43.427780" lon="5.403370">
						<ele>206</ele>
						<time>2025-01-21T10:38:48Z</time>
					</trkpt>
					<trkpt lat="43.427740" lon="5.403720">
						<ele>206</ele>
						<time>2025-01-21T10:38:52Z</time>
					</trkpt>
					<trkpt lat="43.427550" lon="5.404090">
						<ele>207</ele>
						<time>2025-01-21T10:38:58Z</time>
					</trkpt>
					<trkpt lat="43.427490" lon="5.404290">
						<ele>208</ele>
						<time>2025-01-21T10:39:01Z</time>
					</trkpt>
					<trkpt lat="43.427490" lon="5.404560">
						<ele>209</ele>
						<time>2025-01-21T10:39:04Z</time>
					</trkpt>
					<trkpt lat="43.427530" lon="5.404780">
						<ele>209</ele>
						<time>2025-01-21T10:39:07Z</time>
					</trkpt>
					<trkpt lat="43.427910" lon="5.405430">
						<ele>210</ele>
						<time>2025-01-21T10:39:18Z</time>
					</trkpt>
					<trkpt lat="43.428840" lon="5.408530">
						<ele>208</ele>
						<time>2025-01-21T10:40:01Z</time>
					</trkpt>
					<trkpt lat="43.428910" lon="5.409390">
						<ele>208</ele>
						<time>2025-01-21T10:40:12Z</time>
					</trkpt>
					<trkpt lat="43.428930" lon="5.410170">
						<ele>209</ele>
						<time>2025-01-21T10:40:23Z</time>
					</trkpt>
					<trkpt lat="43.428920" lon="5.410440">
						<ele>211</ele>
						<time>2025-01-21T10:40:26Z</time>
					</trkpt>
					<trkpt lat="43.428730" lon="5.411800">
						<ele>218</ele>
						<time>2025-01-21T10:40:44Z</time>
					</trkpt>
					<trkpt lat="43.428670" lon="5.413470">
						<ele>222</ele>
						<time>2025-01-21T10:41:06Z</time>
					</trkpt>
					<trkpt lat="43.428670" lon="5.414280">
						<ele>222</ele>
						<time>2025-01-21T10:41:16Z</time>
					</trkpt>
					<trkpt lat="43.428750" lon="5.414840">
						<ele>221</ele>
						<time>2025-01-21T10:41:23Z</time>
					</trkpt>
					<trkpt lat="43.428760" lon="5.415210">
						<ele>220</ele>
						<time>2025-01-21T10:41:28Z</time>
					</trkpt>
					<trkpt lat="43.428720" lon="5.416070">
						<ele>220</ele>
						<time>2025-01-21T10:41:39Z</time>
					</trkpt>
					<trkpt lat="43.428710" lon="5.418580">
						<ele>214</ele>
						<time>2025-01-21T10:42:12Z</time>
					</trkpt>
					<trkpt lat="43.428800" lon="5.418820">
						<ele>214</ele>
						<time>2025-01-21T10:42:15Z</time>
					</trkpt>
					<trkpt lat="43.428910" lon="5.418990">
						<ele>215</ele>
						<time>2025-01-21T10:42:18Z</time>
					</trkpt>
					<trkpt lat="43.429340" lon="5.419180">
						<ele>214</ele>
						<time>2025-01-21T10:42:26Z</time>
					</trkpt>
					<trkpt lat="43.430560" lon="5.419220">
						<ele>208</ele>
						<time>2025-01-21T10:42:48Z</time>
					</trkpt>
					<trkpt lat="43.430710" lon="5.419250">
						<ele>209</ele>
						<time>2025-01-21T10:42:51Z</time>
					</trkpt>
					<trkpt lat="43.430850" lon="5.419350">
						<ele>209</ele>
						<time>2025-01-21T10:42:53Z</time>
					</trkpt>
					<trkpt lat="43.430900" lon="5.419540">
						<ele>210</ele>
						<time>2025-01-21T10:42:56Z</time>
					</trkpt>
					<trkpt lat="43.430910" lon="5.419820">
						<ele>211</ele>
						<time>2025-01-21T10:43:00Z</time>
					</trkpt>
					<trkpt lat="43.430820" lon="5.420840">
						<ele>213</ele>
						<time>2025-01-21T10:43:13Z</time>
					</trkpt>
					<trkpt lat="43.430820" lon="5.421260">
						<ele>212</ele>
						<time>2025-01-21T10:43:18Z</time>
					</trkpt>
					<trkpt lat="43.430860" lon="5.421950">
						<ele>211</ele>
						<time>2025-01-21T10:43:27Z</time>
					</trkpt>
					<trkpt lat="43.430990" lon="5.422720">
						<ele>213</ele>
						<time>2025-01-21T10:43:38Z</time>
					</trkpt>
					<trkpt lat="43.431010" lon="5.423080">
						<ele>213</ele>
						<time>2025-01-21T10:43:42Z</time>
					</trkpt>
					<trkpt lat="43.430970" lon="5.423300">
						<ele>214</ele>
						<time>2025-01-21T10:43:45Z</time>
					</trkpt>
					<trkpt lat="43.430710" lon="5.424070">
						<ele>212</ele>
						<time>2025-01-21T10:43:56Z</time>
					</trkpt>
					<trkpt lat="43.430020" lon="5.426590">
						<ele>212</ele>
						<time>2025-01-21T10:44:31Z</time>
					</trkpt>
					<trkpt lat="43.429210" lon="5.428710">
						<ele>224</ele>
						<time>2025-01-21T10:45:02Z</time>
					</trkpt>
					<trkpt lat="43.429170" lon="5.430770">
						<ele>231</ele>
						<time>2025-01-21T10:45:28Z</time>
					</trkpt>
					<trkpt lat="43.429010" lon="5.434260">
						<ele>252</ele>
						<time>2025-01-21T10:46:14Z</time>
					</trkpt>
					<trkpt lat="43.429000" lon="5.435880">
						<ele>244</ele>
						<time>2025-01-21T10:46:35Z</time>
					</trkpt>
					<trkpt lat="43.429030" lon="5.436520">
						<ele>237</ele>
						<time>2025-01-21T10:46:43Z</time>
					</trkpt>
					<trkpt lat="43.429090" lon="5.437130">
						<ele>237</ele>
						<time>2025-01-21T10:46:51Z</time>
					</trkpt>
					<trkpt lat="43.429140" lon="5.437400">
						<ele>239</ele>
						<time>2025-01-21T10:46:54Z</time>
					</trkpt>
					<trkpt lat="43.429250" lon="5.437740">
						<ele>240</ele>
						<time>2025-01-21T10:46:59Z</time>
					</trkpt>
					<trkpt lat="43.429310" lon="5.438060">
						<ele>242</ele>
						<time>2025-01-21T10:47:04Z</time>
					</trkpt>
					<trkpt lat="43.429320" lon="5.438360">
						<ele>244</ele>
						<time>2025-01-21T10:47:07Z</time>
					</trkpt>
					<trkpt lat="43.429260" lon="5.440770">
						<ele>251</ele>
						<time>2025-01-21T10:47:39Z</time>
					</trkpt>
					<trkpt lat="43.429290" lon="5.441130">
						<ele>252</ele>
						<time>2025-01-21T10:47:43Z</time>
					</trkpt>
					<trkpt lat="43.429460" lon="5.441790">
						<ele>251</ele>
						<time>2025-01-21T10:47:52Z</time>
					</trkpt>
					<trkpt lat="43.429550" lon="5.442510">
						<ele>252</ele>
						<time>2025-01-21T10:48:02Z</time>
					</trkpt>
					<trkpt lat="43.429640" lon="5.442830">
						<ele>251</ele>
						<time>2025-01-21T10:48:06Z</time>
					</trkpt>
					<trkpt lat="43.429760" lon="5.443140">
						<ele>249</ele>
						<time>2025-01-21T10:48:11Z</time>
					</trkpt>
					<trkpt lat="43.429970" lon="5.443530">
						<ele>244</ele>
						<time>2025-01-21T10:48:17Z</time>
					</trkpt>
					<trkpt lat="43.430040" lon="5.443800">
						<ele>243</ele>
						<time>2025-01-21T10:48:21Z</time>
					</trkpt>
					<trkpt lat="43.429980" lon="5.445780">
						<ele>239</ele>
						<time>2025-01-21T10:48:46Z</time>
					</trkpt>
					<trkpt lat="43.429980" lon="5.449780">
						<ele>245</ele>
						<time>2025-01-21T10:49:38Z</time>
					</trkpt>
					<trkpt lat="43.429910" lon="5.450270">
						<ele>247</ele>
						<time>2025-01-21T10:49:44Z</time>
					</trkpt>
					<trkpt lat="43.429590" lon="5.451450">
						<ele>253</ele>
						<time>2025-01-21T10:50:01Z</time>
					</trkpt>
					<trkpt lat="43.429180" lon="5.453310">
						<ele>246</ele>
						<time>2025-01-21T10:50:26Z</time>
					</trkpt>
					<trkpt lat="43.429170" lon="5.453500">
						<ele>246</ele>
						<time>2025-01-21T10:50:28Z</time>
					</trkpt>
					<trkpt lat="43.429170" lon="5.453720">
						<ele>246</ele>
						<time>2025-01-21T10:50:31Z</time>
					</trkpt>
					<trkpt lat="43.429250" lon="5.454220">
						<ele>248</ele>
						<time>2025-01-21T10:50:38Z</time>
					</trkpt>
					<trkpt lat="43.429510" lon="5.454960">
						<ele>253</ele>
						<time>2025-01-21T10:50:48Z</time>
					</trkpt>
					<trkpt lat="43.429570" lon="5.455230">
						<ele>254</ele>
						<time>2025-01-21T10:50:52Z</time>
					</trkpt>
					<trkpt lat="43.429570" lon="5.455780">
						<ele>257</ele>
						<time>2025-01-21T10:50:59Z</time>
					</trkpt>
					<trkpt lat="43.429390" lon="5.456550">
						<ele>260</ele>
						<time>2025-01-21T10:51:10Z</time>
					</trkpt>
					<trkpt lat="43.428960" lon="5.458030">
						<ele>264</ele>
						<time>2025-01-21T10:51:30Z</time>
					</trkpt>
					<trkpt lat="43.428510" lon="5.458970">
						<ele>266</ele>
						<time>2025-01-21T10:51:45Z</time>
					</trkpt>
					<trkpt lat="43.428270" lon="5.459820">
						<ele>270</ele>
						<time>2025-01-21T10:51:57Z</time>
					</trkpt>
					<trkpt lat="43.428100" lon="5.460150">
						<ele>271</ele>
						<time>2025-01-21T10:52:02Z</time>
					</trkpt>
					<trkpt lat="43.427800" lon="5.460550">
						<ele>272</ele>
						<time>2025-01-21T10:52:09Z</time>
					</trkpt>
					<trkpt lat="43.427510" lon="5.461000">
						<ele>273</ele>
						<time>2025-01-21T10:52:17Z</time>
					</trkpt>
					<trkpt lat="43.427390" lon="5.461270">
						<ele>275</ele>
						<time>2025-01-21T10:52:21Z</time>
					</trkpt>
					<trkpt lat="43.427260" lon="5.461890">
						<ele>279</ele>
						<time>2025-01-21T10:52:29Z</time>
					</trkpt>
					<trkpt lat="43.427220" lon="5.462190">
						<ele>281</ele>
						<time>2025-01-21T10:52:33Z</time>
					</trkpt>
					<trkpt lat="43.427270" lon="5.462800">
						<ele>286</ele>
						<time>2025-01-21T10:52:41Z</time>
					</trkpt>
					<trkpt lat="43.427180" lon="5.463360">
						<ele>287</ele>
						<time>2025-01-21T10:52:49Z</time>
					</trkpt>
					<trkpt lat="43.427090" lon="5.463670">
						<ele>286</ele>
						<time>2025-01-21T10:52:53Z</time>
					</trkpt>
					<trkpt lat="43.426070" lon="5.466550">
						<ele>291</ele>
						<time>2025-01-21T10:53:34Z</time>
					</trkpt>
					<trkpt lat="43.425600" lon="5.468160">
						<ele>302</ele>
						<time>2025-01-21T10:53:57Z</time>
					</trkpt>
					<trkpt lat="43.425470" lon="5.468700">
						<ele>305</ele>
						<time>2025-01-21T10:54:04Z</time>
					</trkpt>
					<trkpt lat="43.425160" lon="5.470270">
						<ele>310</ele>
						<time>2025-01-21T10:54:25Z</time>
					</trkpt>
					<trkpt lat="43.424820" lon="5.472830">
						<ele>312</ele>
						<time>2025-01-21T10:54:59Z</time>
					</trkpt>
					<trkpt lat="43.424480" lon="5.474310">
						<ele>316</ele>
						<time>2025-01-21T10:55:19Z</time>
					</trkpt>
					<trkpt lat="43.424210" lon="5.475750">
						<ele>319</ele>
						<time>2025-01-21T10:55:38Z</time>
					</trkpt>
					<trkpt lat="43.424020" lon="5.477250">
						<ele>325</ele>
						<time>2025-01-21T10:55:58Z</time>
					</trkpt>
					<trkpt lat="43.423860" lon="5.478240">
						<ele>327</ele>
						<time>2025-01-21T10:56:11Z</time>
					</trkpt>
					<trkpt lat="43.423750" lon="5.478720">
						<ele>328</ele>
						<time>2025-01-21T10:56:17Z</time>
					</trkpt>
					<trkpt lat="43.423770" lon="5.479120">
						<ele>328</ele>
						<time>2025-01-21T10:56:23Z</time>
					</trkpt>
					<trkpt lat="43.423730" lon="5.480290">
						<ele>333</ele>
						<time>2025-01-21T10:56:38Z</time>
					</trkpt>
					<trkpt lat="43.423740" lon="5.481080">
						<ele>338</ele>
						<time>2025-01-21T10:56:48Z</time>
					</trkpt>
					<trkpt lat="43.423590" lon="5.484120">
						<ele>362</ele>
						<time>2025-01-21T10:57:27Z</time>
					</trkpt>
					<trkpt lat="43.422680" lon="5.490620">
						<ele>387</ele>
						<time>2025-01-21T10:58:53Z</time>
					</trkpt>
					<trkpt lat="43.422610" lon="5.491010">
						<ele>387</ele>
						<time>2025-01-21T10:58:58Z</time>
					</trkpt>
					<trkpt lat="43.422360" lon="5.491830">
						<ele>388</ele>
						<time>2025-01-21T10:59:09Z</time>
					</trkpt>
					<trkpt lat="43.421700" lon="5.493390">
						<ele>393</ele>
						<time>2025-01-21T10:59:33Z</time>
					</trkpt>
					<trkpt lat="43.421560" lon="5.493810">
						<ele>396</ele>
						<time>2025-01-21T10:59:39Z</time>
					</trkpt>
					<trkpt lat="43.421060" lon="5.496700">
						<ele>402</ele>
						<time>2025-01-21T11:00:17Z</time>
					</trkpt>
					<trkpt lat="43.420960" lon="5.497060">
						<ele>402</ele>
						<time>2025-01-21T11:00:22Z</time>
					</trkpt>
					<trkpt lat="43.420780" lon="5.497540">
						<ele>403</ele>
						<time>2025-01-21T11:00:29Z</time>
					</trkpt>
					<trkpt lat="43.420240" lon="5.498450">
						<ele>408</ele>
						<time>2025-01-21T11:00:44Z</time>
					</trkpt>
					<trkpt lat="43.420030" lon="5.498710">
						<ele>410</ele>
						<time>2025-01-21T11:00:49Z</time>
					</trkpt>
					<trkpt lat="43.419700" lon="5.498990">
						<ele>411</ele>
						<time>2025-01-21T11:00:56Z</time>
					</trkpt>
					<trkpt lat="43.419340" lon="5.499160">
						<ele>413</ele>
						<time>2025-01-21T11:01:03Z</time>
					</trkpt>
					<trkpt lat="43.418970" lon="5.499240">
						<ele>416</ele>
						<time>2025-01-21T11:01:10Z</time>
					</trkpt>
					<trkpt lat="43.418820" lon="5.499240">
						<ele>416</ele>
						<time>2025-01-21T11:01:12Z</time>
					</trkpt>
					<trkpt lat="43.417330" lon="5.499070">
						<ele>424</ele>
						<time>2025-01-21T11:01:39Z</time>
					</trkpt>
					<trkpt lat="43.416940" lon="5.499130">
						<ele>429</ele>
						<time>2025-01-21T11:01:46Z</time>
					</trkpt>
					<trkpt lat="43.416740" lon="5.499210">
						<ele>430</ele>
						<time>2025-01-21T11:01:50Z</time>
					</trkpt>
					<trkpt lat="43.416550" lon="5.499310">
						<ele>432</ele>
						<time>2025-01-21T11:01:53Z</time>
					</trkpt>
					<trkpt lat="43.416280" lon="5.499530">
						<ele>432</ele>
						<time>2025-01-21T11:01:59Z</time>
					</trkpt>
					<trkpt lat="43.416020" lon="5.499800">
						<ele>431</ele>
						<time>2025-01-21T11:02:05Z</time>
					</trkpt>
					<trkpt lat="43.415750" lon="5.500240">
						<ele>428</ele>
						<time>2025-01-21T11:02:12Z</time>
					</trkpt>
					<trkpt lat="43.415640" lon="5.500490">
						<ele>425</ele>
						<time>2025-01-21T11:02:16Z</time>
					</trkpt>
					<trkpt lat="43.415510" lon="5.500930">
						<ele>420</ele>
						<time>2025-01-21T11:02:22Z</time>
					</trkpt>
					<trkpt lat="43.415450" lon="5.501240">
						<ele>422</ele>
						<time>2025-01-21T11:02:26Z</time>
					</trkpt>
					<trkpt lat="43.415430" lon="5.501830">
						<ele>427</ele>
						<time>2025-01-21T11:02:34Z</time>
					</trkpt>
					<trkpt lat="43.415450" lon="5.502090">
						<ele>431</ele>
						<time>2025-01-21T11:02:37Z</time>
					</trkpt>
					<trkpt lat="43.415600" lon="5.502730">
						<ele>437</ele>
						<time>2025-01-21T11:02:46Z</time>
					</trkpt>
					<trkpt lat="43.415730" lon="5.503060">
						<ele>438</ele>
						<time>2025-01-21T11:02:51Z</time>
					</trkpt>
					<trkpt lat="43.415850" lon="5.503290">
						<ele>436</ele>
						<time>2025-01-21T11:02:54Z</time>
					</trkpt>
					<trkpt lat="43.416020" lon="5.503540">
						<ele>438</ele>
						<time>2025-01-21T11:02:59Z</time>
					</trkpt>
					<trkpt lat="43.416190" lon="5.503730">
						<ele>439</ele>
						<time>2025-01-21T11:03:03Z</time>
					</trkpt>
					<trkpt lat="43.416420" lon="5.503930">
						<ele>440</ele>
						<time>2025-01-21T11:03:08Z</time>
					</trkpt>
					<trkpt lat="43.416560" lon="5.504000">
						<ele>439</ele>
						<time>2025-01-21T11:03:10Z</time>
					</trkpt>
					<trkpt lat="43.416830" lon="5.504060">
						<ele>439</ele>
						<time>2025-01-21T11:03:15Z</time>
					</trkpt>
					<trkpt lat="43.416940" lon="5.504110">
						<ele>439</ele>
						<time>2025-01-21T11:03:17Z</time>
					</trkpt>
					<trkpt lat="43.417010" lon="5.504180">
						<ele>440</ele>
						<time>2025-01-21T11:03:19Z</time>
					</trkpt>
					<trkpt lat="43.417070" lon="5.504280">
						<ele>440</ele>
						<time>2025-01-21T11:03:20Z</time>
					</trkpt>
					<trkpt lat="43.417200" lon="5.504750">
						<ele>442</ele>
						<time>2025-01-21T11:03:27Z</time>
					</trkpt>
					<trkpt lat="43.417280" lon="5.504900">
						<ele>443</ele>
						<time>2025-01-21T11:03:29Z</time>
					</trkpt>
					<trkpt lat="43.417840" lon="5.505630">
						<ele>441</ele>
						<time>2025-01-21T11:03:43Z</time>
					</trkpt>
					<trkpt lat="43.418360" lon="5.506390">
						<ele>438</ele>
						<time>2025-01-21T11:03:56Z</time>
					</trkpt>
					<trkpt lat="43.418600" lon="5.506850">
						<ele>437</ele>
						<time>2025-01-21T11:04:04Z</time>
					</trkpt>
					<trkpt lat="43.418700" lon="5.507180">
						<ele>437</ele>
						<time>2025-01-21T11:04:08Z</time>
					</trkpt>
					<trkpt lat="43.419030" lon="5.509170">
						<ele>446</ele>
						<time>2025-01-21T11:04:35Z</time>
					</trkpt>
					<trkpt lat="43.419030" lon="5.509970">
						<ele>451</ele>
						<time>2025-01-21T11:04:45Z</time>
					</trkpt>
					<trkpt lat="43.418940" lon="5.510490">
						<ele>454</ele>
						<time>2025-01-21T11:04:52Z</time>
					</trkpt>
					<trkpt lat="43.417920" lon="5.514460">
						<ele>452</ele>
						<time>2025-01-21T11:05:46Z</time>
					</trkpt>
					<trkpt lat="43.417710" lon="5.515630">
						<ele>452</ele>
						<time>2025-01-21T11:06:02Z</time>
					</trkpt>
					<trkpt lat="43.417540" lon="5.516130">
						<ele>453</ele>
						<time>2025-01-21T11:06:09Z</time>
					</trkpt>
					<trkpt lat="43.417320" lon="5.516630">
						<ele>454</ele>
						<time>2025-01-21T11:06:17Z</time>
					</trkpt>
					<trkpt lat="43.417180" lon="5.516870">
						<ele>455</ele>
						<time>2025-01-21T11:06:21Z</time>
					</trkpt>
					<trkpt lat="43.416890" lon="5.517270">
						<ele>455</ele>
						<time>2025-01-21T11:06:28Z</time>
					</trkpt>
					<trkpt lat="43.416340" lon="5.517940">
						<ele>453</ele>
						<time>2025-01-21T11:06:41Z</time>
					</trkpt>
					<trkpt lat="43.416100" lon="5.518360">
						<ele>452</ele>
						<time>2025-01-21T11:06:48Z</time>
					</trkpt>
					<trkpt lat="43.416000" lon="5.518620">
						<ele>451</ele>
						<time>2025-01-21T11:06:52Z</time>
					</trkpt>
					<trkpt lat="43.415490" lon="5.519560">
						<ele>448</ele>
						<time>2025-01-21T11:07:07Z</time>
					</trkpt>
					<trkpt lat="43.414440" lon="5.521140">
						<ele>445</ele>
						<time>2025-01-21T11:07:35Z</time>
					</trkpt>
					<trkpt lat="43.413750" lon="5.522230">
						<ele>438</ele>
						<time>2025-01-21T11:07:53Z</time>
					</trkpt>
					<trkpt lat="43.412950" lon="5.523740">
						<ele>435</ele>
						<time>2025-01-21T11:08:17Z</time>
					</trkpt>
					<trkpt lat="43.412880" lon="5.523810">
						<ele>435</ele>
						<time>2025-01-21T11:08:19Z</time>
					</trkpt>
					<trkpt lat="43.412640" lon="5.524250">
						<ele>432</ele>
						<time>2025-01-21T11:08:26Z</time>
					</trkpt>
					<trkpt lat="43.412510" lon="5.524400">
						<ele>431</ele>
						<time>2025-01-21T11:08:29Z</time>
					</trkpt>
					<trkpt lat="43.412330" lon="5.524520">
						<ele>430</ele>
						<time>2025-01-21T11:08:33Z</time>
					</trkpt>
					<trkpt lat="43.412320" lon="5.524720">
						<ele>428</ele>
						<time>2025-01-21T11:08:35Z</time>
					</trkpt>
					<trkpt lat="43.412350" lon="5.524830">
						<ele>428</ele>
						<time>2025-01-21T11:08:37Z</time>
					</trkpt>
					<trkpt lat="43.412480" lon="5.525050">
						<ele>426</ele>
						<time>2025-01-21T11:08:40Z</time>
					</trkpt>
					<trkpt lat="43.412520" lon="5.525270">
						<ele>425</ele>
						<time>2025-01-21T11:08:43Z</time>
					</trkpt>
					<trkpt lat="43.412420" lon="5.526310">
						<ele>421</ele>
						<time>2025-01-21T11:08:57Z</time>
					</trkpt>
					<trkpt lat="43.412210" lon="5.526770">
						<ele>419</ele>
						<time>2025-01-21T11:09:04Z</time>
					</trkpt>
					<trkpt lat="43.412050" lon="5.527530">
						<ele>418</ele>
						<time>2025-01-21T11:09:14Z</time>
					</trkpt>
					<trkpt lat="43.412130" lon="5.528900">
						<ele>410</ele>
						<time>2025-01-21T11:09:32Z</time>
					</trkpt>
					<trkpt lat="43.412050" lon="5.530250">
						<ele>399</ele>
						<time>2025-01-21T11:09:49Z</time>
					</trkpt>
					<trkpt lat="43.411930" lon="5.530960">
						<ele>393</ele>
						<time>2025-01-21T11:09:59Z</time>
					</trkpt>
					<trkpt lat="43.411920" lon="5.531220">
						<ele>392</ele>
						<time>2025-01-21T11:10:02Z</time>
					</trkpt>
					<trkpt lat="43.411920" lon="5.531470">
						<ele>391</ele>
						<time>2025-01-21T11:10:05Z</time>
					</trkpt>
					<trkpt lat="43.411990" lon="5.532240">
						<ele>386</ele>
						<time>2025-01-21T11:10:16Z</time>
					</trkpt>
					<trkpt lat="43.412040" lon="5.533530">
						<ele>376</ele>
						<time>2025-01-21T11:10:32Z</time>
					</trkpt>
					<trkpt lat="43.412090" lon="5.533750">
						<ele>375</ele>
						<time>2025-01-21T11:10:35Z</time>
					</trkpt>
					<trkpt lat="43.412190" lon="5.534010">
						<ele>374</ele>
						<time>2025-01-21T11:10:39Z</time>
					</trkpt>
					<trkpt lat="43.412620" lon="5.535000">
						<ele>370</ele>
						<time>2025-01-21T11:10:54Z</time>
					</trkpt>
					<trkpt lat="43.413060" lon="5.535380">
						<ele>368</ele>
						<time>2025-01-21T11:11:03Z</time>
					</trkpt>
					<trkpt lat="43.414100" lon="5.536080">
						<ele>363</ele>
						<time>2025-01-21T11:11:24Z</time>
					</trkpt>
					<trkpt lat="43.414580" lon="5.536520">
						<ele>362</ele>
						<time>2025-01-21T11:11:34Z</time>
					</trkpt>
					<trkpt lat="43.414960" lon="5.537290">
						<ele>357</ele>
						<time>2025-01-21T11:11:46Z</time>
					</trkpt>
					<trkpt lat="43.415120" lon="5.537530">
						<ele>355</ele>
						<time>2025-01-21T11:11:50Z</time>
					</trkpt>
					<trkpt lat="43.416540" lon="5.539010">
						<ele>348</ele>
						<time>2025-01-21T11:12:22Z</time>
					</trkpt>
					<trkpt lat="43.416790" lon="5.539370">
						<ele>347</ele>
						<time>2025-01-21T11:12:28Z</time>
					</trkpt>
					<trkpt lat="43.417070" lon="5.539860">
						<ele>347</ele>
						<time>2025-01-21T11:12:36Z</time>
					</trkpt>
					<trkpt lat="43.417790" lon="5.541240">
						<ele>341</ele>
						<time>2025-01-21T11:12:58Z</time>
					</trkpt>
					<trkpt lat="43.418010" lon="5.541710">
						<ele>340</ele>
						<time>2025-01-21T11:13:06Z</time>
					</trkpt>
					<trkpt lat="43.418250" lon="5.541930">
						<ele>339</ele>
						<time>2025-01-21T11:13:11Z</time>
					</trkpt>
					<trkpt lat="43.418620" lon="5.542180">
						<ele>337</ele>
						<time>2025-01-21T11:13:18Z</time>
					</trkpt>
					<trkpt lat="43.419260" lon="5.542560">
						<ele>332</ele>
						<time>2025-01-21T11:13:30Z</time>
					</trkpt>
					<trkpt lat="43.420690" lon="5.542960">
						<ele>330</ele>
						<time>2025-01-21T11:13:56Z</time>
					</trkpt>
					<trkpt lat="43.420810" lon="5.543060">
						<ele>329</ele>
						<time>2025-01-21T11:13:59Z</time>
					</trkpt>
					<trkpt lat="43.420910" lon="5.543200">
						<ele>328</ele>
						<time>2025-01-21T11:14:01Z</time>
					</trkpt>
					<trkpt lat="43.421510" lon="5.544160">
						<ele>325</ele>
						<time>2025-01-21T11:14:18Z</time>
					</trkpt>
					<trkpt lat="43.421550" lon="5.544170">
						<ele>325</ele>
						<time>2025-01-21T11:14:19Z</time>
					</trkpt>
					<trkpt lat="43.421620" lon="5.544140">
						<ele>325</ele>
						<time>2025-01-21T11:14:20Z</time>
					</trkpt>
					<trkpt lat="43.421670" lon="5.544060">
						<ele>326</ele>
						<time>2025-01-21T11:14:21Z</time>
					</trkpt>
					<trkpt lat="43.421670" lon="5.543990">
						<ele>326</ele>
						<time>2025-01-21T11:14:22Z</time>
					</trkpt>
					<trkpt lat="43.421730" lon="5.543920">
						<ele>327</ele>
						<time>2025-01-21T11:14:24Z</time>
					</trkpt>
					<trkpt lat="43.421890" lon="5.543850">
						<ele>328</ele>
						<time>2025-01-21T11:14:27Z</time>
					</trkpt>
					<trkpt lat="43.421990" lon="5.543870">
						<ele>328</ele>
						<time>2025-01-21T11:14:28Z</time>
					</trkpt>
					<trkpt lat="43.423090" lon="5.544390">
						<ele>331</ele>
						<time>2025-01-21T11:14:49Z</time>
					</trkpt>
					<trkpt lat="43.423170" lon="5.544410">
						<ele>331</ele>
						<time>2025-01-21T11:14:50Z</time>
					</trkpt>
					<trkpt lat="43.423250" lon="5.544400">
						<ele>332</ele>
						<time>2025-01-21T11:14:52Z</time>
					</trkpt>
					<trkpt lat="43.423340" lon="5.544350">
						<ele>333</ele>
						<time>2025-01-21T11:14:54Z</time>
					</trkpt>
					<trkpt lat="43.423620" lon="5.544040">
						<ele>335</ele>
						<time>2025-01-21T11:15:00Z</time>
					</trkpt>
					<trkpt lat="43.423700" lon="5.544020">
						<ele>335</ele>
						<time>2025-01-21T11:15:01Z</time>
					</trkpt>
					<trkpt lat="43.423780" lon="5.544020">
						<ele>335</ele>
						<time>2025-01-21T11:15:03Z</time>
					</trkpt>
					<trkpt lat="43.424170" lon="5.544150">
						<ele>336</ele>
						<time>2025-01-21T11:15:10Z</time>
					</trkpt>
					<trkpt lat="43.425020" lon="5.544080">
						<ele>339</ele>
						<time>2025-01-21T11:15:25Z</time>
					</trkpt>
					<trkpt lat="43.425130" lon="5.544020">
						<ele>338</ele>
						<time>2025-01-21T11:15:27Z</time>
					</trkpt>
					<trkpt lat="43.425190" lon="5.543950">
						<ele>338</ele>
						<time>2025-01-21T11:15:29Z</time>
					</trkpt>
					<trkpt lat="43.425230" lon="5.543840">
						<ele>338</ele>
						<time>2025-01-21T11:15:30Z</time>
					</trkpt>
					<trkpt lat="43.425290" lon="5.543220">
						<ele>338</ele>
						<time>2025-01-21T11:15:38Z</time>
					</trkpt>
					<trkpt lat="43.425340" lon="5.542960">
						<ele>338</ele>
						<time>2025-01-21T11:15:42Z</time>
					</trkpt>
					<trkpt lat="43.425420" lon="5.542770">
						<ele>338</ele>
						<time>2025-01-21T11:15:45Z</time>
					</trkpt>
					<trkpt lat="43.425540" lon="5.542540">
						<ele>338</ele>
						<time>2025-01-21T11:15:48Z</time>
					</trkpt>
					<trkpt lat="43.425700" lon="5.542310">
						<ele>338</ele>
						<time>2025-01-21T11:15:52Z</time>
					</trkpt>
					<trkpt lat="43.425820" lon="5.542250">
						<ele>338</ele>
						<time>2025-01-21T11:15:55Z</time>
					</trkpt>
					<trkpt lat="43.425940" lon="5.542250">
						<ele>337</ele>
						<time>2025-01-21T11:15:57Z</time>
					</trkpt>
					<trkpt lat="43.426270" lon="5.542370">
						<ele>333</ele>
						<time>2025-01-21T11:16:03Z</time>
					</trkpt>
					<trkpt lat="43.426680" lon="5.542390">
						<ele>330</ele>
						<time>2025-01-21T11:16:10Z</time>
					</trkpt>
					<trkpt lat="43.427800" lon="5.542820">
						<ele>327</ele>
						<time>2025-01-21T11:16:31Z</time>
					</trkpt>
					<trkpt lat="43.428150" lon="5.542680">
						<ele>325</ele>
						<time>2025-01-21T11:16:37Z</time>
					</trkpt>
					<trkpt lat="43.428310" lon="5.542640">
						<ele>325</ele>
						<time>2025-01-21T11:16:40Z</time>
					</trkpt>
					<trkpt lat="43.429300" lon="5.542660">
						<ele>318</ele>
						<time>2025-01-21T11:16:58Z</time>
					</trkpt>
					<trkpt lat="43.429400" lon="5.542690">
						<ele>318</ele>
						<time>2025-01-21T11:17:00Z</time>
					</trkpt>
					<trkpt lat="43.429700" lon="5.542710">
						<ele>317</ele>
						<time>2025-01-21T11:17:05Z</time>
					</trkpt>
					<trkpt lat="43.430060" lon="5.542900">
						<ele>315</ele>
						<time>2025-01-21T11:17:12Z</time>
					</trkpt>
					<trkpt lat="43.430090" lon="5.542970">
						<ele>315</ele>
						<time>2025-01-21T11:17:13Z</time>
					</trkpt>
					<trkpt lat="43.430170" lon="5.543010">
						<ele>315</ele>
						<time>2025-01-21T11:17:14Z</time>
					</trkpt>
					<trkpt lat="43.430240" lon="5.542990">
						<ele>316</ele>
						<time>2025-01-21T11:17:16Z</time>
					</trkpt>
					<trkpt lat="43.430280" lon="5.542930">
						<ele>316</ele>
						<time>2025-01-21T11:17:17Z</time>
					</trkpt>
					<trkpt lat="43.430300" lon="5.542860">
						<ele>316</ele>
						<time>2025-01-21T11:17:18Z</time>
					</trkpt>
					<trkpt lat="43.430290" lon="5.542780">
						<ele>317</ele>
						<time>2025-01-21T11:17:19Z</time>
					</trkpt>
					<trkpt lat="43.430380" lon="5.542650">
						<ele>317</ele>
						<time>2025-01-21T11:17:21Z</time>
					</trkpt>
					<trkpt lat="43.432100" lon="5.541500">
						<ele>323</ele>
						<time>2025-01-21T11:17:55Z</time>
					</trkpt>
					<trkpt lat="43.432760" lon="5.541230">
						<ele>320</ele>
						<time>2025-01-21T11:18:07Z</time>
					</trkpt>
					<trkpt lat="43.432980" lon="5.541210">
						<ele>319</ele>
						<time>2025-01-21T11:18:11Z</time>
					</trkpt>
					<trkpt lat="43.433140" lon="5.541310">
						<ele>318</ele>
						<time>2025-01-21T11:18:14Z</time>
					</trkpt>
					<trkpt lat="43.433210" lon="5.541410">
						<ele>318</ele>
						<time>2025-01-21T11:18:16Z</time>
					</trkpt>
					<trkpt lat="43.433270" lon="5.541420">
						<ele>318</ele>
						<time>2025-01-21T11:18:17Z</time>
					</trkpt>
					<trkpt lat="43.433570" lon="5.541260">
						<ele>317</ele>
						<time>2025-01-21T11:18:23Z</time>
					</trkpt>
					<trkpt lat="43.433810" lon="5.541230">
						<ele>317</ele>
						<time>2025-01-21T11:18:27Z</time>
					</trkpt>
					<trkpt lat="43.434250" lon="5.541260">
						<ele>316</ele>
						<time>2025-01-21T11:18:35Z</time>
					</trkpt>
					<trkpt lat="43.434620" lon="5.541320">
						<ele>316</ele>
						<time>2025-01-21T11:18:42Z</time>
					</trkpt>
					<trkpt lat="43.434840" lon="5.541400">
						<ele>315</ele>
						<time>2025-01-21T11:18:46Z</time>
					</trkpt>
					<trkpt lat="43.434960" lon="5.541470">
						<ele>314</ele>
						<time>2025-01-21T11:18:48Z</time>
					</trkpt>
					<trkpt lat="43.434990" lon="5.541620">
						<ele>313</ele>
						<time>2025-01-21T11:18:50Z</time>
					</trkpt>
					<trkpt lat="43.435090" lon="5.541720">
						<ele>313</ele>
						<time>2025-01-21T11:18:52Z</time>
					</trkpt>
					<trkpt lat="43.435200" lon="5.541720">
						<ele>312</ele>
						<time>2025-01-21T11:18:54Z</time>
					</trkpt>
					<trkpt lat="43.435280" lon="5.541630">
						<ele>313</ele>
						<time>2025-01-21T11:18:56Z</time>
					</trkpt>
					<trkpt lat="43.435490" lon="5.541670">
						<ele>312</ele>
						<time>2025-01-21T11:19:00Z</time>
					</trkpt>
					<trkpt lat="43.435660" lon="5.541750">
						<ele>311</ele>
						<time>2025-01-21T11:19:03Z</time>
					</trkpt>
					<trkpt lat="43.436240" lon="5.542240">
						<ele>309</ele>
						<time>2025-01-21T11:19:15Z</time>
					</trkpt>
					<trkpt lat="43.436710" lon="5.542710">
						<ele>307</ele>
						<time>2025-01-21T11:19:26Z</time>
					</trkpt>
					<trkpt lat="43.436930" lon="5.543050">
						<ele>306</ele>
						<time>2025-01-21T11:19:32Z</time>
					</trkpt>
					<trkpt lat="43.437240" lon="5.543700">
						<ele>302</ele>
						<time>2025-01-21T11:19:42Z</time>
					</trkpt>
					<trkpt lat="43.437550" lon="5.544580">
						<ele>293</ele>
						<time>2025-01-21T11:19:54Z</time>
					</trkpt>
					<trkpt lat="43.438390" lon="5.547390">
						<ele>285</ele>
						<time>2025-01-21T11:20:33Z</time>
					</trkpt>
					<trkpt lat="43.438570" lon="5.547890">
						<ele>284</ele>
						<time>2025-01-21T11:20:41Z</time>
					</trkpt>
					<trkpt lat="43.438860" lon="5.548520">
						<ele>283</ele>
						<time>2025-01-21T11:20:50Z</time>
					</trkpt>
					<trkpt lat="43.439290" lon="5.549170">
						<ele>281</ele>
						<time>2025-01-21T11:21:02Z</time>
					</trkpt>
					<trkpt lat="43.439540" lon="5.549480">
						<ele>280</ele>
						<time>2025-01-21T11:21:08Z</time>
					</trkpt>
					<trkpt lat="43.439820" lon="5.549750">
						<ele>279</ele>
						<time>2025-01-21T11:21:14Z</time>
					</trkpt>
					<trkpt lat="43.440840" lon="5.550480">
						<ele>279</ele>
						<time>2025-01-21T11:21:34Z</time>
					</trkpt>
					<trkpt lat="43.442880" lon="5.551420">
						<ele>276</ele>
						<time>2025-01-21T11:22:12Z</time>
					</trkpt>
					<trkpt lat="43.443230" lon="5.551650">
						<ele>275</ele>
						<time>2025-01-21T11:22:19Z</time>
					</trkpt>
					<trkpt lat="43.443460" lon="5.551850">
						<ele>274</ele>
						<time>2025-01-21T11:22:24Z</time>
					</trkpt>
					<trkpt lat="43.443880" lon="5.552330">
						<ele>273</ele>
						<time>2025-01-21T11:22:34Z</time>
					</trkpt>
					<trkpt lat="43.443960" lon="5.552520">
						<ele>273</ele>
						<time>2025-01-21T11:22:37Z</time>
					</trkpt>
					<trkpt lat="43.443950" lon="5.552620">
						<ele>272</ele>
						<time>2025-01-21T11:22:38Z</time>
					</trkpt>
					<trkpt lat="43.443980" lon="5.552730">
						<ele>272</ele>
						<time>2025-01-21T11:22:40Z</time>
					</trkpt>
					<trkpt lat="43.444050" lon="5.552810">
						<ele>272</ele>
						<time>2025-01-21T11:22:41Z</time>
					</trkpt>
					<trkpt lat="43.444150" lon="5.552830">
						<ele>272</ele>
						<time>2025-01-21T11:22:43Z</time>
					</trkpt>
					<trkpt lat="43.444340" lon="5.552950">
						<ele>272</ele>
						<time>2025-01-21T11:22:47Z</time>
					</trkpt>
					<trkpt lat="43.445290" lon="5.554130">
						<ele>269</ele>
						<time>2025-01-21T11:23:09Z</time>
					</trkpt>
					<trkpt lat="43.445480" lon="5.554300">
						<ele>268</ele>
						<time>2025-01-21T11:23:13Z</time>
					</trkpt>
					<trkpt lat="43.445460" lon="5.554340">
						<ele>269</ele>
						<time>2025-01-21T11:23:14Z</time>
					</trkpt>
					<trkpt lat="43.445620" lon="5.554460">
						<ele>269</ele>
						<time>2025-01-21T11:23:17Z</time>
					</trkpt>
					<trkpt lat="43.445830" lon="5.554570">
						<ele>268</ele>
						<time>2025-01-21T11:23:21Z</time>
					</trkpt>
					<trkpt lat="43.445840" lon="5.554550">
						<ele>268</ele>
						<time>2025-01-21T11:23:22Z</time>
					</trkpt>
					<trkpt lat="43.445960" lon="5.554600">
						<ele>270</ele>
						<time>2025-01-21T11:23:24Z</time>
					</trkpt>
					<trkpt lat="43.445940" lon="5.554600">
						<ele>269</ele>
						<time>2025-01-21T11:23:24Z</time>
					</trkpt>
					<trkpt lat="43.445920" lon="5.554960">
						<ele>272</ele>
						<time>2025-01-21T11:23:29Z</time>
					</trkpt>
					<trkpt lat="43.445440" lon="5.555590">
						<ele>273</ele>
						<time>2025-01-21T11:23:41Z</time>
					</trkpt>
					<trkpt lat="43.444970" lon="5.556720">
						<ele>280</ele>
						<time>2025-01-21T11:23:58Z</time>
					</trkpt>
					<trkpt lat="43.444910" lon="5.557110">
						<ele>283</ele>
						<time>2025-01-21T11:24:03Z</time>
					</trkpt>
					<trkpt lat="43.444910" lon="5.557310">
						<ele>285</ele>
						<time>2025-01-21T11:24:05Z</time>
					</trkpt>
					<trkpt lat="43.445110" lon="5.558450">
						<ele>290</ele>
						<time>2025-01-21T11:24:20Z</time>
					</trkpt>
					<trkpt lat="43.445220" lon="5.558950">
						<ele>292</ele>
						<time>2025-01-21T11:24:27Z</time>
					</trkpt>
					<trkpt lat="43.445220" lon="5.559180">
						<ele>293</ele>
						<time>2025-01-21T11:24:30Z</time>
					</trkpt>
					<trkpt lat="43.445180" lon="5.559370">
						<ele>294</ele>
						<time>2025-01-21T11:24:33Z</time>
					</trkpt>
					<trkpt lat="43.445200" lon="5.559470">
						<ele>294</ele>
						<time>2025-01-21T11:24:34Z</time>
					</trkpt>
					<trkpt lat="43.445310" lon="5.559580">
						<ele>293</ele>
						<time>2025-01-21T11:24:36Z</time>
					</trkpt>
					<trkpt lat="43.445610" lon="5.560110">
						<ele>291</ele>
						<time>2025-01-21T11:24:45Z</time>
					</trkpt>
					<trkpt lat="43.445800" lon="5.560270">
						<ele>289</ele>
						<time>2025-01-21T11:24:49Z</time>
					</trkpt>
					<trkpt lat="43.446000" lon="5.560510">
						<ele>286</ele>
						<time>2025-01-21T11:24:54Z</time>
					</trkpt>
					<trkpt lat="43.446120" lon="5.560700">
						<ele>284</ele>
						<time>2025-01-21T11:24:57Z</time>
					</trkpt>
					<trkpt lat="43.446170" lon="5.560800">
						<ele>283</ele>
						<time>2025-01-21T11:24:59Z</time>
					</trkpt>
					<trkpt lat="43.446340" lon="5.561380">
						<ele>280</ele>
						<time>2025-01-21T11:25:07Z</time>
					</trkpt>
					<trkpt lat="43.446520" lon="5.561740">
						<ele>279</ele>
						<time>2025-01-21T11:25:12Z</time>
					</trkpt>
					<trkpt lat="43.446830" lon="5.562270">
						<ele>278</ele>
						<time>2025-01-21T11:25:21Z</time>
					</trkpt>
					<trkpt lat="43.447270" lon="5.563350">
						<ele>277</ele>
						<time>2025-01-21T11:25:37Z</time>
					</trkpt>
					<trkpt lat="43.447390" lon="5.564290">
						<ele>279</ele>
						<time>2025-01-21T11:25:49Z</time>
					</trkpt>
					<trkpt lat="43.447370" lon="5.564660">
						<ele>282</ele>
						<time>2025-01-21T11:25:54Z</time>
					</trkpt>
					<trkpt lat="43.447220" lon="5.565290">
						<ele>286</ele>
						<time>2025-01-21T11:26:03Z</time>
					</trkpt>
					<trkpt lat="43.447170" lon="5.565800">
						<ele>289</ele>
						<time>2025-01-21T11:26:09Z</time>
					</trkpt>
					<trkpt lat="43.447230" lon="5.566080">
						<ele>289</ele>
						<time>2025-01-21T11:26:13Z</time>
					</trkpt>
					<trkpt lat="43.447200" lon="5.566150">
						<ele>290</ele>
						<time>2025-01-21T11:26:14Z</time>
					</trkpt>
					<trkpt lat="43.447200" lon="5.566240">
						<ele>290</ele>
						<time>2025-01-21T11:26:15Z</time>
					</trkpt>
					<trkpt lat="43.447230" lon="5.566310">
						<ele>290</ele>
						<time>2025-01-21T11:26:17Z</time>
					</trkpt>
					<trkpt lat="43.447300" lon="5.566360">
						<ele>289</ele>
						<time>2025-01-21T11:26:18Z</time>
					</trkpt>
					<trkpt lat="43.447380" lon="5.566340">
						<ele>288</ele>
						<time>2025-01-21T11:26:19Z</time>
					</trkpt>
					<trkpt lat="43.447360" lon="5.566560">
						<ele>289</ele>
						<time>2025-01-21T11:26:22Z</time>
					</trkpt>
					<trkpt lat="43.447110" lon="5.567080">
						<ele>287</ele>
						<time>2025-01-21T11:26:30Z</time>
					</trkpt>
					<trkpt lat="43.447090" lon="5.567300">
						<ele>285</ele>
						<time>2025-01-21T11:26:33Z</time>
					</trkpt>
					<trkpt lat="43.447110" lon="5.567700">
						<ele>281</ele>
						<time>2025-01-21T11:26:38Z</time>
					</trkpt>
					<trkpt lat="43.447240" lon="5.568700">
						<ele>277</ele>
						<time>2025-01-21T11:26:51Z</time>
					</trkpt>
					<trkpt lat="43.447580" lon="5.570310">
						<ele>277</ele>
						<time>2025-01-21T11:27:13Z</time>
					</trkpt>
					<trkpt lat="43.447600" lon="5.571220">
						<ele>280</ele>
						<time>2025-01-21T11:27:25Z</time>
					</trkpt>
					<trkpt lat="43.447390" lon="5.572190">
						<ele>282</ele>
						<time>2025-01-21T11:27:38Z</time>
					</trkpt>
					<trkpt lat="43.446790" lon="5.573960">
						<ele>295</ele>
						<time>2025-01-21T11:28:03Z</time>
					</trkpt>
					<trkpt lat="43.446240" lon="5.576310">
						<ele>303</ele>
						<time>2025-01-21T11:28:35Z</time>
					</trkpt>
					<trkpt lat="43.446080" lon="5.576820">
						<ele>305</ele>
						<time>2025-01-21T11:28:42Z</time>
					</trkpt>
					<trkpt lat="43.445820" lon="5.577380">
						<ele>307</ele>
						<time>2025-01-21T11:28:51Z</time>
					</trkpt>
					<trkpt lat="43.445610" lon="5.578150">
						<ele>313</ele>
						<time>2025-01-21T11:29:01Z</time>
					</trkpt>
					<trkpt lat="43.445500" lon="5.578420">
						<ele>314</ele>
						<time>2025-01-21T11:29:05Z</time>
					</trkpt>
					<trkpt lat="43.445200" lon="5.579020">
						<ele>314</ele>
						<time>2025-01-21T11:29:15Z</time>
					</trkpt>
					<trkpt lat="43.444560" lon="5.579970">
						<ele>315</ele>
						<time>2025-01-21T11:29:32Z</time>
					</trkpt>
					<trkpt lat="43.444450" lon="5.580090">
						<ele>315</ele>
						<time>2025-01-21T11:29:34Z</time>
					</trkpt>
					<trkpt lat="43.444300" lon="5.580210">
						<ele>314</ele>
						<time>2025-01-21T11:29:37Z</time>
					</trkpt>
					<trkpt lat="43.443710" lon="5.580480">
						<ele>316</ele>
						<time>2025-01-21T11:29:48Z</time>
					</trkpt>
					<trkpt lat="43.443400" lon="5.580570">
						<ele>318</ele>
						<time>2025-01-21T11:29:54Z</time>
					</trkpt>
					<trkpt lat="43.443200" lon="5.580520">
						<ele>320</ele>
						<time>2025-01-21T11:29:58Z</time>
					</trkpt>
					<trkpt lat="43.442050" lon="5.579630">
						<ele>327</ele>
						<time>2025-01-21T11:30:21Z</time>
					</trkpt>
					<trkpt lat="43.441840" lon="5.579530">
						<ele>327</ele>
						<time>2025-01-21T11:30:25Z</time>
					</trkpt>
					<trkpt lat="43.441630" lon="5.579490">
						<ele>328</ele>
						<time>2025-01-21T11:30:29Z</time>
					</trkpt>
					<trkpt lat="43.440200" lon="5.579580">
						<ele>340</ele>
						<time>2025-01-21T11:30:54Z</time>
					</trkpt>
					<trkpt lat="43.440010" lon="5.579630">
						<ele>341</ele>
						<time>2025-01-21T11:30:58Z</time>
					</trkpt>
					<trkpt lat="43.439830" lon="5.579750">
						<ele>341</ele>
						<time>2025-01-21T11:31:01Z</time>
					</trkpt>
					<trkpt lat="43.439000" lon="5.580540">
						<ele>343</ele>
						<time>2025-01-21T11:31:19Z</time>
					</trkpt>
					<trkpt lat="43.438430" lon="5.581180">
						<ele>343</ele>
						<time>2025-01-21T11:31:32Z</time>
					</trkpt>
					<trkpt lat="43.438350" lon="5.581220">
						<ele>343</ele>
						<time>2025-01-21T11:31:34Z</time>
					</trkpt>
					<trkpt lat="43.438230" lon="5.581210">
						<ele>342</ele>
						<time>2025-01-21T11:31:36Z</time>
					</trkpt>
					<trkpt lat="43.438120" lon="5.581150">
						<ele>341</ele>
						<time>2025-01-21T11:31:38Z</time>
					</trkpt>
					<trkpt lat="43.437980" lon="5.580980">
						<ele>341</ele>
						<time>2025-01-21T11:31:41Z</time>
					</trkpt>
					<trkpt lat="43.437180" lon="5.579760">
						<ele>347</ele>
						<time>2025-01-21T11:32:03Z</time>
					</trkpt>
					<trkpt lat="43.437040" lon="5.579580">
						<ele>348</ele>
						<time>2025-01-21T11:32:06Z</time>
					</trkpt>
					<trkpt lat="43.436450" lon="5.579130">
						<ele>350</ele>
						<time>2025-01-21T11:32:18Z</time>
					</trkpt>
					<trkpt lat="43.436340" lon="5.578960">
						<ele>349</ele>
						<time>2025-01-21T11:32:21Z</time>
					</trkpt>
					<trkpt lat="43.436290" lon="5.578720">
						<ele>349</ele>
						<time>2025-01-21T11:32:24Z</time>
					</trkpt>
					<trkpt lat="43.436250" lon="5.578020">
						<ele>348</ele>
						<time>2025-01-21T11:32:33Z</time>
					</trkpt>
					<trkpt lat="43.436170" lon="5.577790">
						<ele>347</ele>
						<time>2025-01-21T11:32:36Z</time>
					</trkpt>
					<trkpt lat="43.436030" lon="5.577680">
						<ele>347</ele>
						<time>2025-01-21T11:32:39Z</time>
					</trkpt>
					<trkpt lat="43.435870" lon="5.577690">
						<ele>348</ele>
						<time>2025-01-21T11:32:42Z</time>
					</trkpt>
					<trkpt lat="43.435200" lon="5.578080">
						<ele>353</ele>
						<time>2025-01-21T11:32:55Z</time>
					</trkpt>
					<trkpt lat="43.434670" lon="5.578340">
						<ele>356</ele>
						<time>2025-01-21T11:33:05Z</time>
					</trkpt>
					<trkpt lat="43.434470" lon="5.578390">
						<ele>356</ele>
						<time>2025-01-21T11:33:09Z</time>
					</trkpt>
					<trkpt lat="43.434050" lon="5.578410">
						<ele>357</ele>
						<time>2025-01-21T11:33:16Z</time>
					</trkpt>
					<trkpt lat="43.433840" lon="5.578460">
						<ele>357</ele>
						<time>2025-01-21T11:33:20Z</time>
					</trkpt>
					<trkpt lat="43.433540" lon="5.578630">
						<ele>357</ele>
						<time>2025-01-21T11:33:26Z</time>
					</trkpt>
					<trkpt lat="43.433090" lon="5.579030">
						<ele>359</ele>
						<time>2025-01-21T11:33:35Z</time>
					</trkpt>
					<trkpt lat="43.432890" lon="5.579170">
						<ele>360</ele>
						<time>2025-01-21T11:33:39Z</time>
					</trkpt>
					<trkpt lat="43.431880" lon="5.579680">
						<ele>363</ele>
						<time>2025-01-21T11:33:58Z</time>
					</trkpt>
					<trkpt lat="43.431670" lon="5.579830">
						<ele>366</ele>
						<time>2025-01-21T11:34:03Z</time>
					</trkpt>
					<trkpt lat="43.429900" lon="5.581350">
						<ele>376</ele>
						<time>2025-01-21T11:34:40Z</time>
					</trkpt>
					<trkpt lat="43.428260" lon="5.583100">
						<ele>386</ele>
						<time>2025-01-21T11:35:17Z</time>
					</trkpt>
					<trkpt lat="43.428170" lon="5.583170">
						<ele>387</ele>
						<time>2025-01-21T11:35:19Z</time>
					</trkpt>
					<trkpt lat="43.427870" lon="5.583270">
						<ele>390</ele>
						<time>2025-01-21T11:35:24Z</time>
					</trkpt>
					<trkpt lat="43.427770" lon="5.583350">
						<ele>390</ele>
						<time>2025-01-21T11:35:26Z</time>
					</trkpt>
					<trkpt lat="43.427590" lon="5.583590">
						<ele>390</ele>
						<time>2025-01-21T11:35:31Z</time>
					</trkpt>
					<trkpt lat="43.426760" lon="5.584470">
						<ele>387</ele>
						<time>2025-01-21T11:35:49Z</time>
					</trkpt>
					<trkpt lat="43.425940" lon="5.585730">
						<ele>384</ele>
						<time>2025-01-21T11:36:11Z</time>
					</trkpt>
					<trkpt lat="43.425930" lon="5.585710">
						<ele>384</ele>
						<time>2025-01-21T11:36:11Z</time>
					</trkpt>
					<trkpt lat="43.425780" lon="5.585970">
						<ele>384</ele>
						<time>2025-01-21T11:36:16Z</time>
					</trkpt>
					<trkpt lat="43.425580" lon="5.586240">
						<ele>383</ele>
						<time>2025-01-21T11:36:21Z</time>
					</trkpt>
					<trkpt lat="43.425350" lon="5.586620">
						<ele>382</ele>
						<time>2025-01-21T11:36:27Z</time>
					</trkpt>
					<trkpt lat="43.425300" lon="5.586750">
						<ele>382</ele>
						<time>2025-01-21T11:36:29Z</time>
					</trkpt>
					<trkpt lat="43.425300" lon="5.586900">
						<ele>382</ele>
						<time>2025-01-21T11:36:31Z</time>
					</trkpt>
					<trkpt lat="43.425390" lon="5.587160">
						<ele>383</ele>
						<time>2025-01-21T11:36:35Z</time>
					</trkpt>
					<trkpt lat="43.425380" lon="5.587250">
						<ele>383</ele>
						<time>2025-01-21T11:36:36Z</time>
					</trkpt>
					<trkpt lat="43.425300" lon="5.587380">
						<ele>382</ele>
						<time>2025-01-21T11:36:38Z</time>
					</trkpt>
					<trkpt lat="43.425590" lon="5.587830">
						<ele>386</ele>
						<time>2025-01-21T11:36:46Z</time>
					</trkpt>
					<trkpt lat="43.425870" lon="5.588390">
						<ele>392</ele>
						<time>2025-01-21T11:36:55Z</time>
					</trkpt>
					<trkpt lat="43.426160" lon="5.588700">
						<ele>395</ele>
						<time>2025-01-21T11:37:01Z</time>
					</trkpt>
					<trkpt lat="43.425810" lon="5.590940">
						<ele>407</ele>
						<time>2025-01-21T11:37:31Z</time>
					</trkpt>
					<trkpt lat="43.425900" lon="5.591610">
						<ele>411</ele>
						<time>2025-01-21T11:37:40Z</time>
					</trkpt>
					<trkpt lat="43.425880" lon="5.591790">
						<ele>411</ele>
						<time>2025-01-21T11:37:42Z</time>
					</trkpt>
					<trkpt lat="43.425750" lon="5.592020">
						<ele>410</ele>
						<time>2025-01-21T11:37:46Z</time>
					</trkpt>
					<trkpt lat="43.425670" lon="5.592260">
						<ele>409</ele>
						<time>2025-01-21T11:37:49Z</time>
					</trkpt>
					<trkpt lat="43.425650" lon="5.592500">
						<ele>409</ele>
						<time>2025-01-21T11:37:52Z</time>
					</trkpt>
					<trkpt lat="43.425580" lon="5.592730">
						<ele>407</ele>
						<time>2025-01-21T11:37:55Z</time>
					</trkpt>
					<trkpt lat="43.425470" lon="5.592910">
						<ele>407</ele>
						<time>2025-01-21T11:37:58Z</time>
					</trkpt>
					<trkpt lat="43.424860" lon="5.593610">
						<ele>408</ele>
						<time>2025-01-21T11:38:13Z</time>
					</trkpt>
					<trkpt lat="43.424730" lon="5.593820">
						<ele>407</ele>
						<time>2025-01-21T11:38:16Z</time>
					</trkpt>
					<trkpt lat="43.424050" lon="5.595540">
						<ele>415</ele>
						<time>2025-01-21T11:38:41Z</time>
					</trkpt>
					<trkpt lat="43.423280" lon="5.596660">
						<ele>423</ele>
						<time>2025-01-21T11:39:01Z</time>
					</trkpt>
					<trkpt lat="43.423120" lon="5.596850">
						<ele>421</ele>
						<time>2025-01-21T11:39:05Z</time>
					</trkpt>
					<trkpt lat="43.422760" lon="5.597170">
						<ele>420</ele>
						<time>2025-01-21T11:39:13Z</time>
					</trkpt>
					<trkpt lat="43.422590" lon="5.597360">
						<ele>422</ele>
						<time>2025-01-21T11:39:17Z</time>
					</trkpt>
					<trkpt lat="43.422080" lon="5.598130">
						<ele>422</ele>
						<time>2025-01-21T11:39:30Z</time>
					</trkpt>
					<trkpt lat="43.421660" lon="5.598590">
						<ele>423</ele>
						<time>2025-01-21T11:39:40Z</time>
					</trkpt>
					<trkpt lat="43.421320" lon="5.599080">
						<ele>423</ele>
						<time>2025-01-21T11:39:48Z</time>
					</trkpt>
					<trkpt lat="43.421000" lon="5.599650">
						<ele>424</ele>
						<time>2025-01-21T11:39:58Z</time>
					</trkpt>
					<trkpt lat="43.420860" lon="5.600980">
						<ele>423</ele>
						<time>2025-01-21T11:40:15Z</time>
					</trkpt>
					<trkpt lat="43.420800" lon="5.601270">
						<ele>422</ele>
						<time>2025-01-21T11:40:19Z</time>
					</trkpt>
					<trkpt lat="43.420630" lon="5.601570">
						<ele>422</ele>
						<time>2025-01-21T11:40:24Z</time>
					</trkpt>
					<trkpt lat="43.419710" lon="5.602990">
						<ele>422</ele>
						<time>2025-01-21T11:40:48Z</time>
					</trkpt>
					<trkpt lat="43.419500" lon="5.603480">
						<ele>422</ele>
						<time>2025-01-21T11:40:56Z</time>
					</trkpt>
					<trkpt lat="43.419040" lon="5.605050">
						<ele>427</ele>
						<time>2025-01-21T11:41:18Z</time>
					</trkpt>
					<trkpt lat="43.419000" lon="5.605230">
						<ele>426</ele>
						<time>2025-01-21T11:41:20Z</time>
					</trkpt>
					<trkpt lat="43.419090" lon="5.605580">
						<ele>425</ele>
						<time>2025-01-21T11:41:25Z</time>
					</trkpt>
					<trkpt lat="43.419050" lon="5.605880">
						<ele>424</ele>
						<time>2025-01-21T11:41:29Z</time>
					</trkpt>
					<trkpt lat="43.418930" lon="5.605910">
						<ele>424</ele>
						<time>2025-01-21T11:41:31Z</time>
					</trkpt>
					<trkpt lat="43.418750" lon="5.605910">
						<ele>425</ele>
						<time>2025-01-21T11:41:34Z</time>
					</trkpt>
					<trkpt lat="43.418710" lon="5.608140">
						<ele>426</ele>
						<time>2025-01-21T11:42:03Z</time>
					</trkpt>
					<trkpt lat="43.418850" lon="5.611470">
						<ele>422</ele>
						<time>2025-01-21T11:42:46Z</time>
					</trkpt>
					<trkpt lat="43.418920" lon="5.612410">
						<ele>423</ele>
						<time>2025-01-21T11:42:58Z</time>
					</trkpt>
					<trkpt lat="43.418980" lon="5.612580">
						<ele>423</ele>
						<time>2025-01-21T11:43:01Z</time>
					</trkpt>
					<trkpt lat="43.419180" lon="5.612860">
						<ele>424</ele>
						<time>2025-01-21T11:43:06Z</time>
					</trkpt>
					<trkpt lat="43.419640" lon="5.613220">
						<ele>425</ele>
						<time>2025-01-21T11:43:15Z</time>
					</trkpt>
					<trkpt lat="43.419750" lon="5.613340">
						<ele>425</ele>
						<time>2025-01-21T11:43:18Z</time>
					</trkpt>
					<trkpt lat="43.419890" lon="5.613550">
						<ele>426</ele>
						<time>2025-01-21T11:43:22Z</time>
					</trkpt>
					<trkpt lat="43.419960" lon="5.613740">
						<ele>426</ele>
						<time>2025-01-21T11:43:24Z</time>
					</trkpt>
					<trkpt lat="43.420000" lon="5.613950">
						<ele>426</ele>
						<time>2025-01-21T11:43:27Z</time>
					</trkpt>
					<trkpt lat="43.420010" lon="5.614250">
						<ele>427</ele>
						<time>2025-01-21T11:43:31Z</time>
					</trkpt>
					<trkpt lat="43.419980" lon="5.614640">
						<ele>427</ele>
						<time>2025-01-21T11:43:36Z</time>
					</trkpt>
					<trkpt lat="43.419880" lon="5.615370">
						<ele>427</ele>
						<time>2025-01-21T11:43:46Z</time>
					</trkpt>
					<trkpt lat="43.419910" lon="5.615990">
						<ele>427</ele>
						<time>2025-01-21T11:43:54Z</time>
					</trkpt>
					<trkpt lat="43.420010" lon="5.616380">
						<ele>426</ele>
						<time>2025-01-21T11:43:59Z</time>
					</trkpt>
					<trkpt lat="43.420080" lon="5.616530">
						<ele>425</ele>
						<time>2025-01-21T11:44:01Z</time>
					</trkpt>
					<trkpt lat="43.420280" lon="5.616880">
						<ele>423</ele>
						<time>2025-01-21T11:44:07Z</time>
					</trkpt>
					<trkpt lat="43.420410" lon="5.617030">
						<ele>423</ele>
						<time>2025-01-21T11:44:10Z</time>
					</trkpt>
					<trkpt lat="43.420670" lon="5.617270">
						<ele>422</ele>
						<time>2025-01-21T11:44:16Z</time>
					</trkpt>
					<trkpt lat="43.421230" lon="5.617590">
						<ele>421</ele>
						<time>2025-01-21T11:44:26Z</time>
					</trkpt>
					<trkpt lat="43.421620" lon="5.617760">
						<ele>421</ele>
						<time>2025-01-21T11:44:34Z</time>
					</trkpt>
					<trkpt lat="43.422020" lon="5.617860">
						<ele>419</ele>
						<time>2025-01-21T11:44:41Z</time>
					</trkpt>
					<trkpt lat="43.422380" lon="5.617830">
						<ele>416</ele>
						<time>2025-01-21T11:44:47Z</time>
					</trkpt>
					<trkpt lat="43.422690" lon="5.617700">
						<ele>415</ele>
						<time>2025-01-21T11:44:53Z</time>
					</trkpt>
					<trkpt lat="43.422930" lon="5.617530">
						<ele>415</ele>
						<time>2025-01-21T11:44:58Z</time>
					</trkpt>
					<trkpt lat="43.423280" lon="5.617200">
						<ele>413</ele>
						<time>2025-01-21T11:45:05Z</time>
					</trkpt>
					<trkpt lat="43.423480" lon="5.617120">
						<ele>411</ele>
						<time>2025-01-21T11:45:09Z</time>
					</trkpt>
					<trkpt lat="43.423700" lon="5.617110">
						<ele>410</ele>
						<time>2025-01-21T11:45:13Z</time>
					</trkpt>
					<trkpt lat="43.423810" lon="5.617140">
						<ele>409</ele>
						<time>2025-01-21T11:45:15Z</time>
					</trkpt>
					<trkpt lat="43.424140" lon="5.617350">
						<ele>409</ele>
						<time>2025-01-21T11:45:22Z</time>
					</trkpt>
					<trkpt lat="43.424460" lon="5.617630">
						<ele>411</ele>
						<time>2025-01-21T11:45:28Z</time>
					</trkpt>
					<trkpt lat="43.424660" lon="5.617890">
						<ele>410</ele>
						<time>2025-01-21T11:45:33Z</time>
					</trkpt>
					<trkpt lat="43.425340" lon="5.618990">
						<ele>402</ele>
						<time>2025-01-21T11:45:52Z</time>
					</trkpt>
					<trkpt lat="43.425510" lon="5.619240">
						<ele>401</ele>
						<time>2025-01-21T11:45:56Z</time>
					</trkpt>
					<trkpt lat="43.425740" lon="5.619500">
						<ele>399</ele>
						<time>2025-01-21T11:46:02Z</time>
					</trkpt>
					<trkpt lat="43.425850" lon="5.619590">
						<ele>398</ele>
						<time>2025-01-21T11:46:04Z</time>
					</trkpt>
					<trkpt lat="43.426080" lon="5.619720">
						<ele>398</ele>
						<time>2025-01-21T11:46:08Z</time>
					</trkpt>
					<trkpt lat="43.426840" lon="5.620030">
						<ele>396</ele>
						<time>2025-01-21T11:46:22Z</time>
					</trkpt>
					<trkpt lat="43.427380" lon="5.620280">
						<ele>396</ele>
						<time>2025-01-21T11:46:33Z</time>
					</trkpt>
					<trkpt lat="43.427770" lon="5.620550">
						<ele>396</ele>
						<time>2025-01-21T11:46:40Z</time>
					</trkpt>
					<trkpt lat="43.428750" lon="5.621520">
						<ele>388</ele>
						<time>2025-01-21T11:47:02Z</time>
					</trkpt>
					<trkpt lat="43.429260" lon="5.621930">
						<ele>386</ele>
						<time>2025-01-21T11:47:12Z</time>
					</trkpt>
					<trkpt lat="43.429400" lon="5.622150">
						<ele>383</ele>
						<time>2025-01-21T11:47:16Z</time>
					</trkpt>
					<trkpt lat="43.429570" lon="5.622500">
						<ele>379</ele>
						<time>2025-01-21T11:47:22Z</time>
					</trkpt>
					<trkpt lat="43.429720" lon="5.622700">
						<ele>378</ele>
						<time>2025-01-21T11:47:25Z</time>
					</trkpt>
					<trkpt lat="43.430790" lon="5.623850">
						<ele>370</ele>
						<time>2025-01-21T11:47:49Z</time>
					</trkpt>
					<trkpt lat="43.431090" lon="5.624100">
						<ele>368</ele>
						<time>2025-01-21T11:47:56Z</time>
					</trkpt>
					<trkpt lat="43.431570" lon="5.624320">
						<ele>369</ele>
						<time>2025-01-21T11:48:05Z</time>
					</trkpt>
					<trkpt lat="43.431740" lon="5.624460">
						<ele>368</ele>
						<time>2025-01-21T11:48:08Z</time>
					</trkpt>
					<trkpt lat="43.431860" lon="5.624620">
						<ele>366</ele>
						<time>2025-01-21T11:48:11Z</time>
					</trkpt>
					<trkpt lat="43.431980" lon="5.624850">
						<ele>364</ele>
						<time>2025-01-21T11:48:15Z</time>
					</trkpt>
					<trkpt lat="43.432370" lon="5.625850">
						<ele>358</ele>
						<time>2025-01-21T11:48:29Z</time>
					</trkpt>
					<trkpt lat="43.432520" lon="5.626060">
						<ele>357</ele>
						<time>2025-01-21T11:48:33Z</time>
					</trkpt>
					<trkpt lat="43.432600" lon="5.626090">
						<ele>357</ele>
						<time>2025-01-21T11:48:35Z</time>
					</trkpt>
					<trkpt lat="43.432690" lon="5.626070">
						<ele>358</ele>
						<time>2025-01-21T11:48:36Z</time>
					</trkpt>
					<trkpt lat="43.433050" lon="5.625830">
						<ele>365</ele>
						<time>2025-01-21T11:48:43Z</time>
					</trkpt>
					<trkpt lat="43.433150" lon="5.625840">
						<ele>366</ele>
						<time>2025-01-21T11:48:45Z</time>
					</trkpt>
					<trkpt lat="43.433240" lon="5.625890">
						<ele>366</ele>
						<time>2025-01-21T11:48:47Z</time>
					</trkpt>
					<trkpt lat="43.433330" lon="5.626040">
						<ele>364</ele>
						<time>2025-01-21T11:48:49Z</time>
					</trkpt>
					<trkpt lat="43.433560" lon="5.626880">
						<ele>355</ele>
						<time>2025-01-21T11:49:01Z</time>
					</trkpt>
					<trkpt lat="43.433660" lon="5.627060">
						<ele>353</ele>
						<time>2025-01-21T11:49:04Z</time>
					</trkpt>
					<trkpt lat="43.433770" lon="5.627120">
						<ele>352</ele>
						<time>2025-01-21T11:49:06Z</time>
					</trkpt>
					<trkpt lat="43.433910" lon="5.627110">
						<ele>353</ele>
						<time>2025-01-21T11:49:09Z</time>
					</trkpt>
					<trkpt lat="43.434470" lon="5.626860">
						<ele>360</ele>
						<time>2025-01-21T11:49:19Z</time>
					</trkpt>
					<trkpt lat="43.434620" lon="5.626900">
						<ele>359</ele>
						<time>2025-01-21T11:49:22Z</time>
					</trkpt>
					<trkpt lat="43.434780" lon="5.627050">
						<ele>356</ele>
						<time>2025-01-21T11:49:25Z</time>
					</trkpt>
					<trkpt lat="43.435240" lon="5.627760">
						<ele>345</ele>
						<time>2025-01-21T11:49:38Z</time>
					</trkpt>
					<trkpt lat="43.435380" lon="5.627890">
						<ele>344</ele>
						<time>2025-01-21T11:49:41Z</time>
					</trkpt>
					<trkpt lat="43.435560" lon="5.628000">
						<ele>343</ele>
						<time>2025-01-21T11:49:44Z</time>
					</trkpt>
					<trkpt lat="43.435910" lon="5.628080">
						<ele>343</ele>
						<time>2025-01-21T11:49:50Z</time>
					</trkpt>
					<trkpt lat="43.436130" lon="5.628060">
						<ele>341</ele>
						<time>2025-01-21T11:49:54Z</time>
					</trkpt>
					<trkpt lat="43.436330" lon="5.627970">
						<ele>342</ele>
						<time>2025-01-21T11:49:58Z</time>
					</trkpt>
					<trkpt lat="43.436480" lon="5.627840">
						<ele>343</ele>
						<time>2025-01-21T11:50:01Z</time>
					</trkpt>
					<trkpt lat="43.437040" lon="5.627250">
						<ele>347</ele>
						<time>2025-01-21T11:50:14Z</time>
					</trkpt>
					<trkpt lat="43.437160" lon="5.627220">
						<ele>347</ele>
						<time>2025-01-21T11:50:16Z</time>
					</trkpt>
					<trkpt lat="43.437290" lon="5.627260">
						<ele>346</ele>
						<time>2025-01-21T11:50:18Z</time>
					</trkpt>
					<trkpt lat="43.437410" lon="5.627390">
						<ele>344</ele>
						<time>2025-01-21T11:50:21Z</time>
					</trkpt>
					<trkpt lat="43.437470" lon="5.627550">
						<ele>342</ele>
						<time>2025-01-21T11:50:23Z</time>
					</trkpt>
					<trkpt lat="43.437480" lon="5.627740">
						<ele>339</ele>
						<time>2025-01-21T11:50:26Z</time>
					</trkpt>
					<trkpt lat="43.437450" lon="5.628070">
						<ele>334</ele>
						<time>2025-01-21T11:50:30Z</time>
					</trkpt>
					<trkpt lat="43.437490" lon="5.628300">
						<ele>331</ele>
						<time>2025-01-21T11:50:33Z</time>
					</trkpt>
					<trkpt lat="43.437640" lon="5.628600">
						<ele>327</ele>
						<time>2025-01-21T11:50:38Z</time>
					</trkpt>
					<trkpt lat="43.437740" lon="5.628720">
						<ele>326</ele>
						<time>2025-01-21T11:50:40Z</time>
					</trkpt>
					<trkpt lat="43.437900" lon="5.628840">
						<ele>325</ele>
						<time>2025-01-21T11:50:43Z</time>
					</trkpt>
					<trkpt lat="43.438080" lon="5.628850">
						<ele>326</ele>
						<time>2025-01-21T11:50:47Z</time>
					</trkpt>
					<trkpt lat="43.438300" lon="5.628790">
						<ele>328</ele>
						<time>2025-01-21T11:50:51Z</time>
					</trkpt>
					<trkpt lat="43.438400" lon="5.628810">
						<ele>328</ele>
						<time>2025-01-21T11:50:52Z</time>
					</trkpt>
					<trkpt lat="43.438530" lon="5.628950">
						<ele>327</ele>
						<time>2025-01-21T11:50:55Z</time>
					</trkpt>
					<trkpt lat="43.438560" lon="5.629050">
						<ele>326</ele>
						<time>2025-01-21T11:50:57Z</time>
					</trkpt>
					<trkpt lat="43.438730" lon="5.629330">
						<ele>324</ele>
						<time>2025-01-21T11:51:01Z</time>
					</trkpt>
					<trkpt lat="43.438980" lon="5.629570">
						<ele>322</ele>
						<time>2025-01-21T11:51:07Z</time>
					</trkpt>
					<trkpt lat="43.439370" lon="5.630070">
						<ele>319</ele>
						<time>2025-01-21T11:51:16Z</time>
					</trkpt>
					<trkpt lat="43.439640" lon="5.630280">
						<ele>319</ele>
						<time>2025-01-21T11:51:22Z</time>
					</trkpt>
					<trkpt lat="43.439880" lon="5.630390">
						<ele>319</ele>
						<time>2025-01-21T11:51:26Z</time>
					</trkpt>
					<trkpt lat="43.440040" lon="5.630430">
						<ele>320</ele>
						<time>2025-01-21T11:51:29Z</time>
					</trkpt>
					<trkpt lat="43.440280" lon="5.630560">
						<ele>321</ele>
						<time>2025-01-21T11:51:34Z</time>
					</trkpt>
					<trkpt lat="43.440420" lon="5.630710">
						<ele>320</ele>
						<time>2025-01-21T11:51:37Z</time>
					</trkpt>
					<trkpt lat="43.440720" lon="5.631130">
						<ele>318</ele>
						<time>2025-01-21T11:51:45Z</time>
					</trkpt>
					<trkpt lat="43.441460" lon="5.631830">
						<ele>310</ele>
						<time>2025-01-21T11:52:01Z</time>
					</trkpt>
					<trkpt lat="43.441620" lon="5.632030">
						<ele>308</ele>
						<time>2025-01-21T11:52:04Z</time>
					</trkpt>
					<trkpt lat="43.441980" lon="5.632660">
						<ele>302</ele>
						<time>2025-01-21T11:52:15Z</time>
					</trkpt>
					<trkpt lat="43.442190" lon="5.632900">
						<ele>302</ele>
						<time>2025-01-21T11:52:20Z</time>
					</trkpt>
					<trkpt lat="43.442530" lon="5.633160">
						<ele>302</ele>
						<time>2025-01-21T11:52:27Z</time>
					</trkpt>
					<trkpt lat="43.442720" lon="5.633240">
						<ele>302</ele>
						<time>2025-01-21T11:52:30Z</time>
					</trkpt>
					<trkpt lat="43.443990" lon="5.633370">
						<ele>301</ele>
						<time>2025-01-21T11:52:53Z</time>
					</trkpt>
					<trkpt lat="43.444250" lon="5.633430">
						<ele>300</ele>
						<time>2025-01-21T11:52:57Z</time>
					</trkpt>
					<trkpt lat="43.444360" lon="5.633500">
						<ele>300</ele>
						<time>2025-01-21T11:53:00Z</time>
					</trkpt>
					<trkpt lat="43.444420" lon="5.633570">
						<ele>300</ele>
						<time>2025-01-21T11:53:01Z</time>
					</trkpt>
					<trkpt lat="43.444520" lon="5.633810">
						<ele>298</ele>
						<time>2025-01-21T11:53:05Z</time>
					</trkpt>
					<trkpt lat="43.445090" lon="5.635840">
						<ele>286</ele>
						<time>2025-01-21T11:53:33Z</time>
					</trkpt>
					<trkpt lat="43.445370" lon="5.636960">
						<ele>285</ele>
						<time>2025-01-21T11:53:48Z</time>
					</trkpt>
					<trkpt lat="43.445460" lon="5.637230">
						<ele>284</ele>
						<time>2025-01-21T11:53:52Z</time>
					</trkpt>
					<trkpt lat="43.445580" lon="5.637400">
						<ele>283</ele>
						<time>2025-01-21T11:53:55Z</time>
					</trkpt>
					<trkpt lat="43.445740" lon="5.637500">
						<ele>282</ele>
						<time>2025-01-21T11:53:58Z</time>
					</trkpt>
					<trkpt lat="43.445890" lon="5.637530">
						<ele>283</ele>
						<time>2025-01-21T11:54:01Z</time>
					</trkpt>
					<trkpt lat="43.446240" lon="5.637510">
						<ele>283</ele>
						<time>2025-01-21T11:54:07Z</time>
					</trkpt>
					<trkpt lat="43.446370" lon="5.637530">
						<ele>284</ele>
						<time>2025-01-21T11:54:09Z</time>
					</trkpt>
					<trkpt lat="43.446480" lon="5.637580">
						<ele>284</ele>
						<time>2025-01-21T11:54:11Z</time>
					</trkpt>
					<trkpt lat="43.446610" lon="5.637700">
						<ele>285</ele>
						<time>2025-01-21T11:54:14Z</time>
					</trkpt>
					<trkpt lat="43.446710" lon="5.637850">
						<ele>286</ele>
						<time>2025-01-21T11:54:17Z</time>
					</trkpt>
					<trkpt lat="43.446780" lon="5.638050">
						<ele>286</ele>
						<time>2025-01-21T11:54:20Z</time>
					</trkpt>
					<trkpt lat="43.446840" lon="5.638370">
						<ele>287</ele>
						<time>2025-01-21T11:54:24Z</time>
					</trkpt>
					<trkpt lat="43.446860" lon="5.638660">
						<ele>288</ele>
						<time>2025-01-21T11:54:28Z</time>
					</trkpt>
					<trkpt lat="43.446840" lon="5.639100">
						<ele>289</ele>
						<time>2025-01-21T11:54:33Z</time>
					</trkpt>
					<trkpt lat="43.446530" lon="5.641320">
						<ele>286</ele>
						<time>2025-01-21T11:55:03Z</time>
					</trkpt>
					<trkpt lat="43.446470" lon="5.641510">
						<ele>286</ele>
						<time>2025-01-21T11:55:05Z</time>
					</trkpt>
					<trkpt lat="43.446170" lon="5.642100">
						<ele>284</ele>
						<time>2025-01-21T11:55:15Z</time>
					</trkpt>
					<trkpt lat="43.446140" lon="5.642260">
						<ele>283</ele>
						<time>2025-01-21T11:55:17Z</time>
					</trkpt>
					<trkpt lat="43.446190" lon="5.642660">
						<ele>281</ele>
						<time>2025-01-21T11:55:22Z</time>
					</trkpt>
					<trkpt lat="43.446280" lon="5.642870">
						<ele>280</ele>
						<time>2025-01-21T11:55:25Z</time>
					</trkpt>
					<trkpt lat="43.446460" lon="5.643190">
						<ele>278</ele>
						<time>2025-01-21T11:55:30Z</time>
					</trkpt>
					<trkpt lat="43.446570" lon="5.643500">
						<ele>277</ele>
						<time>2025-01-21T11:55:35Z</time>
					</trkpt>
					<trkpt lat="43.446600" lon="5.643660">
						<ele>276</ele>
						<time>2025-01-21T11:55:37Z</time>
					</trkpt>
					<trkpt lat="43.446610" lon="5.643970">
						<ele>276</ele>
						<time>2025-01-21T11:55:41Z</time>
					</trkpt>
					<trkpt lat="43.446500" lon="5.644770">
						<ele>276</ele>
						<time>2025-01-21T11:55:51Z</time>
					</trkpt>
					<trkpt lat="43.446470" lon="5.645090">
						<ele>276</ele>
						<time>2025-01-21T11:55:56Z</time>
					</trkpt>
					<trkpt lat="43.446480" lon="5.645220">
						<ele>276</ele>
						<time>2025-01-21T11:55:57Z</time>
					</trkpt>
					<trkpt lat="43.446450" lon="5.645320">
						<ele>276</ele>
						<time>2025-01-21T11:55:59Z</time>
					</trkpt>
					<trkpt lat="43.446470" lon="5.645410">
						<ele>276</ele>
						<time>2025-01-21T11:56:00Z</time>
					</trkpt>
					<trkpt lat="43.446340" lon="5.645880">
						<ele>277</ele>
						<time>2025-01-21T11:56:06Z</time>
					</trkpt>
					<trkpt lat="43.446130" lon="5.647450">
						<ele>275</ele>
						<time>2025-01-21T11:56:27Z</time>
					</trkpt>
					<trkpt lat="43.446130" lon="5.648010">
						<ele>274</ele>
						<time>2025-01-21T11:56:34Z</time>
					</trkpt>
					<trkpt lat="43.447510" lon="5.656480">
						<ele>259</ele>
						<time>2025-01-21T11:58:26Z</time>
					</trkpt>
					<trkpt lat="43.448370" lon="5.661930">
						<ele>264</ele>
						<time>2025-01-21T11:59:38Z</time>
					</trkpt>
					<trkpt lat="43.449910" lon="5.671160">
						<ele>261</ele>
						<time>2025-01-21T12:01:41Z</time>
					</trkpt>
					<trkpt lat="43.450050" lon="5.672290">
						<ele>257</ele>
						<time>2025-01-21T12:01:56Z</time>
					</trkpt>
					<trkpt lat="43.450100" lon="5.673140">
						<ele>253</ele>
						<time>2025-01-21T12:02:07Z</time>
					</trkpt>
					<trkpt lat="43.450070" lon="5.674430">
						<ele>252</ele>
						<time>2025-01-21T12:02:23Z</time>
					</trkpt>
					<trkpt lat="43.449930" lon="5.675610">
						<ele>253</ele>
						<time>2025-01-21T12:02:39Z</time>
					</trkpt>
					<trkpt lat="43.449620" lon="5.676930">
						<ele>252</ele>
						<time>2025-01-21T12:02:57Z</time>
					</trkpt>
					<trkpt lat="43.449600" lon="5.677170">
						<ele>252</ele>
						<time>2025-01-21T12:03:00Z</time>
					</trkpt>
					<trkpt lat="43.449540" lon="5.677270">
						<ele>252</ele>
						<time>2025-01-21T12:03:01Z</time>
					</trkpt>
					<trkpt lat="43.449510" lon="5.677420">
						<ele>252</ele>
						<time>2025-01-21T12:03:03Z</time>
					</trkpt>
					<trkpt lat="43.449280" lon="5.677920">
						<ele>252</ele>
						<time>2025-01-21T12:03:11Z</time>
					</trkpt>
					<trkpt lat="43.449140" lon="5.678290">
						<ele>252</ele>
						<time>2025-01-21T12:03:16Z</time>
					</trkpt>
					<trkpt lat="43.448510" lon="5.679720">
						<ele>251</ele>
						<time>2025-01-21T12:03:38Z</time>
					</trkpt>
					<trkpt lat="43.447850" lon="5.679190">
						<ele>253</ele>
						<time>2025-01-21T12:03:52Z</time>
					</trkpt>
					<trkpt lat="43.447620" lon="5.679040">
						<ele>255</ele>
						<time>2025-01-21T12:03:56Z</time>
					</trkpt>
					<trkpt lat="43.446700" lon="5.678780">
						<ele>260</ele>
						<time>2025-01-21T12:04:13Z</time>
					</trkpt>
					<trkpt lat="43.446580" lon="5.678790">
						<ele>260</ele>
						<time>2025-01-21T12:04:15Z</time>
					</trkpt>
					<trkpt lat="43.446530" lon="5.678680">
						<ele>261</ele>
						<time>2025-01-21T12:04:17Z</time>
					</trkpt>
					<trkpt lat="43.446470" lon="5.678690">
						<ele>261</ele>
						<time>2025-01-21T12:04:18Z</time>
					</trkpt>
					<trkpt lat="43.446440" lon="5.678740">
						<ele>261</ele>
						<time>2025-01-21T12:04:19Z</time>
					</trkpt>
					<trkpt lat="43.446370" lon="5.678670">
						<ele>262</ele>
						<time>2025-01-21T12:04:20Z</time>
					</trkpt>
					<trkpt lat="43.446260" lon="5.678490">
						<ele>263</ele>
						<time>2025-01-21T12:04:23Z</time>
					</trkpt>
					<trkpt lat="43.446100" lon="5.678370">
						<ele>265</ele>
						<time>2025-01-21T12:04:26Z</time>
					</trkpt>
					<trkpt lat="43.445980" lon="5.678390">
						<ele>265</ele>
						<time>2025-01-21T12:04:29Z</time>
					</trkpt>
					<trkpt lat="43.445630" lon="5.678600">
						<ele>264</ele>
						<time>2025-01-21T12:04:35Z</time>
					</trkpt>
					<trkpt lat="43.445480" lon="5.678840">
						<ele>263</ele>
						<time>2025-01-21T12:04:40Z</time>
					</trkpt>
					<trkpt lat="43.445360" lon="5.678950">
						<ele>262</ele>
						<time>2025-01-21T12:04:42Z</time>
					</trkpt>
					<trkpt lat="43.445250" lon="5.678970">
						<ele>262</ele>
						<time>2025-01-21T12:04:44Z</time>
					</trkpt>
					<trkpt lat="43.445220" lon="5.678900">
						<ele>262</ele>
						<time>2025-01-21T12:04:45Z</time>
					</trkpt>
					<trkpt lat="43.445120" lon="5.678880">
						<ele>262</ele>
						<time>2025-01-21T12:04:47Z</time>
					</trkpt>
					<trkpt lat="43.445030" lon="5.678300">
						<ele>265</ele>
						<time>2025-01-21T12:04:55Z</time>
					</trkpt>
					<trkpt lat="43.444950" lon="5.677230">
						<ele>266</ele>
						<time>2025-01-21T12:05:08Z</time>
					</trkpt>
					<trkpt lat="43.444890" lon="5.677090">
						<ele>266</ele>
						<time>2025-01-21T12:05:11Z</time>
					</trkpt>
					<trkpt lat="43.444680" lon="5.676970">
						<ele>266</ele>
						<time>2025-01-21T12:05:15Z</time>
					</trkpt>
					<trkpt lat="43.444300" lon="5.676860">
						<ele>265</ele>
						<time>2025-01-21T12:05:22Z</time>
					</trkpt>
					<trkpt lat="43.444020" lon="5.676730">
						<ele>266</ele>
						<time>2025-01-21T12:05:27Z</time>
					</trkpt>
					<trkpt lat="43.443000" lon="5.675860">
						<ele>269</ele>
						<time>2025-01-21T12:05:48Z</time>
					</trkpt>
					<trkpt lat="43.442800" lon="5.675650">
						<ele>270</ele>
						<time>2025-01-21T12:05:53Z</time>
					</trkpt>
					<trkpt lat="43.442640" lon="5.675400">
						<ele>272</ele>
						<time>2025-01-21T12:05:57Z</time>
					</trkpt>
					<trkpt lat="43.442280" lon="5.674700">
						<ele>276</ele>
						<time>2025-01-21T12:06:08Z</time>
					</trkpt>
					<trkpt lat="43.441870" lon="5.674090">
						<ele>277</ele>
						<time>2025-01-21T12:06:19Z</time>
					</trkpt>
					<trkpt lat="43.441750" lon="5.673810">
						<ele>278</ele>
						<time>2025-01-21T12:06:23Z</time>
					</trkpt>
					<trkpt lat="43.441300" lon="5.672470">
						<ele>284</ele>
						<time>2025-01-21T12:06:42Z</time>
					</trkpt>
					<trkpt lat="43.441180" lon="5.672190">
						<ele>285</ele>
						<time>2025-01-21T12:06:46Z</time>
					</trkpt>
					<trkpt lat="43.441030" lon="5.671930">
						<ele>287</ele>
						<time>2025-01-21T12:06:50Z</time>
					</trkpt>
					<trkpt lat="43.440840" lon="5.671730">
						<ele>288</ele>
						<time>2025-01-21T12:06:55Z</time>
					</trkpt>
					<trkpt lat="43.440620" lon="5.671560">
						<ele>288</ele>
						<time>2025-01-21T12:06:59Z</time>
					</trkpt>
					<trkpt lat="43.439820" lon="5.671020">
						<ele>294</ele>
						<time>2025-01-21T12:07:15Z</time>
					</trkpt>
					<trkpt lat="43.438920" lon="5.670620">
						<ele>300</ele>
						<time>2025-01-21T12:07:32Z</time>
					</trkpt>
					<trkpt lat="43.438850" lon="5.670510">
						<ele>301</ele>
						<time>2025-01-21T12:07:34Z</time>
					</trkpt>
					<trkpt lat="43.438820" lon="5.670250">
						<ele>302</ele>
						<time>2025-01-21T12:07:37Z</time>
					</trkpt>
					<trkpt lat="43.438880" lon="5.669300">
						<ele>302</ele>
						<time>2025-01-21T12:07:50Z</time>
					</trkpt>
					<trkpt lat="43.438850" lon="5.669060">
						<ele>302</ele>
						<time>2025-01-21T12:07:53Z</time>
					</trkpt>
					<trkpt lat="43.438760" lon="5.668870">
						<ele>302</ele>
						<time>2025-01-21T12:07:56Z</time>
					</trkpt>
					<trkpt lat="43.438470" lon="5.668600">
						<ele>303</ele>
						<time>2025-01-21T12:08:02Z</time>
					</trkpt>
					<trkpt lat="43.437280" lon="5.667670">
						<ele>305</ele>
						<time>2025-01-21T12:08:26Z</time>
					</trkpt>
					<trkpt lat="43.436980" lon="5.667370">
						<ele>307</ele>
						<time>2025-01-21T12:08:33Z</time>
					</trkpt>
					<trkpt lat="43.436800" lon="5.667140">
						<ele>308</ele>
						<time>2025-01-21T12:08:37Z</time>
					</trkpt>
					<trkpt lat="43.436640" lon="5.666880">
						<ele>308</ele>
						<time>2025-01-21T12:08:42Z</time>
					</trkpt>
					<trkpt lat="43.436510" lon="5.666610">
						<ele>308</ele>
						<time>2025-01-21T12:08:46Z</time>
					</trkpt>
					<trkpt lat="43.436230" lon="5.665900">
						<ele>309</ele>
						<time>2025-01-21T12:08:56Z</time>
					</trkpt>
					<trkpt lat="43.436080" lon="5.665700">
						<ele>309</ele>
						<time>2025-01-21T12:09:00Z</time>
					</trkpt>
					<trkpt lat="43.435990" lon="5.665650">
						<ele>309</ele>
						<time>2025-01-21T12:09:02Z</time>
					</trkpt>
					<trkpt lat="43.435880" lon="5.665630">
						<ele>310</ele>
						<time>2025-01-21T12:09:04Z</time>
					</trkpt>
					<trkpt lat="43.434580" lon="5.665520">
						<ele>316</ele>
						<time>2025-01-21T12:09:27Z</time>
					</trkpt>
					<trkpt lat="43.434330" lon="5.665460">
						<ele>317</ele>
						<time>2025-01-21T12:09:31Z</time>
					</trkpt>
					<trkpt lat="43.434090" lon="5.665340">
						<ele>317</ele>
						<time>2025-01-21T12:09:36Z</time>
					</trkpt>
					<trkpt lat="43.433990" lon="5.665270">
						<ele>317</ele>
						<time>2025-01-21T12:09:38Z</time>
					</trkpt>
					<trkpt lat="43.433920" lon="5.665170">
						<ele>317</ele>
						<time>2025-01-21T12:09:40Z</time>
					</trkpt>
					<trkpt lat="43.433870" lon="5.665060">
						<ele>316</ele>
						<time>2025-01-21T12:09:41Z</time>
					</trkpt>
					<trkpt lat="43.433740" lon="5.664550">
						<ele>319</ele>
						<time>2025-01-21T12:09:48Z</time>
					</trkpt>
					<trkpt lat="43.433500" lon="5.664220">
						<ele>320</ele>
						<time>2025-01-21T12:09:54Z</time>
					</trkpt>
					<trkpt lat="43.433280" lon="5.664050">
						<ele>321</ele>
						<time>2025-01-21T12:09:59Z</time>
					</trkpt>
					<trkpt lat="43.432320" lon="5.663530">
						<ele>327</ele>
						<time>2025-01-21T12:10:17Z</time>
					</trkpt>
					<trkpt lat="43.432100" lon="5.663470">
						<ele>328</ele>
						<time>2025-01-21T12:10:21Z</time>
					</trkpt>
					<trkpt lat="43.431960" lon="5.663460">
						<ele>328</ele>
						<time>2025-01-21T12:10:24Z</time>
					</trkpt>
					<trkpt lat="43.430990" lon="5.663450">
						<ele>328</ele>
						<time>2025-01-21T12:10:41Z</time>
					</trkpt>
					<trkpt lat="43.430210" lon="5.663330">
						<ele>332</ele>
						<time>2025-01-21T12:10:55Z</time>
					</trkpt>
					<trkpt lat="43.429870" lon="5.663370">
						<ele>332</ele>
						<time>2025-01-21T12:11:01Z</time>
					</trkpt>
					<trkpt lat="43.429580" lon="5.663440">
						<ele>333</ele>
						<time>2025-01-21T12:11:06Z</time>
					</trkpt>
					<trkpt lat="43.429470" lon="5.663430">
						<ele>334</ele>
						<time>2025-01-21T12:11:08Z</time>
					</trkpt>
					<trkpt lat="43.429260" lon="5.663380">
						<ele>335</ele>
						<time>2025-01-21T12:11:12Z</time>
					</trkpt>
					<trkpt lat="43.429030" lon="5.663260">
						<ele>337</ele>
						<time>2025-01-21T12:11:16Z</time>
					</trkpt>
					<trkpt lat="43.428710" lon="5.663040">
						<ele>340</ele>
						<time>2025-01-21T12:11:23Z</time>
					</trkpt>
					<trkpt lat="43.428350" lon="5.662840">
						<ele>342</ele>
						<time>2025-01-21T12:11:30Z</time>
					</trkpt>
					<trkpt lat="43.428200" lon="5.662710">
						<ele>343</ele>
						<time>2025-01-21T12:11:33Z</time>
					</trkpt>
					<trkpt lat="43.427940" lon="5.662550">
						<ele>344</ele>
						<time>2025-01-21T12:11:38Z</time>
					</trkpt>
					<trkpt lat="43.427640" lon="5.662500">
						<ele>344</ele>
						<time>2025-01-21T12:11:43Z</time>
					</trkpt>
					<trkpt lat="43.427330" lon="5.662500">
						<ele>344</ele>
						<time>2025-01-21T12:11:49Z</time>
					</trkpt>
					<trkpt lat="43.427070" lon="5.662530">
						<ele>346</ele>
						<time>2025-01-21T12:11:53Z</time>
					</trkpt>
					<trkpt lat="43.426620" lon="5.662630">
						<ele>347</ele>
						<time>2025-01-21T12:12:01Z</time>
					</trkpt>
					<trkpt lat="43.426440" lon="5.662640">
						<ele>346</ele>
						<time>2025-01-21T12:12:05Z</time>
					</trkpt>
					<trkpt lat="43.426050" lon="5.662550">
						<ele>346</ele>
						<time>2025-01-21T12:12:12Z</time>
					</trkpt>
					<trkpt lat="43.425850" lon="5.662470">
						<ele>346</ele>
						<time>2025-01-21T12:12:15Z</time>
					</trkpt>
					<trkpt lat="43.425680" lon="5.662340">
						<ele>349</ele>
						<time>2025-01-21T12:12:19Z</time>
					</trkpt>
					<trkpt lat="43.425010" lon="5.661500">
						<ele>359</ele>
						<time>2025-01-21T12:12:35Z</time>
					</trkpt>
					<trkpt lat="43.424710" lon="5.661320">
						<ele>362</ele>
						<time>2025-01-21T12:12:41Z</time>
					</trkpt>
					<trkpt lat="43.424470" lon="5.661260">
						<ele>362</ele>
						<time>2025-01-21T12:12:45Z</time>
					</trkpt>
					<trkpt lat="43.424290" lon="5.661230">
						<ele>361</ele>
						<time>2025-01-21T12:12:48Z</time>
					</trkpt>
					<trkpt lat="43.424170" lon="5.661280">
						<ele>360</ele>
						<time>2025-01-21T12:12:51Z</time>
					</trkpt>
					<trkpt lat="43.424110" lon="5.661440">
						<ele>358</ele>
						<time>2025-01-21T12:12:53Z</time>
					</trkpt>
					<trkpt lat="43.424140" lon="5.661630">
						<ele>355</ele>
						<time>2025-01-21T12:12:55Z</time>
					</trkpt>
					<trkpt lat="43.424340" lon="5.661910">
						<ele>354</ele>
						<time>2025-01-21T12:13:00Z</time>
					</trkpt>
					<trkpt lat="43.424380" lon="5.662070">
						<ele>353</ele>
						<time>2025-01-21T12:13:03Z</time>
					</trkpt>
					<trkpt lat="43.424360" lon="5.662280">
						<ele>353</ele>
						<time>2025-01-21T12:13:05Z</time>
					</trkpt>
					<trkpt lat="43.424270" lon="5.662460">
						<ele>354</ele>
						<time>2025-01-21T12:13:08Z</time>
					</trkpt>
					<trkpt lat="43.423950" lon="5.662760">
						<ele>357</ele>
						<time>2025-01-21T12:13:15Z</time>
					</trkpt>
					<trkpt lat="43.423690" lon="5.662940">
						<ele>360</ele>
						<time>2025-01-21T12:13:20Z</time>
					</trkpt>
					<trkpt lat="43.423270" lon="5.663140">
						<ele>364</ele>
						<time>2025-01-21T12:13:28Z</time>
					</trkpt>
					<trkpt lat="43.422880" lon="5.663260">
						<ele>365</ele>
						<time>2025-01-21T12:13:35Z</time>
					</trkpt>
					<trkpt lat="43.422650" lon="5.663220">
						<ele>368</ele>
						<time>2025-01-21T12:13:39Z</time>
					</trkpt>
					<trkpt lat="43.422070" lon="5.662910">
						<ele>376</ele>
						<time>2025-01-21T12:13:51Z</time>
					</trkpt>
					<trkpt lat="43.421580" lon="5.662750">
						<ele>380</ele>
						<time>2025-01-21T12:13:59Z</time>
					</trkpt>
					<trkpt lat="43.420990" lon="5.662520">
						<ele>384</ele>
						<time>2025-01-21T12:14:10Z</time>
					</trkpt>
					<trkpt lat="43.420770" lon="5.662380">
						<ele>387</ele>
						<time>2025-01-21T12:14:15Z</time>
					</trkpt>
					<trkpt lat="43.420270" lon="5.661920">
						<ele>393</ele>
						<time>2025-01-21T12:14:25Z</time>
					</trkpt>
					<trkpt lat="43.420040" lon="5.661800">
						<ele>393</ele>
						<time>2025-01-21T12:14:30Z</time>
					</trkpt>
					<trkpt lat="43.419390" lon="5.661720">
						<ele>397</ele>
						<time>2025-01-21T12:14:41Z</time>
					</trkpt>
					<trkpt lat="43.418720" lon="5.661790">
						<ele>401</ele>
						<time>2025-01-21T12:14:53Z</time>
					</trkpt>
					<trkpt lat="43.418060" lon="5.661780">
						<ele>406</ele>
						<time>2025-01-21T12:15:05Z</time>
					</trkpt>
					<trkpt lat="43.417350" lon="5.661910">
						<ele>408</ele>
						<time>2025-01-21T12:15:18Z</time>
					</trkpt>
					<trkpt lat="43.417230" lon="5.661900">
						<ele>407</ele>
						<time>2025-01-21T12:15:20Z</time>
					</trkpt>
					<trkpt lat="43.417130" lon="5.661860">
						<ele>407</ele>
						<time>2025-01-21T12:15:22Z</time>
					</trkpt>
					<trkpt lat="43.416760" lon="5.661600">
						<ele>407</ele>
						<time>2025-01-21T12:15:29Z</time>
					</trkpt>
					<trkpt lat="43.416590" lon="5.661550">
						<ele>406</ele>
						<time>2025-01-21T12:15:32Z</time>
					</trkpt>
					<trkpt lat="43.416440" lon="5.661600">
						<ele>407</ele>
						<time>2025-01-21T12:15:35Z</time>
					</trkpt>
					<trkpt lat="43.416310" lon="5.661740">
						<ele>408</ele>
						<time>2025-01-21T12:15:38Z</time>
					</trkpt>
					<trkpt lat="43.415290" lon="5.663520">
						<ele>412</ele>
						<time>2025-01-21T12:16:07Z</time>
					</trkpt>
					<trkpt lat="43.414400" lon="5.665210">
						<ele>416</ele>
						<time>2025-01-21T12:16:34Z</time>
					</trkpt>
					<trkpt lat="43.413600" lon="5.667380">
						<ele>418</ele>
						<time>2025-01-21T12:17:06Z</time>
					</trkpt>
					<trkpt lat="43.413420" lon="5.667740">
						<ele>418</ele>
						<time>2025-01-21T12:17:11Z</time>
					</trkpt>
					<trkpt lat="43.412870" lon="5.668990">
						<ele>422</ele>
						<time>2025-01-21T12:17:30Z</time>
					</trkpt>
					<trkpt lat="43.412510" lon="5.670040">
						<ele>420</ele>
						<time>2025-01-21T12:17:45Z</time>
					</trkpt>
					<trkpt lat="43.412150" lon="5.670960">
						<ele>418</ele>
						<time>2025-01-21T12:17:59Z</time>
					</trkpt>
					<trkpt lat="43.411800" lon="5.671660">
						<ele>418</ele>
						<time>2025-01-21T12:18:10Z</time>
					</trkpt>
					<trkpt lat="43.411080" lon="5.672850">
						<ele>424</ele>
						<time>2025-01-21T12:18:30Z</time>
					</trkpt>
					<trkpt lat="43.410650" lon="5.673680">
						<ele>429</ele>
						<time>2025-01-21T12:18:43Z</time>
					</trkpt>
					<trkpt lat="43.409860" lon="5.675490">
						<ele>435</ele>
						<time>2025-01-21T12:19:10Z</time>
					</trkpt>
					<trkpt lat="43.409630" lon="5.675960">
						<ele>436</ele>
						<time>2025-01-21T12:19:18Z</time>
					</trkpt>
					<trkpt lat="43.409020" lon="5.676820">
						<ele>441</ele>
						<time>2025-01-21T12:19:33Z</time>
					</trkpt>
					<trkpt lat="43.408800" lon="5.677340">
						<ele>442</ele>
						<time>2025-01-21T12:19:41Z</time>
					</trkpt>
					<trkpt lat="43.408680" lon="5.677520">
						<ele>443</ele>
						<time>2025-01-21T12:19:44Z</time>
					</trkpt>
					<trkpt lat="43.408590" lon="5.677560">
						<ele>444</ele>
						<time>2025-01-21T12:19:46Z</time>
					</trkpt>
					<trkpt lat="43.408500" lon="5.677550">
						<ele>446</ele>
						<time>2025-01-21T12:19:47Z</time>
					</trkpt>
					<trkpt lat="43.408030" lon="5.677250">
						<ele>450</ele>
						<time>2025-01-21T12:19:57Z</time>
					</trkpt>
					<trkpt lat="43.407830" lon="5.677170">
						<ele>452</ele>
						<time>2025-01-21T12:20:00Z</time>
					</trkpt>
					<trkpt lat="43.407650" lon="5.677180">
						<ele>454</ele>
						<time>2025-01-21T12:20:03Z</time>
					</trkpt>
					<trkpt lat="43.407470" lon="5.677300">
						<ele>456</ele>
						<time>2025-01-21T12:20:07Z</time>
					</trkpt>
					<trkpt lat="43.407330" lon="5.677520">
						<ele>459</ele>
						<time>2025-01-21T12:20:11Z</time>
					</trkpt>
					<trkpt lat="43.406550" lon="5.679160">
						<ele>472</ele>
						<time>2025-01-21T12:20:36Z</time>
					</trkpt>
					<trkpt lat="43.406520" lon="5.679420">
						<ele>474</ele>
						<time>2025-01-21T12:20:40Z</time>
					</trkpt>
					<trkpt lat="43.406530" lon="5.679560">
						<ele>475</ele>
						<time>2025-01-21T12:20:41Z</time>
					</trkpt>
					<trkpt lat="43.406680" lon="5.680200">
						<ele>476</ele>
						<time>2025-01-21T12:20:50Z</time>
					</trkpt>
					<trkpt lat="43.406730" lon="5.680300">
						<ele>477</ele>
						<time>2025-01-21T12:20:52Z</time>
					</trkpt>
					<trkpt lat="43.406800" lon="5.680370">
						<ele>477</ele>
						<time>2025-01-21T12:20:53Z</time>
					</trkpt>
					<trkpt lat="43.407030" lon="5.680490">
						<ele>474</ele>
						<time>2025-01-21T12:20:58Z</time>
					</trkpt>
					<trkpt lat="43.407090" lon="5.680550">
						<ele>474</ele>
						<time>2025-01-21T12:20:59Z</time>
					</trkpt>
					<trkpt lat="43.407110" lon="5.680680">
						<ele>475</ele>
						<time>2025-01-21T12:21:01Z</time>
					</trkpt>
					<trkpt lat="43.407090" lon="5.680740">
						<ele>476</ele>
						<time>2025-01-21T12:21:01Z</time>
					</trkpt>
					<trkpt lat="43.407040" lon="5.680780">
						<ele>478</ele>
						<time>2025-01-21T12:21:02Z</time>
					</trkpt>
					<trkpt lat="43.406920" lon="5.680780">
						<ele>480</ele>
						<time>2025-01-21T12:21:05Z</time>
					</trkpt>
					<trkpt lat="43.406660" lon="5.680610">
						<ele>483</ele>
						<time>2025-01-21T12:21:10Z</time>
					</trkpt>
					<trkpt lat="43.406550" lon="5.680580">
						<ele>486</ele>
						<time>2025-01-21T12:21:12Z</time>
					</trkpt>
					<trkpt lat="43.406500" lon="5.680600">
						<ele>487</ele>
						<time>2025-01-21T12:21:13Z</time>
					</trkpt>
					<trkpt lat="43.406470" lon="5.680660">
						<ele>489</ele>
						<time>2025-01-21T12:21:14Z</time>
					</trkpt>
					<trkpt lat="43.406450" lon="5.680730">
						<ele>491</ele>
						<time>2025-01-21T12:21:15Z</time>
					</trkpt>
					<trkpt lat="43.406460" lon="5.680810">
						<ele>492</ele>
						<time>2025-01-21T12:21:16Z</time>
					</trkpt>
					<trkpt lat="43.406540" lon="5.680960">
						<ele>492</ele>
						<time>2025-01-21T12:21:18Z</time>
					</trkpt>
					<trkpt lat="43.406850" lon="5.681150">
						<ele>488</ele>
						<time>2025-01-21T12:21:24Z</time>
					</trkpt>
					<trkpt lat="43.406930" lon="5.681220">
						<ele>487</ele>
						<time>2025-01-21T12:21:26Z</time>
					</trkpt>
					<trkpt lat="43.406980" lon="5.681310">
						<ele>488</ele>
						<time>2025-01-21T12:21:27Z</time>
					</trkpt>
					<trkpt lat="43.407050" lon="5.681530">
						<ele>490</ele>
						<time>2025-01-21T12:21:30Z</time>
					</trkpt>
					<trkpt lat="43.407150" lon="5.682030">
						<ele>496</ele>
						<time>2025-01-21T12:21:37Z</time>
					</trkpt>
					<trkpt lat="43.407200" lon="5.682150">
						<ele>496</ele>
						<time>2025-01-21T12:21:39Z</time>
					</trkpt>
					<trkpt lat="43.407460" lon="5.682540">
						<ele>496</ele>
						<time>2025-01-21T12:21:46Z</time>
					</trkpt>
					<trkpt lat="43.407640" lon="5.682960">
						<ele>497</ele>
						<time>2025-01-21T12:21:52Z</time>
					</trkpt>
					<trkpt lat="43.407830" lon="5.683220">
						<ele>497</ele>
						<time>2025-01-21T12:21:57Z</time>
					</trkpt>
					<trkpt lat="43.408010" lon="5.683890">
						<ele>504</ele>
						<time>2025-01-21T12:22:06Z</time>
					</trkpt>
					<trkpt lat="43.408100" lon="5.684060">
						<ele>505</ele>
						<time>2025-01-21T12:22:09Z</time>
					</trkpt>
					<trkpt lat="43.408170" lon="5.684110">
						<ele>504</ele>
						<time>2025-01-21T12:22:10Z</time>
					</trkpt>
					<trkpt lat="43.408420" lon="5.684100">
						<ele>499</ele>
						<time>2025-01-21T12:22:15Z</time>
					</trkpt>
					<trkpt lat="43.408620" lon="5.684160">
						<ele>497</ele>
						<time>2025-01-21T12:22:18Z</time>
					</trkpt>
					<trkpt lat="43.409090" lon="5.684520">
						<ele>500</ele>
						<time>2025-01-21T12:22:28Z</time>
					</trkpt>
					<trkpt lat="43.409390" lon="5.684810">
						<ele>506</ele>
						<time>2025-01-21T12:22:34Z</time>
					</trkpt>
					<trkpt lat="43.409590" lon="5.684900">
						<ele>507</ele>
						<time>2025-01-21T12:22:38Z</time>
					</trkpt>
					<trkpt lat="43.409790" lon="5.684960">
						<ele>507</ele>
						<time>2025-01-21T12:22:42Z</time>
					</trkpt>
					<trkpt lat="43.409980" lon="5.684980">
						<ele>507</ele>
						<time>2025-01-21T12:22:45Z</time>
					</trkpt>
					<trkpt lat="43.410070" lon="5.684950">
						<ele>506</ele>
						<time>2025-01-21T12:22:47Z</time>
					</trkpt>
					<trkpt lat="43.410260" lon="5.684790">
						<ele>504</ele>
						<time>2025-01-21T12:22:51Z</time>
					</trkpt>
					<trkpt lat="43.410380" lon="5.684740">
						<ele>503</ele>
						<time>2025-01-21T12:22:53Z</time>
					</trkpt>
					<trkpt lat="43.410480" lon="5.684790">
						<ele>503</ele>
						<time>2025-01-21T12:22:55Z</time>
					</trkpt>
					<trkpt lat="43.410490" lon="5.684960">
						<ele>507</ele>
						<time>2025-01-21T12:22:57Z</time>
					</trkpt>
					<trkpt lat="43.410080" lon="5.685280">
						<ele>515</ele>
						<time>2025-01-21T12:23:05Z</time>
					</trkpt>
					<trkpt lat="43.409880" lon="5.685360">
						<ele>518</ele>
						<time>2025-01-21T12:23:09Z</time>
					</trkpt>
					<trkpt lat="43.409450" lon="5.685350">
						<ele>520</ele>
						<time>2025-01-21T12:23:17Z</time>
					</trkpt>
					<trkpt lat="43.408940" lon="5.685170">
						<ele>518</ele>
						<time>2025-01-21T12:23:26Z</time>
					</trkpt>
					<trkpt lat="43.408600" lon="5.685120">
						<ele>519</ele>
						<time>2025-01-21T12:23:32Z</time>
					</trkpt>
					<trkpt lat="43.408390" lon="5.685130">
						<ele>521</ele>
						<time>2025-01-21T12:23:36Z</time>
					</trkpt>
					<trkpt lat="43.407830" lon="5.685260">
						<ele>530</ele>
						<time>2025-01-21T12:23:46Z</time>
					</trkpt>
					<trkpt lat="43.407720" lon="5.685260">
						<ele>531</ele>
						<time>2025-01-21T12:23:48Z</time>
					</trkpt>
					<trkpt lat="43.407610" lon="5.685250">
						<ele>532</ele>
						<time>2025-01-21T12:23:50Z</time>
					</trkpt>
					<trkpt lat="43.407200" lon="5.685110">
						<ele>531</ele>
						<time>2025-01-21T12:23:57Z</time>
					</trkpt>
					<trkpt lat="43.407030" lon="5.685110">
						<ele>530</ele>
						<time>2025-01-21T12:24:00Z</time>
					</trkpt>
					<trkpt lat="43.406870" lon="5.685140">
						<ele>528</ele>
						<time>2025-01-21T12:24:03Z</time>
					</trkpt>
					<trkpt lat="43.406700" lon="5.685040">
						<ele>529</ele>
						<time>2025-01-21T12:24:07Z</time>
					</trkpt>
					<trkpt lat="43.406120" lon="5.684590">
						<ele>530</ele>
						<time>2025-01-21T12:24:18Z</time>
					</trkpt>
					<trkpt lat="43.405710" lon="5.684420">
						<ele>531</ele>
						<time>2025-01-21T12:24:26Z</time>
					</trkpt>
					<trkpt lat="43.405530" lon="5.684430">
						<ele>530</ele>
						<time>2025-01-21T12:24:29Z</time>
					</trkpt>
					<trkpt lat="43.405230" lon="5.684590">
						<ele>525</ele>
						<time>2025-01-21T12:24:35Z</time>
					</trkpt>
					<trkpt lat="43.405030" lon="5.684640">
						<ele>524</ele>
						<time>2025-01-21T12:24:39Z</time>
					</trkpt>
					<trkpt lat="43.404740" lon="5.684660">
						<ele>522</ele>
						<time>2025-01-21T12:24:44Z</time>
					</trkpt>
					<trkpt lat="43.404190" lon="5.684630">
						<ele>520</ele>
						<time>2025-01-21T12:24:54Z</time>
					</trkpt>
					<trkpt lat="43.403960" lon="5.684520">
						<ele>517</ele>
						<time>2025-01-21T12:24:58Z</time>
					</trkpt>
					<trkpt lat="43.403840" lon="5.684550">
						<ele>514</ele>
						<time>2025-01-21T12:25:00Z</time>
					</trkpt>
					<trkpt lat="43.403780" lon="5.684700">
						<ele>509</ele>
						<time>2025-01-21T12:25:02Z</time>
					</trkpt>
					<trkpt lat="43.403830" lon="5.685060">
						<ele>504</ele>
						<time>2025-01-21T12:25:07Z</time>
					</trkpt>
					<trkpt lat="43.403940" lon="5.685200">
						<ele>504</ele>
						<time>2025-01-21T12:25:10Z</time>
					</trkpt>
					<trkpt lat="43.404010" lon="5.685240">
						<ele>504</ele>
						<time>2025-01-21T12:25:11Z</time>
					</trkpt>
					<trkpt lat="43.404260" lon="5.685280">
						<ele>508</ele>
						<time>2025-01-21T12:25:16Z</time>
					</trkpt>
					<trkpt lat="43.404340" lon="5.685320">
						<ele>507</ele>
						<time>2025-01-21T12:25:17Z</time>
					</trkpt>
					<trkpt lat="43.404400" lon="5.685380">
						<ele>506</ele>
						<time>2025-01-21T12:25:18Z</time>
					</trkpt>
					<trkpt lat="43.404610" lon="5.685730">
						<ele>501</ele>
						<time>2025-01-21T12:25:24Z</time>
					</trkpt>
					<trkpt lat="43.404830" lon="5.685950">
						<ele>498</ele>
						<time>2025-01-21T12:25:29Z</time>
					</trkpt>
					<trkpt lat="43.404910" lon="5.685990">
						<ele>497</ele>
						<time>2025-01-21T12:25:31Z</time>
					</trkpt>
					<trkpt lat="43.405090" lon="5.686010">
						<ele>498</ele>
						<time>2025-01-21T12:25:34Z</time>
					</trkpt>
					<trkpt lat="43.405250" lon="5.685950">
						<ele>500</ele>
						<time>2025-01-21T12:25:37Z</time>
					</trkpt>
					<trkpt lat="43.405460" lon="5.685810">
						<ele>502</ele>
						<time>2025-01-21T12:25:41Z</time>
					</trkpt>
					<trkpt lat="43.405590" lon="5.685850">
						<ele>502</ele>
						<time>2025-01-21T12:25:43Z</time>
					</trkpt>
					<trkpt lat="43.405650" lon="5.685910">
						<ele>501</ele>
						<time>2025-01-21T12:25:45Z</time>
					</trkpt>
					<trkpt lat="43.405720" lon="5.686090">
						<ele>498</ele>
						<time>2025-01-21T12:25:47Z</time>
					</trkpt>
					<trkpt lat="43.405660" lon="5.686490">
						<ele>491</ele>
						<time>2025-01-21T12:25:53Z</time>
					</trkpt>
					<trkpt lat="43.405820" lon="5.686900">
						<ele>492</ele>
						<time>2025-01-21T12:25:59Z</time>
					</trkpt>
					<trkpt lat="43.405810" lon="5.687020">
						<ele>493</ele>
						<time>2025-01-21T12:26:00Z</time>
					</trkpt>
					<trkpt lat="43.405770" lon="5.687080">
						<ele>493</ele>
						<time>2025-01-21T12:26:01Z</time>
					</trkpt>
					<trkpt lat="43.405640" lon="5.687130">
						<ele>492</ele>
						<time>2025-01-21T12:26:04Z</time>
					</trkpt>
					<trkpt lat="43.405270" lon="5.687100">
						<ele>487</ele>
						<time>2025-01-21T12:26:10Z</time>
					</trkpt>
					<trkpt lat="43.405090" lon="5.687120">
						<ele>485</ele>
						<time>2025-01-21T12:26:13Z</time>
					</trkpt>
					<trkpt lat="43.404720" lon="5.687310">
						<ele>479</ele>
						<time>2025-01-21T12:26:20Z</time>
					</trkpt>
					<trkpt lat="43.404370" lon="5.687590">
						<ele>474</ele>
						<time>2025-01-21T12:26:28Z</time>
					</trkpt>
					<trkpt lat="43.404240" lon="5.687740">
						<ele>472</ele>
						<time>2025-01-21T12:26:31Z</time>
					</trkpt>
					<trkpt lat="43.404140" lon="5.687920">
						<ele>470</ele>
						<time>2025-01-21T12:26:34Z</time>
					</trkpt>
					<trkpt lat="43.404050" lon="5.688180">
						<ele>469</ele>
						<time>2025-01-21T12:26:37Z</time>
					</trkpt>
					<trkpt lat="43.403970" lon="5.688250">
						<ele>466</ele>
						<time>2025-01-21T12:26:39Z</time>
					</trkpt>
					<trkpt lat="43.403890" lon="5.688230">
						<ele>464</ele>
						<time>2025-01-21T12:26:40Z</time>
					</trkpt>
					<trkpt lat="43.403860" lon="5.688180">
						<ele>463</ele>
						<time>2025-01-21T12:26:41Z</time>
					</trkpt>
					<trkpt lat="43.403840" lon="5.688120">
						<ele>462</ele>
						<time>2025-01-21T12:26:42Z</time>
					</trkpt>
					<trkpt lat="43.403860" lon="5.688010">
						<ele>463</ele>
						<time>2025-01-21T12:26:44Z</time>
					</trkpt>
					<trkpt lat="43.404380" lon="5.687380">
						<ele>473</ele>
						<time>2025-01-21T12:26:56Z</time>
					</trkpt>
					<trkpt lat="43.404730" lon="5.687140">
						<ele>479</ele>
						<time>2025-01-21T12:27:03Z</time>
					</trkpt>
					<trkpt lat="43.404760" lon="5.687080">
						<ele>480</ele>
						<time>2025-01-21T12:27:04Z</time>
					</trkpt>
					<trkpt lat="43.404740" lon="5.686940">
						<ele>479</ele>
						<time>2025-01-21T12:27:06Z</time>
					</trkpt>
					<trkpt lat="43.404690" lon="5.686880">
						<ele>478</ele>
						<time>2025-01-21T12:27:07Z</time>
					</trkpt>
					<trkpt lat="43.404570" lon="5.686880">
						<ele>477</ele>
						<time>2025-01-21T12:27:09Z</time>
					</trkpt>
					<trkpt lat="43.404400" lon="5.687020">
						<ele>474</ele>
						<time>2025-01-21T12:27:12Z</time>
					</trkpt>
					<trkpt lat="43.404240" lon="5.687110">
						<ele>472</ele>
						<time>2025-01-21T12:27:16Z</time>
					</trkpt>
					<trkpt lat="43.403980" lon="5.687200">
						<ele>467</ele>
						<time>2025-01-21T12:27:20Z</time>
					</trkpt>
					<trkpt lat="43.403870" lon="5.687270">
						<ele>465</ele>
						<time>2025-01-21T12:27:22Z</time>
					</trkpt>
					<trkpt lat="43.403810" lon="5.687350">
						<ele>463</ele>
						<time>2025-01-21T12:27:24Z</time>
					</trkpt>
					<trkpt lat="43.403600" lon="5.687850">
						<ele>457</ele>
						<time>2025-01-21T12:27:31Z</time>
					</trkpt>
					<trkpt lat="43.403540" lon="5.688190">
						<ele>453</ele>
						<time>2025-01-21T12:27:36Z</time>
					</trkpt>
					<trkpt lat="43.403630" lon="5.688940">
						<ele>451</ele>
						<time>2025-01-21T12:27:46Z</time>
					</trkpt>
					<trkpt lat="43.403660" lon="5.689990">
						<ele>445</ele>
						<time>2025-01-21T12:27:59Z</time>
					</trkpt>
					<trkpt lat="43.403610" lon="5.690750">
						<ele>441</ele>
						<time>2025-01-21T12:28:09Z</time>
					</trkpt>
					<trkpt lat="43.403570" lon="5.690860">
						<ele>439</ele>
						<time>2025-01-21T12:28:11Z</time>
					</trkpt>
					<trkpt lat="43.403530" lon="5.690880">
						<ele>438</ele>
						<time>2025-01-21T12:28:12Z</time>
					</trkpt>
					<trkpt lat="43.403450" lon="5.690840">
						<ele>437</ele>
						<time>2025-01-21T12:28:13Z</time>
					</trkpt>
					<trkpt lat="43.403400" lon="5.690730">
						<ele>436</ele>
						<time>2025-01-21T12:28:15Z</time>
					</trkpt>
					<trkpt lat="43.403520" lon="5.690140">
						<ele>439</ele>
						<time>2025-01-21T12:28:23Z</time>
					</trkpt>
					<trkpt lat="43.403470" lon="5.689620">
						<ele>440</ele>
						<time>2025-01-21T12:28:29Z</time>
					</trkpt>
					<trkpt lat="43.403110" lon="5.688200">
						<ele>451</ele>
						<time>2025-01-21T12:28:49Z</time>
					</trkpt>
					<trkpt lat="43.403050" lon="5.688120">
						<ele>453</ele>
						<time>2025-01-21T12:28:50Z</time>
					</trkpt>
					<trkpt lat="43.403000" lon="5.688120">
						<ele>454</ele>
						<time>2025-01-21T12:28:51Z</time>
					</trkpt>
					<trkpt lat="43.402920" lon="5.688210">
						<ele>454</ele>
						<time>2025-01-21T12:28:53Z</time>
					</trkpt>
					<trkpt lat="43.402820" lon="5.689220">
						<ele>438</ele>
						<time>2025-01-21T12:29:06Z</time>
					</trkpt>
					<trkpt lat="43.402800" lon="5.689330">
						<ele>436</ele>
						<time>2025-01-21T12:29:08Z</time>
					</trkpt>
					<trkpt lat="43.402680" lon="5.689640">
						<ele>429</ele>
						<time>2025-01-21T12:29:12Z</time>
					</trkpt>
					<trkpt lat="43.402580" lon="5.689780">
						<ele>425</ele>
						<time>2025-01-21T12:29:15Z</time>
					</trkpt>
					<trkpt lat="43.402560" lon="5.689740">
						<ele>426</ele>
						<time>2025-01-21T12:29:15Z</time>
					</trkpt>
					<trkpt lat="43.402270" lon="5.689940">
						<ele>425</ele>
						<time>2025-01-21T12:29:21Z</time>
					</trkpt>
					<trkpt lat="43.402100" lon="5.690080">
						<ele>425</ele>
						<time>2025-01-21T12:29:25Z</time>
					</trkpt>
					<trkpt lat="43.401960" lon="5.690250">
						<ele>423</ele>
						<time>2025-01-21T12:29:28Z</time>
					</trkpt>
					<trkpt lat="43.401730" lon="5.690410">
						<ele>420</ele>
						<time>2025-01-21T12:29:33Z</time>
					</trkpt>
					<trkpt lat="43.401500" lon="5.690640">
						<ele>414</ele>
						<time>2025-01-21T12:29:38Z</time>
					</trkpt>
					<trkpt lat="43.401310" lon="5.690930">
						<ele>407</ele>
						<time>2025-01-21T12:29:43Z</time>
					</trkpt>
					<trkpt lat="43.401210" lon="5.691130">
						<ele>403</ele>
						<time>2025-01-21T12:29:46Z</time>
					</trkpt>
					<trkpt lat="43.401100" lon="5.691250">
						<ele>401</ele>
						<time>2025-01-21T12:29:48Z</time>
					</trkpt>
					<trkpt lat="43.401040" lon="5.691270">
						<ele>401</ele>
						<time>2025-01-21T12:29:49Z</time>
					</trkpt>
					<trkpt lat="43.400920" lon="5.691260">
						<ele>402</ele>
						<time>2025-01-21T12:29:52Z</time>
					</trkpt>
					<trkpt lat="43.400550" lon="5.691160">
						<ele>401</ele>
						<time>2025-01-21T12:29:58Z</time>
					</trkpt>
					<trkpt lat="43.400290" lon="5.691010">
						<ele>401</ele>
						<time>2025-01-21T12:30:03Z</time>
					</trkpt>
					<trkpt lat="43.400100" lon="5.690790">
						<ele>403</ele>
						<time>2025-01-21T12:30:08Z</time>
					</trkpt>
					<trkpt lat="43.400000" lon="5.690720">
						<ele>403</ele>
						<time>2025-01-21T12:30:10Z</time>
					</trkpt>
					<trkpt lat="43.399590" lon="5.690690">
						<ele>394</ele>
						<time>2025-01-21T12:30:17Z</time>
					</trkpt>
					<trkpt lat="43.399490" lon="5.690620">
						<ele>394</ele>
						<time>2025-01-21T12:30:19Z</time>
					</trkpt>
					<trkpt lat="43.399160" lon="5.690270">
						<ele>395</ele>
						<time>2025-01-21T12:30:26Z</time>
					</trkpt>
					<trkpt lat="43.399070" lon="5.690230">
						<ele>395</ele>
						<time>2025-01-21T12:30:28Z</time>
					</trkpt>
					<trkpt lat="43.398850" lon="5.690200">
						<ele>391</ele>
						<time>2025-01-21T12:30:32Z</time>
					</trkpt>
					<trkpt lat="43.398700" lon="5.690110">
						<ele>390</ele>
						<time>2025-01-21T12:30:35Z</time>
					</trkpt>
					<trkpt lat="43.398570" lon="5.689940">
						<ele>390</ele>
						<time>2025-01-21T12:30:38Z</time>
					</trkpt>
					<trkpt lat="43.398500" lon="5.689940">
						<ele>389</ele>
						<time>2025-01-21T12:30:39Z</time>
					</trkpt>
					<trkpt lat="43.398460" lon="5.689980">
						<ele>387</ele>
						<time>2025-01-21T12:30:40Z</time>
					</trkpt>
					<trkpt lat="43.398440" lon="5.690100">
						<ele>384</ele>
						<time>2025-01-21T12:30:42Z</time>
					</trkpt>
					<trkpt lat="43.398480" lon="5.690190">
						<ele>383</ele>
						<time>2025-01-21T12:30:43Z</time>
					</trkpt>
					<trkpt lat="43.398980" lon="5.690370">
						<ele>389</ele>
						<time>2025-01-21T12:30:52Z</time>
					</trkpt>
					<trkpt lat="43.399100" lon="5.690440">
						<ele>390</ele>
						<time>2025-01-21T12:30:55Z</time>
					</trkpt>
					<trkpt lat="43.399330" lon="5.690870">
						<ele>383</ele>
						<time>2025-01-21T12:31:02Z</time>
					</trkpt>
					<trkpt lat="43.399470" lon="5.691060">
						<ele>382</ele>
						<time>2025-01-21T12:31:05Z</time>
					</trkpt>
					<trkpt lat="43.399620" lon="5.691140">
						<ele>383</ele>
						<time>2025-01-21T12:31:08Z</time>
					</trkpt>
					<trkpt lat="43.399810" lon="5.691130">
						<ele>388</ele>
						<time>2025-01-21T12:31:11Z</time>
					</trkpt>
					<trkpt lat="43.399890" lon="5.691150">
						<ele>389</ele>
						<time>2025-01-21T12:31:13Z</time>
					</trkpt>
					<trkpt lat="43.400150" lon="5.691610">
						<ele>381</ele>
						<time>2025-01-21T12:31:20Z</time>
					</trkpt>
					<trkpt lat="43.400360" lon="5.691880">
						<ele>378</ele>
						<time>2025-01-21T12:31:26Z</time>
					</trkpt>
					<trkpt lat="43.400890" lon="5.692270">
						<ele>374</ele>
						<time>2025-01-21T12:31:36Z</time>
					</trkpt>
					<trkpt lat="43.400930" lon="5.692330">
						<ele>372</ele>
						<time>2025-01-21T12:31:37Z</time>
					</trkpt>
					<trkpt lat="43.400930" lon="5.692440">
						<ele>369</ele>
						<time>2025-01-21T12:31:39Z</time>
					</trkpt>
					<trkpt lat="43.400870" lon="5.692530">
						<ele>367</ele>
						<time>2025-01-21T12:31:40Z</time>
					</trkpt>
					<trkpt lat="43.400790" lon="5.692540">
						<ele>366</ele>
						<time>2025-01-21T12:31:42Z</time>
					</trkpt>
					<trkpt lat="43.399760" lon="5.691880">
						<ele>369</ele>
						<time>2025-01-21T12:32:02Z</time>
					</trkpt>
					<trkpt lat="43.399670" lon="5.691870">
						<ele>367</ele>
						<time>2025-01-21T12:32:04Z</time>
					</trkpt>
					<trkpt lat="43.399590" lon="5.691970">
						<ele>364</ele>
						<time>2025-01-21T12:32:05Z</time>
					</trkpt>
					<trkpt lat="43.399580" lon="5.692120">
						<ele>361</ele>
						<time>2025-01-21T12:32:07Z</time>
					</trkpt>
					<trkpt lat="43.399680" lon="5.692260">
						<ele>360</ele>
						<time>2025-01-21T12:32:10Z</time>
					</trkpt>
					<trkpt lat="43.400000" lon="5.692460">
						<ele>361</ele>
						<time>2025-01-21T12:32:16Z</time>
					</trkpt>
					<trkpt lat="43.400180" lon="5.692730">
						<ele>359</ele>
						<time>2025-01-21T12:32:21Z</time>
					</trkpt>
					<trkpt lat="43.400270" lon="5.692950">
						<ele>358</ele>
						<time>2025-01-21T12:32:24Z</time>
					</trkpt>
					<trkpt lat="43.400260" lon="5.693110">
						<ele>356</ele>
						<time>2025-01-21T12:32:26Z</time>
					</trkpt>
					<trkpt lat="43.400220" lon="5.693190">
						<ele>355</ele>
						<time>2025-01-21T12:32:28Z</time>
					</trkpt>
					<trkpt lat="43.399870" lon="5.693470">
						<ele>352</ele>
						<time>2025-01-21T12:32:35Z</time>
					</trkpt>
					<trkpt lat="43.398830" lon="5.693860">
						<ele>345</ele>
						<time>2025-01-21T12:32:54Z</time>
					</trkpt>
					<trkpt lat="43.398380" lon="5.694060">
						<ele>343</ele>
						<time>2025-01-21T12:33:02Z</time>
					</trkpt>
					<trkpt lat="43.398180" lon="5.694200">
						<ele>341</ele>
						<time>2025-01-21T12:33:06Z</time>
					</trkpt>
					<trkpt lat="43.398080" lon="5.694320">
						<ele>339</ele>
						<time>2025-01-21T12:33:09Z</time>
					</trkpt>
					<trkpt lat="43.398020" lon="5.694540">
						<ele>338</ele>
						<time>2025-01-21T12:33:12Z</time>
					</trkpt>
					<trkpt lat="43.397980" lon="5.695110">
						<ele>337</ele>
						<time>2025-01-21T12:33:19Z</time>
					</trkpt>
					<trkpt lat="43.398000" lon="5.695220">
						<ele>337</ele>
						<time>2025-01-21T12:33:21Z</time>
					</trkpt>
					<trkpt lat="43.398100" lon="5.695350">
						<ele>337</ele>
						<time>2025-01-21T12:33:23Z</time>
					</trkpt>
					<trkpt lat="43.398750" lon="5.695920">
						<ele>337</ele>
						<time>2025-01-21T12:33:37Z</time>
					</trkpt>
					<trkpt lat="43.398780" lon="5.695990">
						<ele>336</ele>
						<time>2025-01-21T12:33:38Z</time>
					</trkpt>
					<trkpt lat="43.398780" lon="5.696110">
						<ele>336</ele>
						<time>2025-01-21T12:33:39Z</time>
					</trkpt>
					<trkpt lat="43.398670" lon="5.696270">
						<ele>335</ele>
						<time>2025-01-21T12:33:42Z</time>
					</trkpt>
					<trkpt lat="43.398590" lon="5.696310">
						<ele>334</ele>
						<time>2025-01-21T12:33:44Z</time>
					</trkpt>
					<trkpt lat="43.398310" lon="5.696410">
						<ele>332</ele>
						<time>2025-01-21T12:33:49Z</time>
					</trkpt>
					<trkpt lat="43.397840" lon="5.696510">
						<ele>330</ele>
						<time>2025-01-21T12:33:57Z</time>
					</trkpt>
					<trkpt lat="43.397730" lon="5.696550">
						<ele>329</ele>
						<time>2025-01-21T12:33:59Z</time>
					</trkpt>
					<trkpt lat="43.397690" lon="5.696590">
						<ele>329</ele>
						<time>2025-01-21T12:34:00Z</time>
					</trkpt>
					<trkpt lat="43.397630" lon="5.696750">
						<ele>328</ele>
						<time>2025-01-21T12:34:03Z</time>
					</trkpt>
					<trkpt lat="43.397600" lon="5.697160">
						<ele>326</ele>
						<time>2025-01-21T12:34:08Z</time>
					</trkpt>
					<trkpt lat="43.397420" lon="5.697900">
						<ele>322</ele>
						<time>2025-01-21T12:34:18Z</time>
					</trkpt>
					<trkpt lat="43.397150" lon="5.698740">
						<ele>320</ele>
						<time>2025-01-21T12:34:30Z</time>
					</trkpt>
					<trkpt lat="43.396760" lon="5.699080">
						<ele>317</ele>
						<time>2025-01-21T12:34:38Z</time>
					</trkpt>
					<trkpt lat="43.396470" lon="5.699470">
						<ele>314</ele>
						<time>2025-01-21T12:34:45Z</time>
					</trkpt>
					<trkpt lat="43.396030" lon="5.699920">
						<ele>311</ele>
						<time>2025-01-21T12:34:55Z</time>
					</trkpt>
					<trkpt lat="43.395890" lon="5.699910">
						<ele>311</ele>
						<time>2025-01-21T12:34:58Z</time>
					</trkpt>
					<trkpt lat="43.395650" lon="5.699800">
						<ele>310</ele>
						<time>2025-01-21T12:35:02Z</time>
					</trkpt>
					<trkpt lat="43.395470" lon="5.699660">
						<ele>310</ele>
						<time>2025-01-21T12:35:06Z</time>
					</trkpt>
					<trkpt lat="43.395070" lon="5.699230">
						<ele>307</ele>
						<time>2025-01-21T12:35:15Z</time>
					</trkpt>
					<trkpt lat="43.394340" lon="5.698900">
						<ele>304</ele>
						<time>2025-01-21T12:35:28Z</time>
					</trkpt>
					<trkpt lat="43.394240" lon="5.698880">
						<ele>304</ele>
						<time>2025-01-21T12:35:30Z</time>
					</trkpt>
					<trkpt lat="43.393750" lon="5.698890">
						<ele>301</ele>
						<time>2025-01-21T12:35:39Z</time>
					</trkpt>
					<trkpt lat="43.393180" lon="5.698960">
						<ele>298</ele>
						<time>2025-01-21T12:35:49Z</time>
					</trkpt>
					<trkpt lat="43.393110" lon="5.698990">
						<ele>298</ele>
						<time>2025-01-21T12:35:50Z</time>
					</trkpt>
					<trkpt lat="43.393050" lon="5.699140">
						<ele>297</ele>
						<time>2025-01-21T12:35:53Z</time>
					</trkpt>
					<trkpt lat="43.393100" lon="5.699990">
						<ele>294</ele>
						<time>2025-01-21T12:36:04Z</time>
					</trkpt>
					<trkpt lat="43.393030" lon="5.700540">
						<ele>292</ele>
						<time>2025-01-21T12:36:11Z</time>
					</trkpt>
					<trkpt lat="43.393080" lon="5.701460">
						<ele>288</ele>
						<time>2025-01-21T12:36:23Z</time>
					</trkpt>
					<trkpt lat="43.393140" lon="5.701570">
						<ele>287</ele>
						<time>2025-01-21T12:36:25Z</time>
					</trkpt>
					<trkpt lat="43.393190" lon="5.701610">
						<ele>287</ele>
						<time>2025-01-21T12:36:26Z</time>
					</trkpt>
					<trkpt lat="43.393630" lon="5.701810">
						<ele>289</ele>
						<time>2025-01-21T12:36:34Z</time>
					</trkpt>
					<trkpt lat="43.393840" lon="5.701940">
						<ele>289</ele>
						<time>2025-01-21T12:36:38Z</time>
					</trkpt>
					<trkpt lat="43.393880" lon="5.701990">
						<ele>289</ele>
						<time>2025-01-21T12:36:39Z</time>
					</trkpt>
					<trkpt lat="43.393920" lon="5.702070">
						<ele>290</ele>
						<time>2025-01-21T12:36:40Z</time>
					</trkpt>
					<trkpt lat="43.393930" lon="5.702260">
						<ele>290</ele>
						<time>2025-01-21T12:36:43Z</time>
					</trkpt>
					<trkpt lat="43.393900" lon="5.702360">
						<ele>290</ele>
						<time>2025-01-21T12:36:44Z</time>
					</trkpt>
					<trkpt lat="43.393840" lon="5.702450">
						<ele>290</ele>
						<time>2025-01-21T12:36:46Z</time>
					</trkpt>
					<trkpt lat="43.393750" lon="5.702510">
						<ele>290</ele>
						<time>2025-01-21T12:36:47Z</time>
					</trkpt>
					<trkpt lat="43.393610" lon="5.702530">
						<ele>290</ele>
						<time>2025-01-21T12:36:50Z</time>
					</trkpt>
					<trkpt lat="43.392550" lon="5.702420">
						<ele>282</ele>
						<time>2025-01-21T12:37:09Z</time>
					</trkpt>
					<trkpt lat="43.392240" lon="5.702440">
						<ele>281</ele>
						<time>2025-01-21T12:37:14Z</time>
					</trkpt>
					<trkpt lat="43.392150" lon="5.702470">
						<ele>281</ele>
						<time>2025-01-21T12:37:16Z</time>
					</trkpt>
					<trkpt lat="43.391850" lon="5.702760">
						<ele>280</ele>
						<time>2025-01-21T12:37:23Z</time>
					</trkpt>
					<trkpt lat="43.391510" lon="5.703190">
						<ele>277</ele>
						<time>2025-01-21T12:37:31Z</time>
					</trkpt>
					<trkpt lat="43.391370" lon="5.703300">
						<ele>276</ele>
						<time>2025-01-21T12:37:34Z</time>
					</trkpt>
					<trkpt lat="43.391190" lon="5.703350">
						<ele>275</ele>
						<time>2025-01-21T12:37:37Z</time>
					</trkpt>
					<trkpt lat="43.390700" lon="5.703400">
						<ele>275</ele>
						<time>2025-01-21T12:37:46Z</time>
					</trkpt>
					<trkpt lat="43.390500" lon="5.703470">
						<ele>275</ele>
						<time>2025-01-21T12:37:49Z</time>
					</trkpt>
					<trkpt lat="43.390010" lon="5.703780">
						<ele>276</ele>
						<time>2025-01-21T12:37:59Z</time>
					</trkpt>
					<trkpt lat="43.389720" lon="5.703930">
						<ele>276</ele>
						<time>2025-01-21T12:38:04Z</time>
					</trkpt>
					<trkpt lat="43.389610" lon="5.704030">
						<ele>276</ele>
						<time>2025-01-21T12:38:07Z</time>
					</trkpt>
					<trkpt lat="43.389110" lon="5.705110">
						<ele>274</ele>
						<time>2025-01-21T12:38:23Z</time>
					</trkpt>
					<trkpt lat="43.388920" lon="5.705410">
						<ele>275</ele>
						<time>2025-01-21T12:38:28Z</time>
					</trkpt>
					<trkpt lat="43.388880" lon="5.705440">
						<ele>275</ele>
						<time>2025-01-21T12:38:29Z</time>
					</trkpt>
					<trkpt lat="43.388640" lon="5.705500">
						<ele>273</ele>
						<time>2025-01-21T12:38:34Z</time>
					</trkpt>
					<trkpt lat="43.388450" lon="5.705480">
						<ele>272</ele>
						<time>2025-01-21T12:38:37Z</time>
					</trkpt>
					<trkpt lat="43.388220" lon="5.705580">
						<ele>271</ele>
						<time>2025-01-21T12:38:41Z</time>
					</trkpt>
					<trkpt lat="43.388060" lon="5.705680">
						<ele>271</ele>
						<time>2025-01-21T12:38:44Z</time>
					</trkpt>
					<trkpt lat="43.387770" lon="5.705900">
						<ele>272</ele>
						<time>2025-01-21T12:38:50Z</time>
					</trkpt>
					<trkpt lat="43.387000" lon="5.706570">
						<ele>273</ele>
						<time>2025-01-21T12:39:06Z</time>
					</trkpt>
					<trkpt lat="43.386920" lon="5.706630">
						<ele>272</ele>
						<time>2025-01-21T12:39:08Z</time>
					</trkpt>
					<trkpt lat="43.386770" lon="5.706680">
						<ele>272</ele>
						<time>2025-01-21T12:39:11Z</time>
					</trkpt>
					<trkpt lat="43.386640" lon="5.706850">
						<ele>272</ele>
						<time>2025-01-21T12:39:14Z</time>
					</trkpt>
					<trkpt lat="43.385630" lon="5.706950">
						<ele>274</ele>
						<time>2025-01-21T12:39:32Z</time>
					</trkpt>
					<trkpt lat="43.385270" lon="5.707020">
						<ele>275</ele>
						<time>2025-01-21T12:39:39Z</time>
					</trkpt>
					<trkpt lat="43.385440" lon="5.708740">
						<ele>277</ele>
						<time>2025-01-21T12:40:01Z</time>
					</trkpt>
					<trkpt lat="43.385420" lon="5.712370">
						<ele>278</ele>
						<time>2025-01-21T12:40:48Z</time>
					</trkpt>
					<trkpt lat="43.385460" lon="5.712980">
						<ele>277</ele>
						<time>2025-01-21T12:40:56Z</time>
					</trkpt>
					<trkpt lat="43.385560" lon="5.713720">
						<ele>277</ele>
						<time>2025-01-21T12:41:06Z</time>
					</trkpt>
					<trkpt lat="43.385600" lon="5.713890">
						<ele>277</ele>
						<time>2025-01-21T12:41:08Z</time>
					</trkpt>
					<trkpt lat="43.385660" lon="5.714020">
						<ele>277</ele>
						<time>2025-01-21T12:41:10Z</time>
					</trkpt>
					<trkpt lat="43.385910" lon="5.714470">
						<ele>278</ele>
						<time>2025-01-21T12:41:17Z</time>
					</trkpt>
					<trkpt lat="43.385910" lon="5.714560">
						<ele>278</ele>
						<time>2025-01-21T12:41:18Z</time>
					</trkpt>
					<trkpt lat="43.385950" lon="5.714630">
						<ele>279</ele>
						<time>2025-01-21T12:41:20Z</time>
					</trkpt>
					<trkpt lat="43.386010" lon="5.714670">
						<ele>279</ele>
						<time>2025-01-21T12:41:21Z</time>
					</trkpt>
					<trkpt lat="43.386430" lon="5.715760">
						<ele>281</ele>
						<time>2025-01-21T12:41:37Z</time>
					</trkpt>
					<trkpt lat="43.386500" lon="5.715860">
						<ele>281</ele>
						<time>2025-01-21T12:41:38Z</time>
					</trkpt>
					<trkpt lat="43.386820" lon="5.716520">
						<ele>282</ele>
						<time>2025-01-21T12:41:49Z</time>
					</trkpt>
					<trkpt lat="43.387520" lon="5.718020">
						<ele>286</ele>
						<time>2025-01-21T12:42:12Z</time>
					</trkpt>
					<trkpt lat="43.387630" lon="5.718310">
						<ele>290</ele>
						<time>2025-01-21T12:42:16Z</time>
					</trkpt>
					<trkpt lat="43.387680" lon="5.718990">
						<ele>290</ele>
						<time>2025-01-21T12:42:25Z</time>
					</trkpt>
					<trkpt lat="43.387690" lon="5.719620">
						<ele>287</ele>
						<time>2025-01-21T12:42:33Z</time>
					</trkpt>
					<trkpt lat="43.387630" lon="5.719890">
						<ele>284</ele>
						<time>2025-01-21T12:42:37Z</time>
					</trkpt>
					<trkpt lat="43.387580" lon="5.719980">
						<ele>283</ele>
						<time>2025-01-21T12:42:38Z</time>
					</trkpt>
					<trkpt lat="43.387080" lon="5.720480">
						<ele>282</ele>
						<time>2025-01-21T12:42:49Z</time>
					</trkpt>
					<trkpt lat="43.386510" lon="5.721230">
						<ele>287</ele>
						<time>2025-01-21T12:43:03Z</time>
					</trkpt>
					<trkpt lat="43.386230" lon="5.721670">
						<ele>287</ele>
						<time>2025-01-21T12:43:11Z</time>
					</trkpt>
					<trkpt lat="43.385950" lon="5.722230">
						<ele>288</ele>
						<time>2025-01-21T12:43:19Z</time>
					</trkpt>
					<trkpt lat="43.385580" lon="5.722770">
						<ele>296</ele>
						<time>2025-01-21T12:43:29Z</time>
					</trkpt>
					<trkpt lat="43.385520" lon="5.722960">
						<ele>297</ele>
						<time>2025-01-21T12:43:32Z</time>
					</trkpt>
					<trkpt lat="43.385550" lon="5.723430">
						<ele>299</ele>
						<time>2025-01-21T12:43:38Z</time>
					</trkpt>
					<trkpt lat="43.385540" lon="5.723810">
						<ele>301</ele>
						<time>2025-01-21T12:43:43Z</time>
					</trkpt>
					<trkpt lat="43.385460" lon="5.724170">
						<ele>302</ele>
						<time>2025-01-21T12:43:48Z</time>
					</trkpt>
					<trkpt lat="43.385310" lon="5.724500">
						<ele>302</ele>
						<time>2025-01-21T12:43:53Z</time>
					</trkpt>
					<trkpt lat="43.384910" lon="5.724970">
						<ele>297</ele>
						<time>2025-01-21T12:44:02Z</time>
					</trkpt>
					<trkpt lat="43.384820" lon="5.725140">
						<ele>300</ele>
						<time>2025-01-21T12:44:05Z</time>
					</trkpt>
					<trkpt lat="43.384790" lon="5.725260">
						<ele>301</ele>
						<time>2025-01-21T12:44:06Z</time>
					</trkpt>
					<trkpt lat="43.384780" lon="5.725490">
						<ele>302</ele>
						<time>2025-01-21T12:44:09Z</time>
					</trkpt>
					<trkpt lat="43.384830" lon="5.726210">
						<ele>303</ele>
						<time>2025-01-21T12:44:19Z</time>
					</trkpt>
					<trkpt lat="43.384830" lon="5.726580">
						<ele>303</ele>
						<time>2025-01-21T12:44:24Z</time>
					</trkpt>
					<trkpt lat="43.384700" lon="5.727260">
						<ele>306</ele>
						<time>2025-01-21T12:44:33Z</time>
					</trkpt>
					<trkpt lat="43.384680" lon="5.727500">
						<ele>306</ele>
						<time>2025-01-21T12:44:36Z</time>
					</trkpt>
					<trkpt lat="43.384730" lon="5.728640">
						<ele>309</ele>
						<time>2025-01-21T12:44:50Z</time>
					</trkpt>
					<trkpt lat="43.384650" lon="5.728950">
						<ele>309</ele>
						<time>2025-01-21T12:44:55Z</time>
					</trkpt>
					<trkpt lat="43.384410" lon="5.729530">
						<ele>307</ele>
						<time>2025-01-21T12:45:03Z</time>
					</trkpt>
					<trkpt lat="43.384330" lon="5.729760">
						<ele>306</ele>
						<time>2025-01-21T12:45:07Z</time>
					</trkpt>
					<trkpt lat="43.384310" lon="5.729890">
						<ele>305</ele>
						<time>2025-01-21T12:45:08Z</time>
					</trkpt>
					<trkpt lat="43.384490" lon="5.730590">
						<ele>311</ele>
						<time>2025-01-21T12:45:18Z</time>
					</trkpt>
					<trkpt lat="43.384780" lon="5.731340">
						<ele>318</ele>
						<time>2025-01-21T12:45:29Z</time>
					</trkpt>
					<trkpt lat="43.384830" lon="5.731560">
						<ele>319</ele>
						<time>2025-01-21T12:45:32Z</time>
					</trkpt>
					<trkpt lat="43.384840" lon="5.731860">
						<ele>319</ele>
						<time>2025-01-21T12:45:36Z</time>
					</trkpt>
					<trkpt lat="43.384780" lon="5.732090">
						<ele>318</ele>
						<time>2025-01-21T12:45:39Z</time>
					</trkpt>
					<trkpt lat="43.384650" lon="5.732400">
						<ele>317</ele>
						<time>2025-01-21T12:45:44Z</time>
					</trkpt>
					<trkpt lat="43.384380" lon="5.732920">
						<ele>315</ele>
						<time>2025-01-21T12:45:52Z</time>
					</trkpt>
					<trkpt lat="43.384320" lon="5.733320">
						<ele>313</ele>
						<time>2025-01-21T12:45:57Z</time>
					</trkpt>
					<trkpt lat="43.384360" lon="5.733470">
						<ele>313</ele>
						<time>2025-01-21T12:45:59Z</time>
					</trkpt>
					<trkpt lat="43.384460" lon="5.733570">
						<ele>313</ele>
						<time>2025-01-21T12:46:01Z</time>
					</trkpt>
					<trkpt lat="43.384730" lon="5.733630">
						<ele>313</ele>
						<time>2025-01-21T12:46:06Z</time>
					</trkpt>
					<trkpt lat="43.384910" lon="5.733730">
						<ele>313</ele>
						<time>2025-01-21T12:46:10Z</time>
					</trkpt>
					<trkpt lat="43.385070" lon="5.734070">
						<ele>312</ele>
						<time>2025-01-21T12:46:15Z</time>
					</trkpt>
					<trkpt lat="43.385100" lon="5.734360">
						<ele>312</ele>
						<time>2025-01-21T12:46:19Z</time>
					</trkpt>
					<trkpt lat="43.385070" lon="5.734860">
						<ele>312</ele>
						<time>2025-01-21T12:46:25Z</time>
					</trkpt>
					<trkpt lat="43.385020" lon="5.735070">
						<ele>313</ele>
						<time>2025-01-21T12:46:28Z</time>
					</trkpt>
					<trkpt lat="43.384900" lon="5.735290">
						<ele>317</ele>
						<time>2025-01-21T12:46:32Z</time>
					</trkpt>
					<trkpt lat="43.384720" lon="5.735450">
						<ele>318</ele>
						<time>2025-01-21T12:46:35Z</time>
					</trkpt>
					<trkpt lat="43.384510" lon="5.735560">
						<ele>318</ele>
						<time>2025-01-21T12:46:39Z</time>
					</trkpt>
					<trkpt lat="43.383900" lon="5.735800">
						<ele>315</ele>
						<time>2025-01-21T12:46:51Z</time>
					</trkpt>
					<trkpt lat="43.383350" lon="5.736180">
						<ele>319</ele>
						<time>2025-01-21T12:47:02Z</time>
					</trkpt>
					<trkpt lat="43.382770" lon="5.736750">
						<ele>320</ele>
						<time>2025-01-21T12:47:14Z</time>
					</trkpt>
					<trkpt lat="43.382630" lon="5.736930">
						<ele>320</ele>
						<time>2025-01-21T12:47:18Z</time>
					</trkpt>
					<trkpt lat="43.382540" lon="5.737090">
						<ele>320</ele>
						<time>2025-01-21T12:47:20Z</time>
					</trkpt>
					<trkpt lat="43.382450" lon="5.737370">
						<ele>322</ele>
						<time>2025-01-21T12:47:24Z</time>
					</trkpt>
					<trkpt lat="43.382330" lon="5.738520">
						<ele>328</ele>
						<time>2025-01-21T12:47:39Z</time>
					</trkpt>
					<trkpt lat="43.382370" lon="5.738770">
						<ele>328</ele>
						<time>2025-01-21T12:47:43Z</time>
					</trkpt>
					<trkpt lat="43.382470" lon="5.739030">
						<ele>328</ele>
						<time>2025-01-21T12:47:47Z</time>
					</trkpt>
					<trkpt lat="43.382570" lon="5.739250">
						<ele>330</ele>
						<time>2025-01-21T12:47:50Z</time>
					</trkpt>
					<trkpt lat="43.382990" lon="5.740000">
						<ele>340</ele>
						<time>2025-01-21T12:48:02Z</time>
					</trkpt>
					<trkpt lat="43.383050" lon="5.740230">
						<ele>341</ele>
						<time>2025-01-21T12:48:05Z</time>
					</trkpt>
					<trkpt lat="43.383110" lon="5.740680">
						<ele>341</ele>
						<time>2025-01-21T12:48:11Z</time>
					</trkpt>
					<trkpt lat="43.383460" lon="5.741240">
						<ele>346</ele>
						<time>2025-01-21T12:48:21Z</time>
					</trkpt>
					<trkpt lat="43.383480" lon="5.741390">
						<ele>346</ele>
						<time>2025-01-21T12:48:23Z</time>
					</trkpt>
					<trkpt lat="43.383380" lon="5.741980">
						<ele>341</ele>
						<time>2025-01-21T12:48:31Z</time>
					</trkpt>
					<trkpt lat="43.383380" lon="5.742180">
						<ele>341</ele>
						<time>2025-01-21T12:48:33Z</time>
					</trkpt>
					<trkpt lat="43.383440" lon="5.742350">
						<ele>343</ele>
						<time>2025-01-21T12:48:36Z</time>
					</trkpt>
					<trkpt lat="43.383700" lon="5.742770">
						<ele>350</ele>
						<time>2025-01-21T12:48:43Z</time>
					</trkpt>
					<trkpt lat="43.383930" lon="5.743040">
						<ele>352</ele>
						<time>2025-01-21T12:48:48Z</time>
					</trkpt>
					<trkpt lat="43.384510" lon="5.743640">
						<ele>356</ele>
						<time>2025-01-21T12:49:01Z</time>
					</trkpt>
					<trkpt lat="43.384740" lon="5.744200">
						<ele>351</ele>
						<time>2025-01-21T12:49:09Z</time>
					</trkpt>
					<trkpt lat="43.384860" lon="5.744320">
						<ele>352</ele>
						<time>2025-01-21T12:49:12Z</time>
					</trkpt>
					<trkpt lat="43.385000" lon="5.744350">
						<ele>353</ele>
						<time>2025-01-21T12:49:15Z</time>
					</trkpt>
					<trkpt lat="43.385070" lon="5.744340">
						<ele>354</ele>
						<time>2025-01-21T12:49:16Z</time>
					</trkpt>
					<trkpt lat="43.385180" lon="5.744280">
						<ele>355</ele>
						<time>2025-01-21T12:49:18Z</time>
					</trkpt>
					<trkpt lat="43.385240" lon="5.744220">
						<ele>357</ele>
						<time>2025-01-21T12:49:19Z</time>
					</trkpt>
					<trkpt lat="43.385360" lon="5.744020">
						<ele>361</ele>
						<time>2025-01-21T12:49:23Z</time>
					</trkpt>
					<trkpt lat="43.385460" lon="5.743920">
						<ele>364</ele>
						<time>2025-01-21T12:49:25Z</time>
					</trkpt>
					<trkpt lat="43.385590" lon="5.743880">
						<ele>366</ele>
						<time>2025-01-21T12:49:27Z</time>
					</trkpt>
					<trkpt lat="43.385880" lon="5.743910">
						<ele>368</ele>
						<time>2025-01-21T12:49:32Z</time>
					</trkpt>
					<trkpt lat="43.386040" lon="5.743980">
						<ele>369</ele>
						<time>2025-01-21T12:49:35Z</time>
					</trkpt>
					<trkpt lat="43.386110" lon="5.744050">
						<ele>369</ele>
						<time>2025-01-21T12:49:37Z</time>
					</trkpt>
					<trkpt lat="43.386160" lon="5.744170">
						<ele>367</ele>
						<time>2025-01-21T12:49:39Z</time>
					</trkpt>
					<trkpt lat="43.386140" lon="5.744390">
						<ele>366</ele>
						<time>2025-01-21T12:49:41Z</time>
					</trkpt>
					<trkpt lat="43.386060" lon="5.744510">
						<ele>365</ele>
						<time>2025-01-21T12:49:44Z</time>
					</trkpt>
					<trkpt lat="43.385980" lon="5.744590">
						<ele>363</ele>
						<time>2025-01-21T12:49:45Z</time>
					</trkpt>
					<trkpt lat="43.385750" lon="5.744630">
						<ele>360</ele>
						<time>2025-01-21T12:49:49Z</time>
					</trkpt>
					<trkpt lat="43.385680" lon="5.744690">
						<ele>359</ele>
						<time>2025-01-21T12:49:51Z</time>
					</trkpt>
					<trkpt lat="43.385630" lon="5.744820">
						<ele>357</ele>
						<time>2025-01-21T12:49:53Z</time>
					</trkpt>
					<trkpt lat="43.385740" lon="5.745520">
						<ele>364</ele>
						<time>2025-01-21T12:50:02Z</time>
					</trkpt>
					<trkpt lat="43.385720" lon="5.746380">
						<ele>372</ele>
						<time>2025-01-21T12:50:13Z</time>
					</trkpt>
					<trkpt lat="43.385770" lon="5.746670">
						<ele>374</ele>
						<time>2025-01-21T12:50:17Z</time>
					</trkpt>
					<trkpt lat="43.385770" lon="5.746840">
						<ele>376</ele>
						<time>2025-01-21T12:50:19Z</time>
					</trkpt>
					<trkpt lat="43.385720" lon="5.747690">
						<ele>385</ele>
						<time>2025-01-21T12:50:30Z</time>
					</trkpt>
					<trkpt lat="43.385660" lon="5.747940">
						<ele>388</ele>
						<time>2025-01-21T12:50:34Z</time>
					</trkpt>
					<trkpt lat="43.385490" lon="5.748200">
						<ele>391</ele>
						<time>2025-01-21T12:50:38Z</time>
					</trkpt>
					<trkpt lat="43.385440" lon="5.748340">
						<ele>392</ele>
						<time>2025-01-21T12:50:40Z</time>
					</trkpt>
					<trkpt lat="43.385410" lon="5.749230">
						<ele>394</ele>
						<time>2025-01-21T12:50:52Z</time>
					</trkpt>
					<trkpt lat="43.385320" lon="5.749720">
						<ele>394</ele>
						<time>2025-01-21T12:50:58Z</time>
					</trkpt>
					<trkpt lat="43.385340" lon="5.749890">
						<ele>394</ele>
						<time>2025-01-21T12:51:01Z</time>
					</trkpt>
					<trkpt lat="43.385440" lon="5.750100">
						<ele>395</ele>
						<time>2025-01-21T12:51:04Z</time>
					</trkpt>
					<trkpt lat="43.385490" lon="5.750320">
						<ele>396</ele>
						<time>2025-01-21T12:51:07Z</time>
					</trkpt>
					<trkpt lat="43.385470" lon="5.751050">
						<ele>399</ele>
						<time>2025-01-21T12:51:16Z</time>
					</trkpt>
					<trkpt lat="43.385570" lon="5.752370">
						<ele>402</ele>
						<time>2025-01-21T12:51:33Z</time>
					</trkpt>
					<trkpt lat="43.385620" lon="5.752550">
						<ele>403</ele>
						<time>2025-01-21T12:51:36Z</time>
					</trkpt>
					<trkpt lat="43.385700" lon="5.752710">
						<ele>402</ele>
						<time>2025-01-21T12:51:38Z</time>
					</trkpt>
					<trkpt lat="43.385940" lon="5.753050">
						<ele>403</ele>
						<time>2025-01-21T12:51:44Z</time>
					</trkpt>
					<trkpt lat="43.388230" lon="5.755540">
						<ele>407</ele>
						<time>2025-01-21T12:52:36Z</time>
					</trkpt>
					<trkpt lat="43.388480" lon="5.756020">
						<ele>407</ele>
						<time>2025-01-21T12:52:44Z</time>
					</trkpt>
					<trkpt lat="43.388560" lon="5.756260">
						<ele>407</ele>
						<time>2025-01-21T12:52:47Z</time>
					</trkpt>
					<trkpt lat="43.388850" lon="5.757800">
						<ele>406</ele>
						<time>2025-01-21T12:53:08Z</time>
					</trkpt>
					<trkpt lat="43.388980" lon="5.758740">
						<ele>404</ele>
						<time>2025-01-21T12:53:20Z</time>
					</trkpt>
					<trkpt lat="43.389140" lon="5.759580">
						<ele>403</ele>
						<time>2025-01-21T12:53:32Z</time>
					</trkpt>
					<trkpt lat="43.389170" lon="5.760270">
						<ele>404</ele>
						<time>2025-01-21T12:53:41Z</time>
					</trkpt>
					<trkpt lat="43.389150" lon="5.760380">
						<ele>404</ele>
						<time>2025-01-21T12:53:42Z</time>
					</trkpt>
					<trkpt lat="43.389090" lon="5.760440">
						<ele>404</ele>
						<time>2025-01-21T12:53:43Z</time>
					</trkpt>
					<trkpt lat="43.389050" lon="5.760560">
						<ele>405</ele>
						<time>2025-01-21T12:53:45Z</time>
					</trkpt>
					<trkpt lat="43.389060" lon="5.760670">
						<ele>405</ele>
						<time>2025-01-21T12:53:46Z</time>
					</trkpt>
					<trkpt lat="43.388980" lon="5.760860">
						<ele>405</ele>
						<time>2025-01-21T12:53:49Z</time>
					</trkpt>
					<trkpt lat="43.388690" lon="5.762320">
						<ele>404</ele>
						<time>2025-01-21T12:54:09Z</time>
					</trkpt>
					<trkpt lat="43.388650" lon="5.762570">
						<ele>404</ele>
						<time>2025-01-21T12:54:12Z</time>
					</trkpt>
					<trkpt lat="43.388540" lon="5.764110">
						<ele>401</ele>
						<time>2025-01-21T12:54:32Z</time>
					</trkpt>
					<trkpt lat="43.388440" lon="5.764640">
						<ele>399</ele>
						<time>2025-01-21T12:54:39Z</time>
					</trkpt>
					<trkpt lat="43.387470" lon="5.767530">
						<ele>392</ele>
						<time>2025-01-21T12:55:20Z</time>
					</trkpt>
					<trkpt lat="43.387260" lon="5.767880">
						<ele>392</ele>
						<time>2025-01-21T12:55:26Z</time>
					</trkpt>
					<trkpt lat="43.386850" lon="5.768210">
						<ele>392</ele>
						<time>2025-01-21T12:55:35Z</time>
					</trkpt>
					<trkpt lat="43.386640" lon="5.768420">
						<ele>392</ele>
						<time>2025-01-21T12:55:39Z</time>
					</trkpt>
					<trkpt lat="43.385850" lon="5.769520">
						<ele>394</ele>
						<time>2025-01-21T12:55:59Z</time>
					</trkpt>
					<trkpt lat="43.385560" lon="5.769780">
						<ele>396</ele>
						<time>2025-01-21T12:56:06Z</time>
					</trkpt>
					<trkpt lat="43.384800" lon="5.770180">
						<ele>399</ele>
						<time>2025-01-21T12:56:20Z</time>
					</trkpt>
					<trkpt lat="43.384610" lon="5.770390">
						<ele>399</ele>
						<time>2025-01-21T12:56:24Z</time>
					</trkpt>
					<trkpt lat="43.384440" lon="5.770780">
						<ele>399</ele>
						<time>2025-01-21T12:56:30Z</time>
					</trkpt>
					<trkpt lat="43.384340" lon="5.770930">
						<ele>399</ele>
						<time>2025-01-21T12:56:33Z</time>
					</trkpt>
					<trkpt lat="43.383880" lon="5.771380">
						<ele>398</ele>
						<time>2025-01-21T12:56:43Z</time>
					</trkpt>
					<trkpt lat="43.383680" lon="5.771540">
						<ele>398</ele>
						<time>2025-01-21T12:56:47Z</time>
					</trkpt>
					<trkpt lat="43.383550" lon="5.771590">
						<ele>398</ele>
						<time>2025-01-21T12:56:49Z</time>
					</trkpt>
					<trkpt lat="43.382960" lon="5.771630">
						<ele>400</ele>
						<time>2025-01-21T12:57:00Z</time>
					</trkpt>
					<trkpt lat="43.382500" lon="5.771760">
						<ele>401</ele>
						<time>2025-01-21T12:57:08Z</time>
					</trkpt>
					<trkpt lat="43.382300" lon="5.771850">
						<ele>401</ele>
						<time>2025-01-21T12:57:12Z</time>
					</trkpt>
					<trkpt lat="43.381910" lon="5.772080">
						<ele>402</ele>
						<time>2025-01-21T12:57:20Z</time>
					</trkpt>
					<trkpt lat="43.381430" lon="5.772450">
						<ele>401</ele>
						<time>2025-01-21T12:57:29Z</time>
					</trkpt>
					<trkpt lat="43.381270" lon="5.772530">
						<ele>401</ele>
						<time>2025-01-21T12:57:32Z</time>
					</trkpt>
					<trkpt lat="43.380940" lon="5.772640">
						<ele>402</ele>
						<time>2025-01-21T12:57:38Z</time>
					</trkpt>
					<trkpt lat="43.380670" lon="5.772770">
						<ele>403</ele>
						<time>2025-01-21T12:57:44Z</time>
					</trkpt>
					<trkpt lat="43.380080" lon="5.773120">
						<ele>404</ele>
						<time>2025-01-21T12:57:55Z</time>
					</trkpt>
					<trkpt lat="43.379530" lon="5.773370">
						<ele>406</ele>
						<time>2025-01-21T12:58:05Z</time>
					</trkpt>
					<trkpt lat="43.379340" lon="5.773500">
						<ele>406</ele>
						<time>2025-01-21T12:58:09Z</time>
					</trkpt>
					<trkpt lat="43.378710" lon="5.773730">
						<ele>404</ele>
						<time>2025-01-21T12:58:21Z</time>
					</trkpt>
					<trkpt lat="43.377280" lon="5.774350">
						<ele>401</ele>
						<time>2025-01-21T12:58:47Z</time>
					</trkpt>
					<trkpt lat="43.377030" lon="5.774420">
						<ele>401</ele>
						<time>2025-01-21T12:58:52Z</time>
					</trkpt>
					<trkpt lat="43.376740" lon="5.774440">
						<ele>400</ele>
						<time>2025-01-21T12:58:57Z</time>
					</trkpt>
					<trkpt lat="43.376400" lon="5.774550">
						<ele>400</ele>
						<time>2025-01-21T12:59:03Z</time>
					</trkpt>
					<trkpt lat="43.375590" lon="5.774970">
						<ele>400</ele>
						<time>2025-01-21T12:59:19Z</time>
					</trkpt>
					<trkpt lat="43.374900" lon="5.775240">
						<ele>399</ele>
						<time>2025-01-21T12:59:31Z</time>
					</trkpt>
					<trkpt lat="43.374710" lon="5.775300">
						<ele>400</ele>
						<time>2025-01-21T12:59:35Z</time>
					</trkpt>
					<trkpt lat="43.374270" lon="5.775370">
						<ele>400</ele>
						<time>2025-01-21T12:59:43Z</time>
					</trkpt>
					<trkpt lat="43.373790" lon="5.775540">
						<ele>401</ele>
						<time>2025-01-21T12:59:52Z</time>
					</trkpt>
					<trkpt lat="43.373590" lon="5.775570">
						<ele>402</ele>
						<time>2025-01-21T12:59:55Z</time>
					</trkpt>
					<trkpt lat="43.372800" lon="5.775560">
						<ele>405</ele>
						<time>2025-01-21T13:00:09Z</time>
					</trkpt>
					<trkpt lat="43.372690" lon="5.775600">
						<ele>405</ele>
						<time>2025-01-21T13:00:11Z</time>
					</trkpt>
					<trkpt lat="43.372610" lon="5.775660">
						<ele>405</ele>
						<time>2025-01-21T13:00:13Z</time>
					</trkpt>
					<trkpt lat="43.372540" lon="5.775760">
						<ele>405</ele>
						<time>2025-01-21T13:00:15Z</time>
					</trkpt>
					<trkpt lat="43.372470" lon="5.775980">
						<ele>405</ele>
						<time>2025-01-21T13:00:18Z</time>
					</trkpt>
					<trkpt lat="43.371990" lon="5.780440">
						<ele>395</ele>
						<time>2025-01-21T13:01:16Z</time>
					</trkpt>
					<trkpt lat="43.371750" lon="5.782300">
						<ele>396</ele>
						<time>2025-01-21T13:01:41Z</time>
					</trkpt>
					<trkpt lat="43.371620" lon="5.782550">
						<ele>397</ele>
						<time>2025-01-21T13:01:45Z</time>
					</trkpt>
					<trkpt lat="43.371200" lon="5.783540">
						<ele>395</ele>
						<time>2025-01-21T13:01:59Z</time>
					</trkpt>
					<trkpt lat="43.371090" lon="5.783650">
						<ele>395</ele>
						<time>2025-01-21T13:02:02Z</time>
					</trkpt>
					<trkpt lat="43.370690" lon="5.783450">
						<ele>397</ele>
						<time>2025-01-21T13:02:09Z</time>
					</trkpt>
					<trkpt lat="43.370540" lon="5.783410">
						<ele>397</ele>
						<time>2025-01-21T13:02:12Z</time>
					</trkpt>
					<trkpt lat="43.370300" lon="5.783400">
						<ele>398</ele>
						<time>2025-01-21T13:02:16Z</time>
					</trkpt>
					<trkpt lat="43.370230" lon="5.783500">
						<ele>397</ele>
						<time>2025-01-21T13:02:18Z</time>
					</trkpt>
					<trkpt lat="43.370190" lon="5.783710">
						<ele>397</ele>
						<time>2025-01-21T13:02:21Z</time>
					</trkpt>
					<trkpt lat="43.370080" lon="5.783840">
						<ele>397</ele>
						<time>2025-01-21T13:02:24Z</time>
					</trkpt>
					<trkpt lat="43.370020" lon="5.784110">
						<ele>397</ele>
						<time>2025-01-21T13:02:27Z</time>
					</trkpt>
					<trkpt lat="43.369380" lon="5.784650">
						<ele>395</ele>
						<time>2025-01-21T13:02:41Z</time>
					</trkpt>
					<trkpt lat="43.369070" lon="5.784860">
						<ele>395</ele>
						<time>2025-01-21T13:02:47Z</time>
					</trkpt>
					<trkpt lat="43.368140" lon="5.785260">
						<ele>395</ele>
						<time>2025-01-21T13:03:04Z</time>
					</trkpt>
					<trkpt lat="43.367780" lon="5.785440">
						<ele>396</ele>
						<time>2025-01-21T13:03:11Z</time>
					</trkpt>
					<trkpt lat="43.367150" lon="5.785820">
						<ele>396</ele>
						<time>2025-01-21T13:03:23Z</time>
					</trkpt>
					<trkpt lat="43.366820" lon="5.786060">
						<ele>396</ele>
						<time>2025-01-21T13:03:30Z</time>
					</trkpt>
					<trkpt lat="43.366100" lon="5.786690">
						<ele>393</ele>
						<time>2025-01-21T13:03:45Z</time>
					</trkpt>
					<trkpt lat="43.365980" lon="5.786750">
						<ele>393</ele>
						<time>2025-01-21T13:03:47Z</time>
					</trkpt>
					<trkpt lat="43.365880" lon="5.786780">
						<ele>393</ele>
						<time>2025-01-21T13:03:49Z</time>
					</trkpt>
					<trkpt lat="43.365750" lon="5.786770">
						<ele>393</ele>
						<time>2025-01-21T13:03:51Z</time>
					</trkpt>
					<trkpt lat="43.365630" lon="5.786710">
						<ele>393</ele>
						<time>2025-01-21T13:03:54Z</time>
					</trkpt>
					<trkpt lat="43.365420" lon="5.786460">
						<ele>396</ele>
						<time>2025-01-21T13:03:59Z</time>
					</trkpt>
					<trkpt lat="43.365100" lon="5.786140">
						<ele>401</ele>
						<time>2025-01-21T13:04:06Z</time>
					</trkpt>
					<trkpt lat="43.364890" lon="5.785940">
						<ele>403</ele>
						<time>2025-01-21T13:04:10Z</time>
					</trkpt>
					<trkpt lat="43.364790" lon="5.785890">
						<ele>402</ele>
						<time>2025-01-21T13:04:12Z</time>
					</trkpt>
					<trkpt lat="43.364280" lon="5.785850">
						<ele>396</ele>
						<time>2025-01-21T13:04:21Z</time>
					</trkpt>
					<trkpt lat="43.364010" lon="5.785860">
						<ele>395</ele>
						<time>2025-01-21T13:04:26Z</time>
					</trkpt>
					<trkpt lat="43.363800" lon="5.785820">
						<ele>394</ele>
						<time>2025-01-21T13:04:30Z</time>
					</trkpt>
					<trkpt lat="43.363670" lon="5.785770">
						<ele>394</ele>
						<time>2025-01-21T13:04:32Z</time>
					</trkpt>
					<trkpt lat="43.361450" lon="5.783880">
						<ele>397</ele>
						<time>2025-01-21T13:05:19Z</time>
					</trkpt>
					<trkpt lat="43.361250" lon="5.783740">
						<ele>398</ele>
						<time>2025-01-21T13:05:22Z</time>
					</trkpt>
					<trkpt lat="43.360820" lon="5.784700">
						<ele>397</ele>
						<time>2025-01-21T13:05:37Z</time>
					</trkpt>
					<trkpt lat="43.360020" lon="5.785690">
						<ele>407</ele>
						<time>2025-01-21T13:05:56Z</time>
					</trkpt>
					<trkpt lat="43.359960" lon="5.785730">
						<ele>408</ele>
						<time>2025-01-21T13:05:57Z</time>
					</trkpt>
					<trkpt lat="43.359710" lon="5.786080">
						<ele>412</ele>
						<time>2025-01-21T13:06:04Z</time>
					</trkpt>
					<trkpt lat="43.359460" lon="5.786340">
						<ele>414</ele>
						<time>2025-01-21T13:06:09Z</time>
					</trkpt>
					<trkpt lat="43.359320" lon="5.786400">
						<ele>414</ele>
						<time>2025-01-21T13:06:12Z</time>
					</trkpt>
					<trkpt lat="43.359110" lon="5.786380">
						<ele>415</ele>
						<time>2025-01-21T13:06:16Z</time>
					</trkpt>
					<trkpt lat="43.358410" lon="5.786120">
						<ele>423</ele>
						<time>2025-01-21T13:06:29Z</time>
					</trkpt>
					<trkpt lat="43.358090" lon="5.785870">
						<ele>426</ele>
						<time>2025-01-21T13:06:35Z</time>
					</trkpt>
					<trkpt lat="43.357960" lon="5.785640">
						<ele>426</ele>
						<time>2025-01-21T13:06:39Z</time>
					</trkpt>
					<trkpt lat="43.357810" lon="5.785270">
						<ele>426</ele>
						<time>2025-01-21T13:06:44Z</time>
					</trkpt>
					<trkpt lat="43.357710" lon="5.785090">
						<ele>426</ele>
						<time>2025-01-21T13:06:47Z</time>
					</trkpt>
					<trkpt lat="43.357560" lon="5.784940">
						<ele>425</ele>
						<time>2025-01-21T13:06:51Z</time>
					</trkpt>
					<trkpt lat="43.357290" lon="5.784780">
						<ele>428</ele>
						<time>2025-01-21T13:06:56Z</time>
					</trkpt>
					<trkpt lat="43.357080" lon="5.784580">
						<ele>430</ele>
						<time>2025-01-21T13:07:00Z</time>
					</trkpt>
					<trkpt lat="43.357020" lon="5.784460">
						<ele>429</ele>
						<time>2025-01-21T13:07:02Z</time>
					</trkpt>
					<trkpt lat="43.356880" lon="5.783870">
						<ele>429</ele>
						<time>2025-01-21T13:07:10Z</time>
					</trkpt>
					<trkpt lat="43.356810" lon="5.783760">
						<ele>429</ele>
						<time>2025-01-21T13:07:12Z</time>
					</trkpt>
					<trkpt lat="43.356740" lon="5.783740">
						<ele>429</ele>
						<time>2025-01-21T13:07:13Z</time>
					</trkpt>
					<trkpt lat="43.356650" lon="5.783820">
						<ele>429</ele>
						<time>2025-01-21T13:07:15Z</time>
					</trkpt>
					<trkpt lat="43.356620" lon="5.783870">
						<ele>429</ele>
						<time>2025-01-21T13:07:16Z</time>
					</trkpt>
					<trkpt lat="43.356620" lon="5.783930">
						<ele>429</ele>
						<time>2025-01-21T13:07:17Z</time>
					</trkpt>
					<trkpt lat="43.356710" lon="5.784400">
						<ele>430</ele>
						<time>2025-01-21T13:07:23Z</time>
					</trkpt>
					<trkpt lat="43.356760" lon="5.784550">
						<ele>431</ele>
						<time>2025-01-21T13:07:25Z</time>
					</trkpt>
					<trkpt lat="43.357390" lon="5.785700">
						<ele>432</ele>
						<time>2025-01-21T13:07:44Z</time>
					</trkpt>
					<trkpt lat="43.357630" lon="5.786200">
						<ele>436</ele>
						<time>2025-01-21T13:07:52Z</time>
					</trkpt>
					<trkpt lat="43.357940" lon="5.786700">
						<ele>438</ele>
						<time>2025-01-21T13:08:00Z</time>
					</trkpt>
					<trkpt lat="43.358090" lon="5.786910">
						<ele>437</ele>
						<time>2025-01-21T13:08:04Z</time>
					</trkpt>
					<trkpt lat="43.358240" lon="5.787060">
						<ele>435</ele>
						<time>2025-01-21T13:08:07Z</time>
					</trkpt>
					<trkpt lat="43.358510" lon="5.787460">
						<ele>435</ele>
						<time>2025-01-21T13:08:14Z</time>
					</trkpt>
					<trkpt lat="43.358580" lon="5.787690">
						<ele>435</ele>
						<time>2025-01-21T13:08:18Z</time>
					</trkpt>
					<trkpt lat="43.358580" lon="5.787810">
						<ele>436</ele>
						<time>2025-01-21T13:08:19Z</time>
					</trkpt>
					<trkpt lat="43.358550" lon="5.787870">
						<ele>437</ele>
						<time>2025-01-21T13:08:20Z</time>
					</trkpt>
					<trkpt lat="43.358500" lon="5.787900">
						<ele>439</ele>
						<time>2025-01-21T13:08:21Z</time>
					</trkpt>
					<trkpt lat="43.358440" lon="5.787860">
						<ele>441</ele>
						<time>2025-01-21T13:08:22Z</time>
					</trkpt>
					<trkpt lat="43.358370" lon="5.787450">
						<ele>439</ele>
						<time>2025-01-21T13:08:28Z</time>
					</trkpt>
					<trkpt lat="43.358300" lon="5.787350">
						<ele>439</ele>
						<time>2025-01-21T13:08:30Z</time>
					</trkpt>
					<trkpt lat="43.357980" lon="5.787100">
						<ele>445</ele>
						<time>2025-01-21T13:08:36Z</time>
					</trkpt>
					<trkpt lat="43.357570" lon="5.786720">
						<ele>450</ele>
						<time>2025-01-21T13:08:45Z</time>
					</trkpt>
					<trkpt lat="43.357340" lon="5.786460">
						<ele>451</ele>
						<time>2025-01-21T13:08:50Z</time>
					</trkpt>
					<trkpt lat="43.356890" lon="5.785850">
						<ele>451</ele>
						<time>2025-01-21T13:09:01Z</time>
					</trkpt>
					<trkpt lat="43.356380" lon="5.785400">
						<ele>459</ele>
						<time>2025-01-21T13:09:12Z</time>
					</trkpt>
					<trkpt lat="43.356260" lon="5.785230">
						<ele>460</ele>
						<time>2025-01-21T13:09:15Z</time>
					</trkpt>
					<trkpt lat="43.355840" lon="5.784490">
						<ele>461</ele>
						<time>2025-01-21T13:09:27Z</time>
					</trkpt>
					<trkpt lat="43.355630" lon="5.784180">
						<ele>463</ele>
						<time>2025-01-21T13:09:33Z</time>
					</trkpt>
					<trkpt lat="43.355210" lon="5.783730">
						<ele>466</ele>
						<time>2025-01-21T13:09:42Z</time>
					</trkpt>
					<trkpt lat="43.355010" lon="5.783560">
						<ele>468</ele>
						<time>2025-01-21T13:09:47Z</time>
					</trkpt>
					<trkpt lat="43.354590" lon="5.783110">
						<ele>471</ele>
						<time>2025-01-21T13:09:56Z</time>
					</trkpt>
					<trkpt lat="43.354210" lon="5.782770">
						<ele>474</ele>
						<time>2025-01-21T13:10:04Z</time>
					</trkpt>
					<trkpt lat="43.353950" lon="5.782640">
						<ele>472</ele>
						<time>2025-01-21T13:10:09Z</time>
					</trkpt>
					<trkpt lat="43.353800" lon="5.782600">
						<ele>471</ele>
						<time>2025-01-21T13:10:12Z</time>
					</trkpt>
					<trkpt lat="43.353590" lon="5.782570">
						<ele>471</ele>
						<time>2025-01-21T13:10:16Z</time>
					</trkpt>
					<trkpt lat="43.353390" lon="5.782610">
						<ele>473</ele>
						<time>2025-01-21T13:10:19Z</time>
					</trkpt>
					<trkpt lat="43.352980" lon="5.782900">
						<ele>477</ele>
						<time>2025-01-21T13:10:27Z</time>
					</trkpt>
					<trkpt lat="43.352700" lon="5.783230">
						<ele>478</ele>
						<time>2025-01-21T13:10:34Z</time>
					</trkpt>
					<trkpt lat="43.352470" lon="5.783600">
						<ele>479</ele>
						<time>2025-01-21T13:10:40Z</time>
					</trkpt>
					<trkpt lat="43.352440" lon="5.785890">
						<ele>497</ele>
						<time>2025-01-21T13:11:10Z</time>
					</trkpt>
					<trkpt lat="43.352640" lon="5.786860">
						<ele>505</ele>
						<time>2025-01-21T13:11:23Z</time>
					</trkpt>
					<trkpt lat="43.352640" lon="5.787000">
						<ele>506</ele>
						<time>2025-01-21T13:11:25Z</time>
					</trkpt>
					<trkpt lat="43.352580" lon="5.787100">
						<ele>505</ele>
						<time>2025-01-21T13:11:26Z</time>
					</trkpt>
					<trkpt lat="43.352430" lon="5.787190">
						<ele>502</ele>
						<time>2025-01-21T13:11:29Z</time>
					</trkpt>
					<trkpt lat="43.352260" lon="5.787360">
						<ele>500</ele>
						<time>2025-01-21T13:11:33Z</time>
					</trkpt>
					<trkpt lat="43.352200" lon="5.787670">
						<ele>502</ele>
						<time>2025-01-21T13:11:37Z</time>
					</trkpt>
					<trkpt lat="43.352170" lon="5.788270">
						<ele>508</ele>
						<time>2025-01-21T13:11:45Z</time>
					</trkpt>
					<trkpt lat="43.352070" lon="5.788690">
						<ele>510</ele>
						<time>2025-01-21T13:11:51Z</time>
					</trkpt>
					<trkpt lat="43.351810" lon="5.789350">
						<ele>513</ele>
						<time>2025-01-21T13:12:00Z</time>
					</trkpt>
					<trkpt lat="43.351650" lon="5.789510">
						<ele>514</ele>
						<time>2025-01-21T13:12:04Z</time>
					</trkpt>
					<trkpt lat="43.351430" lon="5.789650">
						<ele>518</ele>
						<time>2025-01-21T13:12:08Z</time>
					</trkpt>
					<trkpt lat="43.351320" lon="5.789680">
						<ele>518</ele>
						<time>2025-01-21T13:12:10Z</time>
					</trkpt>
					<trkpt lat="43.351010" lon="5.789690">
						<ele>514</ele>
						<time>2025-01-21T13:12:16Z</time>
					</trkpt>
					<trkpt lat="43.350910" lon="5.789740">
						<ele>514</ele>
						<time>2025-01-21T13:12:18Z</time>
					</trkpt>
					<trkpt lat="43.350560" lon="5.790050">
						<ele>521</ele>
						<time>2025-01-21T13:12:25Z</time>
					</trkpt>
					<trkpt lat="43.350480" lon="5.790160">
						<ele>524</ele>
						<time>2025-01-21T13:12:27Z</time>
					</trkpt>
					<trkpt lat="43.350270" lon="5.790690">
						<ele>533</ele>
						<time>2025-01-21T13:12:35Z</time>
					</trkpt>
					<trkpt lat="43.350100" lon="5.791020">
						<ele>536</ele>
						<time>2025-01-21T13:12:40Z</time>
					</trkpt>
					<trkpt lat="43.349780" lon="5.791490">
						<ele>548</ele>
						<time>2025-01-21T13:12:48Z</time>
					</trkpt>
					<trkpt lat="43.349620" lon="5.791670">
						<ele>552</ele>
						<time>2025-01-21T13:12:52Z</time>
					</trkpt>
					<trkpt lat="43.349580" lon="5.791700">
						<ele>553</ele>
						<time>2025-01-21T13:12:53Z</time>
					</trkpt>
					<trkpt lat="43.349540" lon="5.791690">
						<ele>553</ele>
						<time>2025-01-21T13:12:54Z</time>
					</trkpt>
					<trkpt lat="43.349480" lon="5.791630">
						<ele>554</ele>
						<time>2025-01-21T13:12:55Z</time>
					</trkpt>
					<trkpt lat="43.349480" lon="5.791590">
						<ele>554</ele>
						<time>2025-01-21T13:12:55Z</time>
					</trkpt>
					<trkpt lat="43.349700" lon="5.790600">
						<ele>544</ele>
						<time>2025-01-21T13:13:09Z</time>
					</trkpt>
					<trkpt lat="43.349760" lon="5.790230">
						<ele>540</ele>
						<time>2025-01-21T13:13:14Z</time>
					</trkpt>
					<trkpt lat="43.349770" lon="5.789950">
						<ele>539</ele>
						<time>2025-01-21T13:13:17Z</time>
					</trkpt>
					<trkpt lat="43.349760" lon="5.789660">
						<ele>540</ele>
						<time>2025-01-21T13:13:21Z</time>
					</trkpt>
					<trkpt lat="43.349600" lon="5.789120">
						<ele>550</ele>
						<time>2025-01-21T13:13:29Z</time>
					</trkpt>
					<trkpt lat="43.349560" lon="5.788940">
						<ele>553</ele>
						<time>2025-01-21T13:13:31Z</time>
					</trkpt>
					<trkpt lat="43.349560" lon="5.788820">
						<ele>554</ele>
						<time>2025-01-21T13:13:33Z</time>
					</trkpt>
					<trkpt lat="43.349590" lon="5.788710">
						<ele>554</ele>
						<time>2025-01-21T13:13:34Z</time>
					</trkpt>
					<trkpt lat="43.349620" lon="5.788680">
						<ele>554</ele>
						<time>2025-01-21T13:13:35Z</time>
					</trkpt>
					<trkpt lat="43.350000" lon="5.788690">
						<ele>540</ele>
						<time>2025-01-21T13:13:42Z</time>
					</trkpt>
					<trkpt lat="43.350070" lon="5.788660">
						<ele>538</ele>
						<time>2025-01-21T13:13:43Z</time>
					</trkpt>
					<trkpt lat="43.350150" lon="5.788560">
						<ele>537</ele>
						<time>2025-01-21T13:13:45Z</time>
					</trkpt>
					<trkpt lat="43.350250" lon="5.788220">
						<ele>539</ele>
						<time>2025-01-21T13:13:50Z</time>
					</trkpt>
					<trkpt lat="43.350270" lon="5.787840">
						<ele>544</ele>
						<time>2025-01-21T13:13:55Z</time>
					</trkpt>
					<trkpt lat="43.350310" lon="5.787570">
						<ele>545</ele>
						<time>2025-01-21T13:13:58Z</time>
					</trkpt>
					<trkpt lat="43.350330" lon="5.787220">
						<ele>548</ele>
						<time>2025-01-21T13:14:03Z</time>
					</trkpt>
					<trkpt lat="43.350270" lon="5.786350">
						<ele>558</ele>
						<time>2025-01-21T13:14:14Z</time>
					</trkpt>
					<trkpt lat="43.350300" lon="5.783810">
						<ele>568</ele>
						<time>2025-01-21T13:14:47Z</time>
					</trkpt>
					<trkpt lat="43.350320" lon="5.783040">
						<ele>569</ele>
						<time>2025-01-21T13:14:57Z</time>
					</trkpt>
					<trkpt lat="43.350410" lon="5.782090">
						<ele>571</ele>
						<time>2025-01-21T13:15:09Z</time>
					</trkpt>
					<trkpt lat="43.350410" lon="5.781500">
						<ele>573</ele>
						<time>2025-01-21T13:15:17Z</time>
					</trkpt>
					<trkpt lat="43.350300" lon="5.780780">
						<ele>574</ele>
						<time>2025-01-21T13:15:26Z</time>
					</trkpt>
					<trkpt lat="43.350120" lon="5.780350">
						<ele>578</ele>
						<time>2025-01-21T13:15:33Z</time>
					</trkpt>
					<trkpt lat="43.350010" lon="5.780170">
						<ele>582</ele>
						<time>2025-01-21T13:15:36Z</time>
					</trkpt>
					<trkpt lat="43.349810" lon="5.779960">
						<ele>589</ele>
						<time>2025-01-21T13:15:40Z</time>
					</trkpt>
					<trkpt lat="43.349770" lon="5.779850">
						<ele>591</ele>
						<time>2025-01-21T13:15:42Z</time>
					</trkpt>
					<trkpt lat="43.349830" lon="5.779450">
						<ele>586</ele>
						<time>2025-01-21T13:15:47Z</time>
					</trkpt>
					<trkpt lat="43.349830" lon="5.779210">
						<ele>585</ele>
						<time>2025-01-21T13:15:50Z</time>
					</trkpt>
					<trkpt lat="43.349670" lon="5.778000">
						<ele>583</ele>
						<time>2025-01-21T13:16:06Z</time>
					</trkpt>
					<trkpt lat="43.349580" lon="5.777790">
						<ele>583</ele>
						<time>2025-01-21T13:16:09Z</time>
					</trkpt>
					<trkpt lat="43.349300" lon="5.777520">
						<ele>591</ele>
						<time>2025-01-21T13:16:15Z</time>
					</trkpt>
					<trkpt lat="43.349130" lon="5.777370">
						<ele>596</ele>
						<time>2025-01-21T13:16:19Z</time>
					</trkpt>
					<trkpt lat="43.348630" lon="5.777150">
						<ele>612</ele>
						<time>2025-01-21T13:16:28Z</time>
					</trkpt>
					<trkpt lat="43.348580" lon="5.776980">
						<ele>612</ele>
						<time>2025-01-21T13:16:31Z</time>
					</trkpt>
					<trkpt lat="43.348540" lon="5.776460">
						<ele>613</ele>
						<time>2025-01-21T13:16:37Z</time>
					</trkpt>
					<trkpt lat="43.348750" lon="5.776040">
						<ele>608</ele>
						<time>2025-01-21T13:16:44Z</time>
					</trkpt>
					<trkpt lat="43.348890" lon="5.775500">
						<ele>608</ele>
						<time>2025-01-21T13:16:51Z</time>
					</trkpt>
					<trkpt lat="43.349080" lon="5.774340">
						<ele>610</ele>
						<time>2025-01-21T13:17:07Z</time>
					</trkpt>
					<trkpt lat="43.349120" lon="5.773470">
						<ele>614</ele>
						<time>2025-01-21T13:17:18Z</time>
					</trkpt>
					<trkpt lat="43.348990" lon="5.772520">
						<ele>623</ele>
						<time>2025-01-21T13:17:31Z</time>
					</trkpt>
					<trkpt lat="43.348740" lon="5.771170">
						<ele>625</ele>
						<time>2025-01-21T13:17:49Z</time>
					</trkpt>
					<trkpt lat="43.348580" lon="5.770630">
						<ele>627</ele>
						<time>2025-01-21T13:17:56Z</time>
					</trkpt>
					<trkpt lat="43.348380" lon="5.770080">
						<ele>630</ele>
						<time>2025-01-21T13:18:04Z</time>
					</trkpt>
					<trkpt lat="43.347960" lon="5.769190">
						<ele>637</ele>
						<time>2025-01-21T13:18:18Z</time>
					</trkpt>
					<trkpt lat="43.347650" lon="5.768350">
						<ele>634</ele>
						<time>2025-01-21T13:18:30Z</time>
					</trkpt>
					<trkpt lat="43.347610" lon="5.768280">
						<ele>633</ele>
						<time>2025-01-21T13:18:31Z</time>
					</trkpt>
					<trkpt lat="43.347360" lon="5.768170">
						<ele>634</ele>
						<time>2025-01-21T13:18:36Z</time>
					</trkpt>
					<trkpt lat="43.347200" lon="5.768140">
						<ele>634</ele>
						<time>2025-01-21T13:18:39Z</time>
					</trkpt>
					<trkpt lat="43.346830" lon="5.768160">
						<ele>639</ele>
						<time>2025-01-21T13:18:45Z</time>
					</trkpt>
					<trkpt lat="43.346450" lon="5.768220">
						<ele>646</ele>
						<time>2025-01-21T13:18:52Z</time>
					</trkpt>
					<trkpt lat="43.346180" lon="5.768220">
						<ele>650</ele>
						<time>2025-01-21T13:18:57Z</time>
					</trkpt>
					<trkpt lat="43.345950" lon="5.768160">
						<ele>651</ele>
						<time>2025-01-21T13:19:01Z</time>
					</trkpt>
					<trkpt lat="43.345460" lon="5.767900">
						<ele>653</ele>
						<time>2025-01-21T13:19:10Z</time>
					</trkpt>
					<trkpt lat="43.345090" lon="5.767510">
						<ele>652</ele>
						<time>2025-01-21T13:19:19Z</time>
					</trkpt>
					<trkpt lat="43.344740" lon="5.767340">
						<ele>658</ele>
						<time>2025-01-21T13:19:25Z</time>
					</trkpt>
					<trkpt lat="43.344450" lon="5.767110">
						<ele>661</ele>
						<time>2025-01-21T13:19:31Z</time>
					</trkpt>
					<trkpt lat="43.344390" lon="5.766950">
						<ele>660</ele>
						<time>2025-01-21T13:19:34Z</time>
					</trkpt>
					<trkpt lat="43.344250" lon="5.766280">
						<ele>648</ele>
						<time>2025-01-21T13:19:43Z</time>
					</trkpt>
					<trkpt lat="43.344160" lon="5.766100">
						<ele>645</ele>
						<time>2025-01-21T13:19:46Z</time>
					</trkpt>
					<trkpt lat="43.344020" lon="5.766020">
						<ele>644</ele>
						<time>2025-01-21T13:19:48Z</time>
					</trkpt>
					<trkpt lat="43.343890" lon="5.766070">
						<ele>647</ele>
						<time>2025-01-21T13:19:51Z</time>
					</trkpt>
					<trkpt lat="43.343580" lon="5.766460">
						<ele>661</ele>
						<time>2025-01-21T13:19:58Z</time>
					</trkpt>
					<trkpt lat="43.343520" lon="5.766490">
						<ele>662</ele>
						<time>2025-01-21T13:19:59Z</time>
					</trkpt>
					<trkpt lat="43.343290" lon="5.766490">
						<ele>664</ele>
						<time>2025-01-21T13:20:03Z</time>
					</trkpt>
					<trkpt lat="43.343040" lon="5.766540">
						<ele>667</ele>
						<time>2025-01-21T13:20:08Z</time>
					</trkpt>
					<trkpt lat="43.342930" lon="5.766610">
						<ele>669</ele>
						<time>2025-01-21T13:20:10Z</time>
					</trkpt>
					<trkpt lat="43.342890" lon="5.766710">
						<ele>670</ele>
						<time>2025-01-21T13:20:11Z</time>
					</trkpt>
					<trkpt lat="43.342800" lon="5.767520">
						<ele>678</ele>
						<time>2025-01-21T13:20:22Z</time>
					</trkpt>
					<trkpt lat="43.342780" lon="5.767570">
						<ele>678</ele>
						<time>2025-01-21T13:20:23Z</time>
					</trkpt>
					<trkpt lat="43.342740" lon="5.767590">
						<ele>678</ele>
						<time>2025-01-21T13:20:24Z</time>
					</trkpt>
					<trkpt lat="43.342680" lon="5.767580">
						<ele>678</ele>
						<time>2025-01-21T13:20:25Z</time>
					</trkpt>
					<trkpt lat="43.342580" lon="5.767480">
						<ele>678</ele>
						<time>2025-01-21T13:20:27Z</time>
					</trkpt>
					<trkpt lat="43.342310" lon="5.767050">
						<ele>676</ele>
						<time>2025-01-21T13:20:34Z</time>
					</trkpt>
					<trkpt lat="43.342150" lon="5.766890">
						<ele>676</ele>
						<time>2025-01-21T13:20:38Z</time>
					</trkpt>
					<trkpt lat="43.341590" lon="5.767120">
						<ele>680</ele>
						<time>2025-01-21T13:20:48Z</time>
					</trkpt>
					<trkpt lat="43.341290" lon="5.767380">
						<ele>680</ele>
						<time>2025-01-21T13:20:54Z</time>
					</trkpt>
					<trkpt lat="43.341230" lon="5.767400">
						<ele>680</ele>
						<time>2025-01-21T13:20:56Z</time>
					</trkpt>
					<trkpt lat="43.340620" lon="5.767390">
						<ele>680</ele>
						<time>2025-01-21T13:21:06Z</time>
					</trkpt>
					<trkpt lat="43.339870" lon="5.767290">
						<ele>680</ele>
						<time>2025-01-21T13:21:20Z</time>
					</trkpt>
					<trkpt lat="43.339300" lon="5.766990">
						<ele>678</ele>
						<time>2025-01-21T13:21:31Z</time>
					</trkpt>
					<trkpt lat="43.338470" lon="5.766650">
						<ele>677</ele>
						<time>2025-01-21T13:21:46Z</time>
					</trkpt>
					<trkpt lat="43.337870" lon="5.766360">
						<ele>678</ele>
						<time>2025-01-21T13:21:57Z</time>
					</trkpt>
					<trkpt lat="43.337470" lon="5.766200">
						<ele>678</ele>
						<time>2025-01-21T13:22:05Z</time>
					</trkpt>
					<trkpt lat="43.337060" lon="5.766120">
						<ele>679</ele>
						<time>2025-01-21T13:22:12Z</time>
					</trkpt>
					<trkpt lat="43.336350" lon="5.765810">
						<ele>680</ele>
						<time>2025-01-21T13:22:25Z</time>
					</trkpt>
					<trkpt lat="43.336010" lon="5.765640">
						<ele>680</ele>
						<time>2025-01-21T13:22:32Z</time>
					</trkpt>
					<trkpt lat="43.335820" lon="5.765290">
						<ele>680</ele>
						<time>2025-01-21T13:22:37Z</time>
					</trkpt>
					<trkpt lat="43.335740" lon="5.765060">
						<ele>680</ele>
						<time>2025-01-21T13:22:41Z</time>
					</trkpt>
					<trkpt lat="43.335710" lon="5.764820">
						<ele>680</ele>
						<time>2025-01-21T13:22:44Z</time>
					</trkpt>
					<trkpt lat="43.335700" lon="5.763720">
						<ele>678</ele>
						<time>2025-01-21T13:22:58Z</time>
					</trkpt>
					<trkpt lat="43.335760" lon="5.762100">
						<ele>674</ele>
						<time>2025-01-21T13:23:19Z</time>
					</trkpt>
					<trkpt lat="43.335750" lon="5.761160">
						<ele>673</ele>
						<time>2025-01-21T13:23:31Z</time>
					</trkpt>
					<trkpt lat="43.335610" lon="5.757820">
						<ele>670</ele>
						<time>2025-01-21T13:24:15Z</time>
					</trkpt>
					<trkpt lat="43.335600" lon="5.755250">
						<ele>669</ele>
						<time>2025-01-21T13:24:48Z</time>
					</trkpt>
					<trkpt lat="43.335810" lon="5.753510">
						<ele>670</ele>
						<time>2025-01-21T13:25:11Z</time>
					</trkpt>
					<trkpt lat="43.336060" lon="5.750960">
						<ele>670</ele>
						<time>2025-01-21T13:25:44Z</time>
					</trkpt>
					<trkpt lat="43.337480" lon="5.744460">
						<ele>671</ele>
						<time>2025-01-21T13:27:12Z</time>
					</trkpt>
					<trkpt lat="43.337630" lon="5.742640">
						<ele>669</ele>
						<time>2025-01-21T13:27:36Z</time>
					</trkpt>
					<trkpt lat="43.337730" lon="5.741920">
						<ele>670</ele>
						<time>2025-01-21T13:27:45Z</time>
					</trkpt>
					<trkpt lat="43.337870" lon="5.740400">
						<ele>674</ele>
						<time>2025-01-21T13:28:05Z</time>
					</trkpt>
					<trkpt lat="43.337970" lon="5.738120">
						<ele>672</ele>
						<time>2025-01-21T13:28:34Z</time>
					</trkpt>
					<trkpt lat="43.338010" lon="5.736400">
						<ele>675</ele>
						<time>2025-01-21T13:28:57Z</time>
					</trkpt>
					<trkpt lat="43.337980" lon="5.736220">
						<ele>675</ele>
						<time>2025-01-21T13:28:59Z</time>
					</trkpt>
					<trkpt lat="43.337900" lon="5.735970">
						<ele>675</ele>
						<time>2025-01-21T13:29:03Z</time>
					</trkpt>
					<trkpt lat="43.337380" lon="5.734870">
						<ele>677</ele>
						<time>2025-01-21T13:29:20Z</time>
					</trkpt>
					<trkpt lat="43.337240" lon="5.734620">
						<ele>677</ele>
						<time>2025-01-21T13:29:24Z</time>
					</trkpt>
					<trkpt lat="43.337190" lon="5.734480">
						<ele>677</ele>
						<time>2025-01-21T13:29:26Z</time>
					</trkpt>
					<trkpt lat="43.337080" lon="5.734000">
						<ele>676</ele>
						<time>2025-01-21T13:29:32Z</time>
					</trkpt>
					<trkpt lat="43.337030" lon="5.733200">
						<ele>675</ele>
						<time>2025-01-21T13:29:43Z</time>
					</trkpt>
					<trkpt lat="43.336930" lon="5.732800">
						<ele>674</ele>
						<time>2025-01-21T13:29:48Z</time>
					</trkpt>
					<trkpt lat="43.336470" lon="5.731830">
						<ele>676</ele>
						<time>2025-01-21T13:30:03Z</time>
					</trkpt>
					<trkpt lat="43.335900" lon="5.730710">
						<ele>675</ele>
						<time>2025-01-21T13:30:21Z</time>
					</trkpt>
					<trkpt lat="43.335540" lon="5.729830">
						<ele>677</ele>
						<time>2025-01-21T13:30:34Z</time>
					</trkpt>
					<trkpt lat="43.335070" lon="5.728920">
						<ele>678</ele>
						<time>2025-01-21T13:30:48Z</time>
					</trkpt>
					<trkpt lat="43.335020" lon="5.728710">
						<ele>678</ele>
						<time>2025-01-21T13:30:51Z</time>
					</trkpt>
					<trkpt lat="43.334970" lon="5.728130">
						<ele>677</ele>
						<time>2025-01-21T13:30:59Z</time>
					</trkpt>
					<trkpt lat="43.334830" lon="5.727760">
						<ele>677</ele>
						<time>2025-01-21T13:31:04Z</time>
					</trkpt>
					<trkpt lat="43.334560" lon="5.727360">
						<ele>676</ele>
						<time>2025-01-21T13:31:11Z</time>
					</trkpt>
					<trkpt lat="43.333790" lon="5.726520">
						<ele>673</ele>
						<time>2025-01-21T13:31:29Z</time>
					</trkpt>
					<trkpt lat="43.332980" lon="5.725540">
						<ele>678</ele>
						<time>2025-01-21T13:31:48Z</time>
					</trkpt>
					<trkpt lat="43.332900" lon="5.725480">
						<ele>678</ele>
						<time>2025-01-21T13:31:49Z</time>
					</trkpt>
					<trkpt lat="43.332580" lon="5.725540">
						<ele>682</ele>
						<time>2025-01-21T13:31:55Z</time>
					</trkpt>
					<trkpt lat="43.332510" lon="5.725470">
						<ele>683</ele>
						<time>2025-01-21T13:31:57Z</time>
					</trkpt>
					<trkpt lat="43.332380" lon="5.725210">
						<ele>683</ele>
						<time>2025-01-21T13:32:01Z</time>
					</trkpt>
					<trkpt lat="43.332210" lon="5.724740">
						<ele>682</ele>
						<time>2025-01-21T13:32:08Z</time>
					</trkpt>
					<trkpt lat="43.331960" lon="5.723550">
						<ele>682</ele>
						<time>2025-01-21T13:32:24Z</time>
					</trkpt>
					<trkpt lat="43.331900" lon="5.723370">
						<ele>683</ele>
						<time>2025-01-21T13:32:26Z</time>
					</trkpt>
					<trkpt lat="43.331860" lon="5.723280">
						<ele>684</ele>
						<time>2025-01-21T13:32:28Z</time>
					</trkpt>
					<trkpt lat="43.331630" lon="5.722980">
						<ele>687</ele>
						<time>2025-01-21T13:32:33Z</time>
					</trkpt>
					<trkpt lat="43.331290" lon="5.722320">
						<ele>689</ele>
						<time>2025-01-21T13:32:44Z</time>
					</trkpt>
					<trkpt lat="43.331210" lon="5.722120">
						<ele>689</ele>
						<time>2025-01-21T13:32:47Z</time>
					</trkpt>
					<trkpt lat="43.331120" lon="5.721770">
						<ele>691</ele>
						<time>2025-01-21T13:32:51Z</time>
					</trkpt>
					<trkpt lat="43.331080" lon="5.721720">
						<ele>691</ele>
						<time>2025-01-21T13:32:52Z</time>
					</trkpt>
					<trkpt lat="43.330930" lon="5.721670">
						<ele>690</ele>
						<time>2025-01-21T13:32:55Z</time>
					</trkpt>
					<trkpt lat="43.330870" lon="5.721680">
						<ele>689</ele>
						<time>2025-01-21T13:32:56Z</time>
					</trkpt>
					<trkpt lat="43.330750" lon="5.721770">
						<ele>688</ele>
						<time>2025-01-21T13:32:59Z</time>
					</trkpt>
					<trkpt lat="43.330710" lon="5.721740">
						<ele>688</ele>
						<time>2025-01-21T13:32:59Z</time>
					</trkpt>
					<trkpt lat="43.330580" lon="5.721720">
						<ele>687</ele>
						<time>2025-01-21T13:33:02Z</time>
					</trkpt>
					<trkpt lat="43.330470" lon="5.721630">
						<ele>686</ele>
						<time>2025-01-21T13:33:04Z</time>
					</trkpt>
					<trkpt lat="43.330430" lon="5.721630">
						<ele>686</ele>
						<time>2025-01-21T13:33:05Z</time>
					</trkpt>
					<trkpt lat="43.330390" lon="5.721540">
						<ele>686</ele>
						<time>2025-01-21T13:33:06Z</time>
					</trkpt>
					<trkpt lat="43.330080" lon="5.720460">
						<ele>686</ele>
						<time>2025-01-21T13:33:21Z</time>
					</trkpt>
					<trkpt lat="43.329900" lon="5.719250">
						<ele>688</ele>
						<time>2025-01-21T13:33:37Z</time>
					</trkpt>
					<trkpt lat="43.329690" lon="5.718560">
						<ele>687</ele>
						<time>2025-01-21T13:33:47Z</time>
					</trkpt>
					<trkpt lat="43.329610" lon="5.718030">
						<ele>687</ele>
						<time>2025-01-21T13:33:54Z</time>
					</trkpt>
					<trkpt lat="43.329530" lon="5.717140">
						<ele>688</ele>
						<time>2025-01-21T13:34:05Z</time>
					</trkpt>
					<trkpt lat="43.329000" lon="5.714890">
						<ele>688</ele>
						<time>2025-01-21T13:34:36Z</time>
					</trkpt>
					<trkpt lat="43.328890" lon="5.714320">
						<ele>692</ele>
						<time>2025-01-21T13:34:44Z</time>
					</trkpt>
					<trkpt lat="43.328900" lon="5.714220">
						<ele>692</ele>
						<time>2025-01-21T13:34:45Z</time>
					</trkpt>
					<trkpt lat="43.328830" lon="5.714010">
						<ele>692</ele>
						<time>2025-01-21T13:34:48Z</time>
					</trkpt>
					<trkpt lat="43.328690" lon="5.713800">
						<ele>691</ele>
						<time>2025-01-21T13:34:52Z</time>
					</trkpt>
					<trkpt lat="43.328460" lon="5.713560">
						<ele>688</ele>
						<time>2025-01-21T13:34:57Z</time>
					</trkpt>
					<trkpt lat="43.328330" lon="5.713450">
						<ele>687</ele>
						<time>2025-01-21T13:35:00Z</time>
					</trkpt>
					<trkpt lat="43.328210" lon="5.713390">
						<ele>688</ele>
						<time>2025-01-21T13:35:02Z</time>
					</trkpt>
					<trkpt lat="43.327460" lon="5.713300">
						<ele>687</ele>
						<time>2025-01-21T13:35:15Z</time>
					</trkpt>
					<trkpt lat="43.326940" lon="5.713310">
						<ele>688</ele>
						<time>2025-01-21T13:35:24Z</time>
					</trkpt>
					<trkpt lat="43.326840" lon="5.713270">
						<ele>689</ele>
						<time>2025-01-21T13:35:26Z</time>
					</trkpt>
					<trkpt lat="43.326750" lon="5.713130">
						<ele>689</ele>
						<time>2025-01-21T13:35:29Z</time>
					</trkpt>
					<trkpt lat="43.326670" lon="5.712760">
						<ele>690</ele>
						<time>2025-01-21T13:35:34Z</time>
					</trkpt>
					<trkpt lat="43.326570" lon="5.711890">
						<ele>692</ele>
						<time>2025-01-21T13:35:45Z</time>
					</trkpt>
					<trkpt lat="43.326700" lon="5.711230">
						<ele>691</ele>
						<time>2025-01-21T13:35:54Z</time>
					</trkpt>
					<trkpt lat="43.326890" lon="5.707960">
						<ele>680</ele>
						<time>2025-01-21T13:36:36Z</time>
					</trkpt>
					<trkpt lat="43.326830" lon="5.707750">
						<ele>680</ele>
						<time>2025-01-21T13:36:39Z</time>
					</trkpt>
					<trkpt lat="43.326570" lon="5.707350">
						<ele>678</ele>
						<time>2025-01-21T13:36:46Z</time>
					</trkpt>
					<trkpt lat="43.326390" lon="5.707120">
						<ele>678</ele>
						<time>2025-01-21T13:36:51Z</time>
					</trkpt>
					<trkpt lat="43.326160" lon="5.706720">
						<ele>677</ele>
						<time>2025-01-21T13:36:57Z</time>
					</trkpt>
					<trkpt lat="43.326100" lon="5.706530">
						<ele>677</ele>
						<time>2025-01-21T13:37:00Z</time>
					</trkpt>
					<trkpt lat="43.326050" lon="5.706180">
						<ele>676</ele>
						<time>2025-01-21T13:37:05Z</time>
					</trkpt>
					<trkpt lat="43.326050" lon="5.705920">
						<ele>676</ele>
						<time>2025-01-21T13:37:08Z</time>
					</trkpt>
					<trkpt lat="43.326220" lon="5.704860">
						<ele>674</ele>
						<time>2025-01-21T13:37:22Z</time>
					</trkpt>
					<trkpt lat="43.326330" lon="5.704590">
						<ele>673</ele>
						<time>2025-01-21T13:37:26Z</time>
					</trkpt>
					<trkpt lat="43.326640" lon="5.704070">
						<ele>671</ele>
						<time>2025-01-21T13:37:35Z</time>
					</trkpt>
					<trkpt lat="43.326810" lon="5.703660">
						<ele>669</ele>
						<time>2025-01-21T13:37:41Z</time>
					</trkpt>
					<trkpt lat="43.326950" lon="5.702290">
						<ele>666</ele>
						<time>2025-01-21T13:37:59Z</time>
					</trkpt>
					<trkpt lat="43.327080" lon="5.701770">
						<ele>666</ele>
						<time>2025-01-21T13:38:06Z</time>
					</trkpt>
					<trkpt lat="43.327290" lon="5.701150">
						<ele>666</ele>
						<time>2025-01-21T13:38:15Z</time>
					</trkpt>
					<trkpt lat="43.327990" lon="5.699330">
						<ele>663</ele>
						<time>2025-01-21T13:38:41Z</time>
					</trkpt>
					<trkpt lat="43.328180" lon="5.698990">
						<ele>662</ele>
						<time>2025-01-21T13:38:47Z</time>
					</trkpt>
					<trkpt lat="43.328430" lon="5.698700">
						<ele>663</ele>
						<time>2025-01-21T13:38:53Z</time>
					</trkpt>
					<trkpt lat="43.328560" lon="5.698610">
						<ele>664</ele>
						<time>2025-01-21T13:38:55Z</time>
					</trkpt>
					<trkpt lat="43.328650" lon="5.698580">
						<ele>664</ele>
						<time>2025-01-21T13:38:57Z</time>
					</trkpt>
					<trkpt lat="43.328800" lon="5.698540">
						<ele>664</ele>
						<time>2025-01-21T13:39:00Z</time>
					</trkpt>
					<trkpt lat="43.328910" lon="5.698550">
						<ele>663</ele>
						<time>2025-01-21T13:39:02Z</time>
					</trkpt>
					<trkpt lat="43.329170" lon="5.698590">
						<ele>663</ele>
						<time>2025-01-21T13:39:06Z</time>
					</trkpt>
					<trkpt lat="43.329610" lon="5.698750">
						<ele>660</ele>
						<time>2025-01-21T13:39:14Z</time>
					</trkpt>
					<trkpt lat="43.329870" lon="5.698750">
						<ele>659</ele>
						<time>2025-01-21T13:39:19Z</time>
					</trkpt>
					<trkpt lat="43.330080" lon="5.698670">
						<ele>659</ele>
						<time>2025-01-21T13:39:23Z</time>
					</trkpt>
					<trkpt lat="43.330580" lon="5.698390">
						<ele>657</ele>
						<time>2025-01-21T13:39:32Z</time>
					</trkpt>
					<trkpt lat="43.330730" lon="5.698330">
						<ele>656</ele>
						<time>2025-01-21T13:39:35Z</time>
					</trkpt>
					<trkpt lat="43.331180" lon="5.698230">
						<ele>654</ele>
						<time>2025-01-21T13:39:43Z</time>
					</trkpt>
					<trkpt lat="43.331670" lon="5.698050">
						<ele>652</ele>
						<time>2025-01-21T13:39:52Z</time>
					</trkpt>
					<trkpt lat="43.331850" lon="5.697940">
						<ele>651</ele>
						<time>2025-01-21T13:39:56Z</time>
					</trkpt>
					<trkpt lat="43.332010" lon="5.697790">
						<ele>651</ele>
						<time>2025-01-21T13:39:59Z</time>
					</trkpt>
					<trkpt lat="43.332290" lon="5.697450">
						<ele>650</ele>
						<time>2025-01-21T13:40:06Z</time>
					</trkpt>
					<trkpt lat="43.332520" lon="5.697050">
						<ele>650</ele>
						<time>2025-01-21T13:40:13Z</time>
					</trkpt>
					<trkpt lat="43.332700" lon="5.696430">
						<ele>653</ele>
						<time>2025-01-21T13:40:21Z</time>
					</trkpt>
					<trkpt lat="43.332820" lon="5.695540">
						<ele>656</ele>
						<time>2025-01-21T13:40:33Z</time>
					</trkpt>
					<trkpt lat="43.332840" lon="5.694880">
						<ele>656</ele>
						<time>2025-01-21T13:40:41Z</time>
					</trkpt>
					<trkpt lat="43.332540" lon="5.692940">
						<ele>643</ele>
						<time>2025-01-21T13:41:07Z</time>
					</trkpt>
					<trkpt lat="43.332430" lon="5.692400">
						<ele>640</ele>
						<time>2025-01-21T13:41:14Z</time>
					</trkpt>
					<trkpt lat="43.332280" lon="5.692070">
						<ele>643</ele>
						<time>2025-01-21T13:41:19Z</time>
					</trkpt>
					<trkpt lat="43.332000" lon="5.691760">
						<ele>645</ele>
						<time>2025-01-21T13:41:26Z</time>
					</trkpt>
					<trkpt lat="43.331880" lon="5.691580">
						<ele>645</ele>
						<time>2025-01-21T13:41:29Z</time>
					</trkpt>
					<trkpt lat="43.331450" lon="5.690730">
						<ele>652</ele>
						<time>2025-01-21T13:41:42Z</time>
					</trkpt>
					<trkpt lat="43.331210" lon="5.690140">
						<ele>654</ele>
						<time>2025-01-21T13:41:51Z</time>
					</trkpt>
					<trkpt lat="43.330670" lon="5.688510">
						<ele>643</ele>
						<time>2025-01-21T13:42:14Z</time>
					</trkpt>
					<trkpt lat="43.330470" lon="5.685960">
						<ele>632</ele>
						<time>2025-01-21T13:42:48Z</time>
					</trkpt>
					<trkpt lat="43.330390" lon="5.685670">
						<ele>631</ele>
						<time>2025-01-21T13:42:52Z</time>
					</trkpt>
					<trkpt lat="43.330270" lon="5.685370">
						<ele>629</ele>
						<time>2025-01-21T13:42:56Z</time>
					</trkpt>
					<trkpt lat="43.330050" lon="5.684920">
						<ele>629</ele>
						<time>2025-01-21T13:43:03Z</time>
					</trkpt>
					<trkpt lat="43.329920" lon="5.684460">
						<ele>634</ele>
						<time>2025-01-21T13:43:09Z</time>
					</trkpt>
					<trkpt lat="43.329920" lon="5.684110">
						<ele>635</ele>
						<time>2025-01-21T13:43:14Z</time>
					</trkpt>
					<trkpt lat="43.330100" lon="5.682870">
						<ele>626</ele>
						<time>2025-01-21T13:43:30Z</time>
					</trkpt>
					<trkpt lat="43.330090" lon="5.682510">
						<ele>625</ele>
						<time>2025-01-21T13:43:35Z</time>
					</trkpt>
					<trkpt lat="43.330050" lon="5.682310">
						<ele>625</ele>
						<time>2025-01-21T13:43:38Z</time>
					</trkpt>
					<trkpt lat="43.329520" lon="5.680640">
						<ele>623</ele>
						<time>2025-01-21T13:44:01Z</time>
					</trkpt>
					<trkpt lat="43.329470" lon="5.680680">
						<ele>623</ele>
						<time>2025-01-21T13:44:02Z</time>
					</trkpt>
					<trkpt lat="43.329380" lon="5.680700">
						<ele>623</ele>
						<time>2025-01-21T13:44:04Z</time>
					</trkpt>
					<trkpt lat="43.329280" lon="5.680700">
						<ele>624</ele>
						<time>2025-01-21T13:44:06Z</time>
					</trkpt>
					<trkpt lat="43.329200" lon="5.680640">
						<ele>623</ele>
						<time>2025-01-21T13:44:07Z</time>
					</trkpt>
					<trkpt lat="43.328650" lon="5.679860">
						<ele>622</ele>
						<time>2025-01-21T13:44:21Z</time>
					</trkpt>
					<trkpt lat="43.328450" lon="5.679690">
						<ele>622</ele>
						<time>2025-01-21T13:44:25Z</time>
					</trkpt>
					<trkpt lat="43.328200" lon="5.679600">
						<ele>623</ele>
						<time>2025-01-21T13:44:30Z</time>
					</trkpt>
					<trkpt lat="43.327880" lon="5.679590">
						<ele>625</ele>
						<time>2025-01-21T13:44:36Z</time>
					</trkpt>
					<trkpt lat="43.327690" lon="5.679560">
						<ele>626</ele>
						<time>2025-01-21T13:44:39Z</time>
					</trkpt>
					<trkpt lat="43.327540" lon="5.679450">
						<ele>626</ele>
						<time>2025-01-21T13:44:42Z</time>
					</trkpt>
					<trkpt lat="43.327430" lon="5.679310">
						<ele>626</ele>
						<time>2025-01-21T13:44:45Z</time>
					</trkpt>
					<trkpt lat="43.327370" lon="5.679100">
						<ele>627</ele>
						<time>2025-01-21T13:44:48Z</time>
					</trkpt>
					<trkpt lat="43.327380" lon="5.678980">
						<ele>628</ele>
						<time>2025-01-21T13:44:49Z</time>
					</trkpt>
					<trkpt lat="43.327420" lon="5.678880">
						<ele>629</ele>
						<time>2025-01-21T13:44:51Z</time>
					</trkpt>
					<trkpt lat="43.327540" lon="5.678790">
						<ele>628</ele>
						<time>2025-01-21T13:44:53Z</time>
					</trkpt>
					<trkpt lat="43.328000" lon="5.678610">
						<ele>625</ele>
						<time>2025-01-21T13:45:02Z</time>
					</trkpt>
					<trkpt lat="43.328080" lon="5.678530">
						<ele>625</ele>
						<time>2025-01-21T13:45:04Z</time>
					</trkpt>
					<trkpt lat="43.328150" lon="5.678410">
						<ele>625</ele>
						<time>2025-01-21T13:45:06Z</time>
					</trkpt>
					<trkpt lat="43.328150" lon="5.678230">
						<ele>626</ele>
						<time>2025-01-21T13:45:08Z</time>
					</trkpt>
					<trkpt lat="43.328100" lon="5.678040">
						<ele>627</ele>
						<time>2025-01-21T13:45:10Z</time>
					</trkpt>
					<trkpt lat="43.327960" lon="5.677880">
						<ele>629</ele>
						<time>2025-01-21T13:45:14Z</time>
					</trkpt>
					<trkpt lat="43.327700" lon="5.677740">
						<ele>632</ele>
						<time>2025-01-21T13:45:19Z</time>
					</trkpt>
					<trkpt lat="43.327630" lon="5.677650">
						<ele>633</ele>
						<time>2025-01-21T13:45:20Z</time>
					</trkpt>
					<trkpt lat="43.327580" lon="5.677530">
						<ele>633</ele>
						<time>2025-01-21T13:45:22Z</time>
					</trkpt>
					<trkpt lat="43.327540" lon="5.677120">
						<ele>634</ele>
						<time>2025-01-21T13:45:28Z</time>
					</trkpt>
					<trkpt lat="43.327520" lon="5.676520">
						<ele>634</ele>
						<time>2025-01-21T13:45:35Z</time>
					</trkpt>
					<trkpt lat="43.327430" lon="5.676220">
						<ele>635</ele>
						<time>2025-01-21T13:45:40Z</time>
					</trkpt>
					<trkpt lat="43.327330" lon="5.676100">
						<ele>636</ele>
						<time>2025-01-21T13:45:42Z</time>
					</trkpt>
					<trkpt lat="43.327110" lon="5.675970">
						<ele>636</ele>
						<time>2025-01-21T13:45:46Z</time>
					</trkpt>
					<trkpt lat="43.326400" lon="5.675660">
						<ele>636</ele>
						<time>2025-01-21T13:45:59Z</time>
					</trkpt>
					<trkpt lat="43.326310" lon="5.675590">
						<ele>636</ele>
						<time>2025-01-21T13:46:01Z</time>
					</trkpt>
					<trkpt lat="43.326170" lon="5.675310">
						<ele>635</ele>
						<time>2025-01-21T13:46:06Z</time>
					</trkpt>
					<trkpt lat="43.326040" lon="5.675140">
						<ele>634</ele>
						<time>2025-01-21T13:46:09Z</time>
					</trkpt>
					<trkpt lat="43.325850" lon="5.675070">
						<ele>635</ele>
						<time>2025-01-21T13:46:12Z</time>
					</trkpt>
					<trkpt lat="43.325570" lon="5.675080">
						<ele>640</ele>
						<time>2025-01-21T13:46:17Z</time>
					</trkpt>
					<trkpt lat="43.325450" lon="5.675060">
						<ele>642</ele>
						<time>2025-01-21T13:46:19Z</time>
					</trkpt>
					<trkpt lat="43.325260" lon="5.674990">
						<ele>644</ele>
						<time>2025-01-21T13:46:23Z</time>
					</trkpt>
					<trkpt lat="43.325140" lon="5.674910">
						<ele>646</ele>
						<time>2025-01-21T13:46:25Z</time>
					</trkpt>
					<trkpt lat="43.325060" lon="5.674730">
						<ele>646</ele>
						<time>2025-01-21T13:46:28Z</time>
					</trkpt>
					<trkpt lat="43.325060" lon="5.674670">
						<ele>645</ele>
						<time>2025-01-21T13:46:29Z</time>
					</trkpt>
					<trkpt lat="43.325170" lon="5.674400">
						<ele>641</ele>
						<time>2025-01-21T13:46:33Z</time>
					</trkpt>
					<trkpt lat="43.325180" lon="5.674180">
						<ele>639</ele>
						<time>2025-01-21T13:46:36Z</time>
					</trkpt>
					<trkpt lat="43.325120" lon="5.674060">
						<ele>638</ele>
						<time>2025-01-21T13:46:38Z</time>
					</trkpt>
					<trkpt lat="43.325040" lon="5.674000">
						<ele>638</ele>
						<time>2025-01-21T13:46:39Z</time>
					</trkpt>
					<trkpt lat="43.324910" lon="5.673970">
						<ele>639</ele>
						<time>2025-01-21T13:46:42Z</time>
					</trkpt>
					<trkpt lat="43.324310" lon="5.674020">
						<ele>649</ele>
						<time>2025-01-21T13:46:52Z</time>
					</trkpt>
					<trkpt lat="43.324160" lon="5.673960">
						<ele>650</ele>
						<time>2025-01-21T13:46:55Z</time>
					</trkpt>
					<trkpt lat="43.324090" lon="5.673880">
						<ele>650</ele>
						<time>2025-01-21T13:46:57Z</time>
					</trkpt>
					<trkpt lat="43.323970" lon="5.673600">
						<ele>648</ele>
						<time>2025-01-21T13:47:01Z</time>
					</trkpt>
					<trkpt lat="43.323820" lon="5.673490">
						<ele>650</ele>
						<time>2025-01-21T13:47:04Z</time>
					</trkpt>
					<trkpt lat="43.323690" lon="5.673440">
						<ele>653</ele>
						<time>2025-01-21T13:47:06Z</time>
					</trkpt>
					<trkpt lat="43.323390" lon="5.672890">
						<ele>661</ele>
						<time>2025-01-21T13:47:15Z</time>
					</trkpt>
					<trkpt lat="43.323340" lon="5.672690">
						<ele>663</ele>
						<time>2025-01-21T13:47:18Z</time>
					</trkpt>
					<trkpt lat="43.323350" lon="5.672470">
						<ele>664</ele>
						<time>2025-01-21T13:47:21Z</time>
					</trkpt>
					<trkpt lat="43.323380" lon="5.672380">
						<ele>664</ele>
						<time>2025-01-21T13:47:22Z</time>
					</trkpt>
					<trkpt lat="43.323710" lon="5.671850">
						<ele>660</ele>
						<time>2025-01-21T13:47:31Z</time>
					</trkpt>
					<trkpt lat="43.323740" lon="5.671730">
						<ele>661</ele>
						<time>2025-01-21T13:47:33Z</time>
					</trkpt>
					<trkpt lat="43.323720" lon="5.671580">
						<ele>663</ele>
						<time>2025-01-21T13:47:35Z</time>
					</trkpt>
					<trkpt lat="43.323580" lon="5.671360">
						<ele>670</ele>
						<time>2025-01-21T13:47:38Z</time>
					</trkpt>
					<trkpt lat="43.323570" lon="5.671180">
						<ele>672</ele>
						<time>2025-01-21T13:47:41Z</time>
					</trkpt>
					<trkpt lat="43.323640" lon="5.671050">
						<ele>670</ele>
						<time>2025-01-21T13:47:43Z</time>
					</trkpt>
					<trkpt lat="43.323910" lon="5.670910">
						<ele>660</ele>
						<time>2025-01-21T13:47:48Z</time>
					</trkpt>
					<trkpt lat="43.324150" lon="5.670420">
						<ele>655</ele>
						<time>2025-01-21T13:47:56Z</time>
					</trkpt>
					<trkpt lat="43.324150" lon="5.670180">
						<ele>658</ele>
						<time>2025-01-21T13:47:59Z</time>
					</trkpt>
					<trkpt lat="43.323940" lon="5.669370">
						<ele>669</ele>
						<time>2025-01-21T13:48:10Z</time>
					</trkpt>
					<trkpt lat="43.323880" lon="5.669210">
						<ele>672</ele>
						<time>2025-01-21T13:48:12Z</time>
					</trkpt>
					<trkpt lat="43.323710" lon="5.669030">
						<ele>683</ele>
						<time>2025-01-21T13:48:16Z</time>
					</trkpt>
					<trkpt lat="43.323680" lon="5.668950">
						<ele>685</ele>
						<time>2025-01-21T13:48:17Z</time>
					</trkpt>
					<trkpt lat="43.323680" lon="5.668870">
						<ele>685</ele>
						<time>2025-01-21T13:48:18Z</time>
					</trkpt>
					<trkpt lat="43.323740" lon="5.668660">
						<ele>682</ele>
						<time>2025-01-21T13:48:21Z</time>
					</trkpt>
					<trkpt lat="43.323760" lon="5.668250">
						<ele>683</ele>
						<time>2025-01-21T13:48:27Z</time>
					</trkpt>
					<trkpt lat="43.323790" lon="5.668160">
						<ele>683</ele>
						<time>2025-01-21T13:48:28Z</time>
					</trkpt>
					<trkpt lat="43.323840" lon="5.668100">
						<ele>682</ele>
						<time>2025-01-21T13:48:29Z</time>
					</trkpt>
					<trkpt lat="43.324240" lon="5.667900">
						<ele>670</ele>
						<time>2025-01-21T13:48:37Z</time>
					</trkpt>
					<trkpt lat="43.324350" lon="5.667750">
						<ele>669</ele>
						<time>2025-01-21T13:48:39Z</time>
					</trkpt>
					<trkpt lat="43.324470" lon="5.667390">
						<ele>669</ele>
						<time>2025-01-21T13:48:44Z</time>
					</trkpt>
					<trkpt lat="43.324520" lon="5.667160">
						<ele>666</ele>
						<time>2025-01-21T13:48:48Z</time>
					</trkpt>
					<trkpt lat="43.324500" lon="5.666900">
						<ele>666</ele>
						<time>2025-01-21T13:48:51Z</time>
					</trkpt>
					<trkpt lat="43.324430" lon="5.666720">
						<ele>668</ele>
						<time>2025-01-21T13:48:54Z</time>
					</trkpt>
					<trkpt lat="43.324240" lon="5.666540">
						<ele>672</ele>
						<time>2025-01-21T13:48:58Z</time>
					</trkpt>
					<trkpt lat="43.323980" lon="5.666410">
						<ele>674</ele>
						<time>2025-01-21T13:49:03Z</time>
					</trkpt>
					<trkpt lat="43.323810" lon="5.666370">
						<ele>676</ele>
						<time>2025-01-21T13:49:06Z</time>
					</trkpt>
					<trkpt lat="43.323450" lon="5.666350">
						<ele>680</ele>
						<time>2025-01-21T13:49:12Z</time>
					</trkpt>
					<trkpt lat="43.323080" lon="5.666190">
						<ele>677</ele>
						<time>2025-01-21T13:49:19Z</time>
					</trkpt>
					<trkpt lat="43.323000" lon="5.666240">
						<ele>679</ele>
						<time>2025-01-21T13:49:21Z</time>
					</trkpt>
					<trkpt lat="43.322790" lon="5.666590">
						<ele>688</ele>
						<time>2025-01-21T13:49:26Z</time>
					</trkpt>
					<trkpt lat="43.322650" lon="5.666650">
						<ele>689</ele>
						<time>2025-01-21T13:49:29Z</time>
					</trkpt>
					<trkpt lat="43.322560" lon="5.666660">
						<ele>689</ele>
						<time>2025-01-21T13:49:31Z</time>
					</trkpt>
					<trkpt lat="43.322460" lon="5.666630">
						<ele>689</ele>
						<time>2025-01-21T13:49:32Z</time>
					</trkpt>
					<trkpt lat="43.322180" lon="5.666360">
						<ele>685</ele>
						<time>2025-01-21T13:49:39Z</time>
					</trkpt>
					<trkpt lat="43.322100" lon="5.666330">
						<ele>685</ele>
						<time>2025-01-21T13:49:40Z</time>
					</trkpt>
					<trkpt lat="43.322040" lon="5.666320">
						<ele>686</ele>
						<time>2025-01-21T13:49:41Z</time>
					</trkpt>
					<trkpt lat="43.321760" lon="5.666360">
						<ele>690</ele>
						<time>2025-01-21T13:49:46Z</time>
					</trkpt>
					<trkpt lat="43.321230" lon="5.666480">
						<ele>702</ele>
						<time>2025-01-21T13:49:56Z</time>
					</trkpt>
					<trkpt lat="43.320920" lon="5.666200">
						<ele>698</ele>
						<time>2025-01-21T13:50:02Z</time>
					</trkpt>
					<trkpt lat="43.320750" lon="5.666140">
						<ele>700</ele>
						<time>2025-01-21T13:50:05Z</time>
					</trkpt>
					<trkpt lat="43.320550" lon="5.666130">
						<ele>707</ele>
						<time>2025-01-21T13:50:09Z</time>
					</trkpt>
					<trkpt lat="43.320490" lon="5.666070">
						<ele>708</ele>
						<time>2025-01-21T13:50:10Z</time>
					</trkpt>
					<trkpt lat="43.320460" lon="5.665980">
						<ele>706</ele>
						<time>2025-01-21T13:50:12Z</time>
					</trkpt>
					<trkpt lat="43.320420" lon="5.665670">
						<ele>701</ele>
						<time>2025-01-21T13:50:16Z</time>
					</trkpt>
					<trkpt lat="43.320360" lon="5.665510">
						<ele>700</ele>
						<time>2025-01-21T13:50:18Z</time>
					</trkpt>
					<trkpt lat="43.319640" lon="5.664410">
						<ele>706</ele>
						<time>2025-01-21T13:50:37Z</time>
					</trkpt>
					<trkpt lat="43.319440" lon="5.664200">
						<ele>710</ele>
						<time>2025-01-21T13:50:42Z</time>
					</trkpt>
					<trkpt lat="43.319360" lon="5.664030">
						<ele>709</ele>
						<time>2025-01-21T13:50:44Z</time>
					</trkpt>
					<trkpt lat="43.319330" lon="5.663840">
						<ele>706</ele>
						<time>2025-01-21T13:50:47Z</time>
					</trkpt>
					<trkpt lat="43.319290" lon="5.663750">
						<ele>705</ele>
						<time>2025-01-21T13:50:48Z</time>
					</trkpt>
					<trkpt lat="43.319220" lon="5.663700">
						<ele>707</ele>
						<time>2025-01-21T13:50:49Z</time>
					</trkpt>
					<trkpt lat="43.319120" lon="5.663680">
						<ele>711</ele>
						<time>2025-01-21T13:50:51Z</time>
					</trkpt>
					<trkpt lat="43.319030" lon="5.663600">
						<ele>714</ele>
						<time>2025-01-21T13:50:53Z</time>
					</trkpt>
					<trkpt lat="43.318990" lon="5.663490">
						<ele>713</ele>
						<time>2025-01-21T13:50:55Z</time>
					</trkpt>
					<trkpt lat="43.318950" lon="5.662990">
						<ele>704</ele>
						<time>2025-01-21T13:51:01Z</time>
					</trkpt>
					<trkpt lat="43.318800" lon="5.662620">
						<ele>703</ele>
						<time>2025-01-21T13:51:07Z</time>
					</trkpt>
					<trkpt lat="43.318640" lon="5.662500">
						<ele>705</ele>
						<time>2025-01-21T13:51:10Z</time>
					</trkpt>
					<trkpt lat="43.318260" lon="5.662540">
						<ele>719</ele>
						<time>2025-01-21T13:51:17Z</time>
					</trkpt>
					<trkpt lat="43.318140" lon="5.662440">
						<ele>723</ele>
						<time>2025-01-21T13:51:19Z</time>
					</trkpt>
					<trkpt lat="43.318010" lon="5.662020">
						<ele>724</ele>
						<time>2025-01-21T13:51:25Z</time>
					</trkpt>
					<trkpt lat="43.318000" lon="5.661670">
						<ele>721</ele>
						<time>2025-01-21T13:51:30Z</time>
					</trkpt>
					<trkpt lat="43.318260" lon="5.660420">
						<ele>721</ele>
						<time>2025-01-21T13:51:47Z</time>
					</trkpt>
					<trkpt lat="43.318250" lon="5.660270">
						<ele>723</ele>
						<time>2025-01-21T13:51:49Z</time>
					</trkpt>
					<trkpt lat="43.318180" lon="5.660030">
						<ele>728</ele>
						<time>2025-01-21T13:51:52Z</time>
					</trkpt>
					<trkpt lat="43.318180" lon="5.659920">
						<ele>729</ele>
						<time>2025-01-21T13:51:53Z</time>
					</trkpt>
					<trkpt lat="43.318290" lon="5.659570">
						<ele>727</ele>
						<time>2025-01-21T13:51:58Z</time>
					</trkpt>
					<trkpt lat="43.318370" lon="5.659380">
						<ele>727</ele>
						<time>2025-01-21T13:52:01Z</time>
					</trkpt>
					<trkpt lat="43.318540" lon="5.659080">
						<ele>725</ele>
						<time>2025-01-21T13:52:06Z</time>
					</trkpt>
					<trkpt lat="43.318580" lon="5.658950">
						<ele>724</ele>
						<time>2025-01-21T13:52:08Z</time>
					</trkpt>
					<trkpt lat="43.318560" lon="5.658830">
						<ele>723</ele>
						<time>2025-01-21T13:52:09Z</time>
					</trkpt>
					<trkpt lat="43.318480" lon="5.658740">
						<ele>722</ele>
						<time>2025-01-21T13:52:11Z</time>
					</trkpt>
					<trkpt lat="43.317690" lon="5.658620">
						<ele>724</ele>
						<time>2025-01-21T13:52:25Z</time>
					</trkpt>
					<trkpt lat="43.317420" lon="5.658600">
						<ele>724</ele>
						<time>2025-01-21T13:52:30Z</time>
					</trkpt>
					<trkpt lat="43.316990" lon="5.658630">
						<ele>723</ele>
						<time>2025-01-21T13:52:38Z</time>
					</trkpt>
					<trkpt lat="43.316590" lon="5.658770">
						<ele>724</ele>
						<time>2025-01-21T13:52:45Z</time>
					</trkpt>
					<trkpt lat="43.316480" lon="5.658860">
						<ele>723</ele>
						<time>2025-01-21T13:52:47Z</time>
					</trkpt>
					<trkpt lat="43.316340" lon="5.659090">
						<ele>724</ele>
						<time>2025-01-21T13:52:51Z</time>
					</trkpt>
					<trkpt lat="43.316290" lon="5.659280">
						<ele>725</ele>
						<time>2025-01-21T13:52:54Z</time>
					</trkpt>
					<trkpt lat="43.316250" lon="5.659900">
						<ele>730</ele>
						<time>2025-01-21T13:53:02Z</time>
					</trkpt>
					<trkpt lat="43.316050" lon="5.660830">
						<ele>732</ele>
						<time>2025-01-21T13:53:15Z</time>
					</trkpt>
					<trkpt lat="43.316000" lon="5.661160">
						<ele>730</ele>
						<time>2025-01-21T13:53:19Z</time>
					</trkpt>
					<trkpt lat="43.316000" lon="5.661660">
						<ele>731</ele>
						<time>2025-01-21T13:53:25Z</time>
					</trkpt>
					<trkpt lat="43.316060" lon="5.661930">
						<ele>729</ele>
						<time>2025-01-21T13:53:29Z</time>
					</trkpt>
					<trkpt lat="43.316230" lon="5.662190">
						<ele>732</ele>
						<time>2025-01-21T13:53:34Z</time>
					</trkpt>
					<trkpt lat="43.316350" lon="5.662570">
						<ele>733</ele>
						<time>2025-01-21T13:53:39Z</time>
					</trkpt>
					<trkpt lat="43.316440" lon="5.663520">
						<ele>729</ele>
						<time>2025-01-21T13:53:51Z</time>
					</trkpt>
					<trkpt lat="43.316520" lon="5.663920">
						<ele>732</ele>
						<time>2025-01-21T13:53:57Z</time>
					</trkpt>
					<trkpt lat="43.316630" lon="5.664230">
						<ele>737</ele>
						<time>2025-01-21T13:54:01Z</time>
					</trkpt>
					<trkpt lat="43.316660" lon="5.664410">
						<ele>741</ele>
						<time>2025-01-21T13:54:04Z</time>
					</trkpt>
					<trkpt lat="43.316550" lon="5.664770">
						<ele>742</ele>
						<time>2025-01-21T13:54:09Z</time>
					</trkpt>
					<trkpt lat="43.316390" lon="5.665120">
						<ele>742</ele>
						<time>2025-01-21T13:54:14Z</time>
					</trkpt>
					<trkpt lat="43.316290" lon="5.665260">
						<ele>741</ele>
						<time>2025-01-21T13:54:17Z</time>
					</trkpt>
					<trkpt lat="43.315990" lon="5.665410">
						<ele>731</ele>
						<time>2025-01-21T13:54:22Z</time>
					</trkpt>
					<trkpt lat="43.315850" lon="5.665560">
						<ele>728</ele>
						<time>2025-01-21T13:54:25Z</time>
					</trkpt>
					<trkpt lat="43.315800" lon="5.665680">
						<ele>728</ele>
						<time>2025-01-21T13:54:27Z</time>
					</trkpt>
					<trkpt lat="43.315740" lon="5.665990">
						<ele>728</ele>
						<time>2025-01-21T13:54:31Z</time>
					</trkpt>
					<trkpt lat="43.315760" lon="5.666560">
						<ele>729</ele>
						<time>2025-01-21T13:54:39Z</time>
					</trkpt>
					<trkpt lat="43.315810" lon="5.666700">
						<ele>730</ele>
						<time>2025-01-21T13:54:41Z</time>
					</trkpt>
					<trkpt lat="43.315930" lon="5.667290">
						<ele>728</ele>
						<time>2025-01-21T13:54:49Z</time>
					</trkpt>
					<trkpt lat="43.316180" lon="5.668110">
						<ele>734</ele>
						<time>2025-01-21T13:55:00Z</time>
					</trkpt>
					<trkpt lat="43.316210" lon="5.668250">
						<ele>734</ele>
						<time>2025-01-21T13:55:02Z</time>
					</trkpt>
					<trkpt lat="43.316200" lon="5.668430">
						<ele>734</ele>
						<time>2025-01-21T13:55:04Z</time>
					</trkpt>
					<trkpt lat="43.316190" lon="5.668490">
						<ele>733</ele>
						<time>2025-01-21T13:55:05Z</time>
					</trkpt>
					<trkpt lat="43.316110" lon="5.668620">
						<ele>730</ele>
						<time>2025-01-21T13:55:07Z</time>
					</trkpt>
					<trkpt lat="43.315770" lon="5.668910">
						<ele>716</ele>
						<time>2025-01-21T13:55:15Z</time>
					</trkpt>
					<trkpt lat="43.315600" lon="5.669090">
						<ele>709</ele>
						<time>2025-01-21T13:55:18Z</time>
					</trkpt>
					<trkpt lat="43.315570" lon="5.669230">
						<ele>708</ele>
						<time>2025-01-21T13:55:20Z</time>
					</trkpt>
					<trkpt lat="43.315580" lon="5.669380">
						<ele>709</ele>
						<time>2025-01-21T13:55:22Z</time>
					</trkpt>
					<trkpt lat="43.315680" lon="5.669720">
						<ele>714</ele>
						<time>2025-01-21T13:55:27Z</time>
					</trkpt>
					<trkpt lat="43.315740" lon="5.670170">
						<ele>719</ele>
						<time>2025-01-21T13:55:33Z</time>
					</trkpt>
					<trkpt lat="43.315710" lon="5.670380">
						<ele>721</ele>
						<time>2025-01-21T13:55:36Z</time>
					</trkpt>
					<trkpt lat="43.315640" lon="5.670570">
						<ele>722</ele>
						<time>2025-01-21T13:55:38Z</time>
					</trkpt>
					<trkpt lat="43.315490" lon="5.670660">
						<ele>719</ele>
						<time>2025-01-21T13:55:41Z</time>
					</trkpt>
					<trkpt lat="43.314750" lon="5.670800">
						<ele>703</ele>
						<time>2025-01-21T13:55:55Z</time>
					</trkpt>
					<trkpt lat="43.314620" lon="5.670840">
						<ele>701</ele>
						<time>2025-01-21T13:55:57Z</time>
					</trkpt>
					<trkpt lat="43.314470" lon="5.670930">
						<ele>699</ele>
						<time>2025-01-21T13:56:00Z</time>
					</trkpt>
					<trkpt lat="43.314220" lon="5.671140">
						<ele>697</ele>
						<time>2025-01-21T13:56:05Z</time>
					</trkpt>
					<trkpt lat="43.313670" lon="5.671760">
						<ele>694</ele>
						<time>2025-01-21T13:56:18Z</time>
					</trkpt>
					<trkpt lat="43.313610" lon="5.671840">
						<ele>693</ele>
						<time>2025-01-21T13:56:19Z</time>
					</trkpt>
					<trkpt lat="43.313540" lon="5.672020">
						<ele>691</ele>
						<time>2025-01-21T13:56:22Z</time>
					</trkpt>
					<trkpt lat="43.313480" lon="5.672260">
						<ele>690</ele>
						<time>2025-01-21T13:56:25Z</time>
					</trkpt>
					<trkpt lat="43.313480" lon="5.672700">
						<ele>689</ele>
						<time>2025-01-21T13:56:31Z</time>
					</trkpt>
					<trkpt lat="43.313590" lon="5.673130">
						<ele>687</ele>
						<time>2025-01-21T13:56:37Z</time>
					</trkpt>
					<trkpt lat="43.313710" lon="5.673450">
						<ele>686</ele>
						<time>2025-01-21T13:56:41Z</time>
					</trkpt>
					<trkpt lat="43.314070" lon="5.674230">
						<ele>682</ele>
						<time>2025-01-21T13:56:53Z</time>
					</trkpt>
					<trkpt lat="43.314070" lon="5.674400">
						<ele>681</ele>
						<time>2025-01-21T13:56:56Z</time>
					</trkpt>
					<trkpt lat="43.314010" lon="5.674470">
						<ele>680</ele>
						<time>2025-01-21T13:56:57Z</time>
					</trkpt>
					<trkpt lat="43.313960" lon="5.674470">
						<ele>679</ele>
						<time>2025-01-21T13:56:58Z</time>
					</trkpt>
					<trkpt lat="43.313860" lon="5.674400">
						<ele>678</ele>
						<time>2025-01-21T13:57:00Z</time>
					</trkpt>
					<trkpt lat="43.313570" lon="5.673580">
						<ele>681</ele>
						<time>2025-01-21T13:57:12Z</time>
					</trkpt>
					<trkpt lat="43.313410" lon="5.673260">
						<ele>680</ele>
						<time>2025-01-21T13:57:17Z</time>
					</trkpt>
					<trkpt lat="43.313060" lon="5.672690">
						<ele>677</ele>
						<time>2025-01-21T13:57:26Z</time>
					</trkpt>
					<trkpt lat="43.312700" lon="5.672020">
						<ele>668</ele>
						<time>2025-01-21T13:57:37Z</time>
					</trkpt>
					<trkpt lat="43.312650" lon="5.671880">
						<ele>666</ele>
						<time>2025-01-21T13:57:39Z</time>
					</trkpt>
					<trkpt lat="43.312660" lon="5.671700">
						<ele>666</ele>
						<time>2025-01-21T13:57:41Z</time>
					</trkpt>
					<trkpt lat="43.312940" lon="5.670830">
						<ele>661</ele>
						<time>2025-01-21T13:57:54Z</time>
					</trkpt>
					<trkpt lat="43.313100" lon="5.670530">
						<ele>659</ele>
						<time>2025-01-21T13:57:59Z</time>
					</trkpt>
					<trkpt lat="43.313370" lon="5.670120">
						<ele>655</ele>
						<time>2025-01-21T13:58:06Z</time>
					</trkpt>
					<trkpt lat="43.313430" lon="5.670070">
						<ele>655</ele>
						<time>2025-01-21T13:58:07Z</time>
					</trkpt>
					<trkpt lat="43.313500" lon="5.670050">
						<ele>655</ele>
						<time>2025-01-21T13:58:08Z</time>
					</trkpt>
					<trkpt lat="43.313770" lon="5.670070">
						<ele>658</ele>
						<time>2025-01-21T13:58:13Z</time>
					</trkpt>
					<trkpt lat="43.314260" lon="5.669930">
						<ele>662</ele>
						<time>2025-01-21T13:58:22Z</time>
					</trkpt>
					<trkpt lat="43.314420" lon="5.669820">
						<ele>665</ele>
						<time>2025-01-21T13:58:25Z</time>
					</trkpt>
					<trkpt lat="43.314450" lon="5.669760">
						<ele>665</ele>
						<time>2025-01-21T13:58:26Z</time>
					</trkpt>
					<trkpt lat="43.314490" lon="5.669650">
						<ele>665</ele>
						<time>2025-01-21T13:58:28Z</time>
					</trkpt>
					<trkpt lat="43.314480" lon="5.669530">
						<ele>663</ele>
						<time>2025-01-21T13:58:29Z</time>
					</trkpt>
					<trkpt lat="43.314390" lon="5.669090">
						<ele>654</ele>
						<time>2025-01-21T13:58:35Z</time>
					</trkpt>
					<trkpt lat="43.314270" lon="5.668690">
						<ele>645</ele>
						<time>2025-01-21T13:58:41Z</time>
					</trkpt>
					<trkpt lat="43.314260" lon="5.668540">
						<ele>644</ele>
						<time>2025-01-21T13:58:43Z</time>
					</trkpt>
					<trkpt lat="43.314290" lon="5.668400">
						<ele>644</ele>
						<time>2025-01-21T13:58:45Z</time>
					</trkpt>
					<trkpt lat="43.314480" lon="5.668060">
						<ele>652</ele>
						<time>2025-01-21T13:58:50Z</time>
					</trkpt>
					<trkpt lat="43.314480" lon="5.667780">
						<ele>653</ele>
						<time>2025-01-21T13:58:54Z</time>
					</trkpt>
					<trkpt lat="43.314340" lon="5.667520">
						<ele>646</ele>
						<time>2025-01-21T13:58:58Z</time>
					</trkpt>
					<trkpt lat="43.314020" lon="5.667210">
						<ele>640</ele>
						<time>2025-01-21T13:59:05Z</time>
					</trkpt>
					<trkpt lat="43.313720" lon="5.667030">
						<ele>634</ele>
						<time>2025-01-21T13:59:11Z</time>
					</trkpt>
					<trkpt lat="43.313280" lon="5.666830">
						<ele>623</ele>
						<time>2025-01-21T13:59:19Z</time>
					</trkpt>
					<trkpt lat="43.313240" lon="5.666770">
						<ele>623</ele>
						<time>2025-01-21T13:59:20Z</time>
					</trkpt>
					<trkpt lat="43.313190" lon="5.666490">
						<ele>625</ele>
						<time>2025-01-21T13:59:24Z</time>
					</trkpt>
					<trkpt lat="43.313200" lon="5.666110">
						<ele>628</ele>
						<time>2025-01-21T13:59:29Z</time>
					</trkpt>
					<trkpt lat="43.313140" lon="5.665950">
						<ele>628</ele>
						<time>2025-01-21T13:59:31Z</time>
					</trkpt>
					<trkpt lat="43.312860" lon="5.665760">
						<ele>620</ele>
						<time>2025-01-21T13:59:37Z</time>
					</trkpt>
					<trkpt lat="43.312820" lon="5.665710">
						<ele>619</ele>
						<time>2025-01-21T13:59:38Z</time>
					</trkpt>
					<trkpt lat="43.312800" lon="5.665610">
						<ele>619</ele>
						<time>2025-01-21T13:59:39Z</time>
					</trkpt>
					<trkpt lat="43.312940" lon="5.665130">
						<ele>623</ele>
						<time>2025-01-21T13:59:46Z</time>
					</trkpt>
					<trkpt lat="43.312950" lon="5.665030">
						<ele>623</ele>
						<time>2025-01-21T13:59:47Z</time>
					</trkpt>
					<trkpt lat="43.312850" lon="5.664640">
						<ele>619</ele>
						<time>2025-01-21T13:59:52Z</time>
					</trkpt>
					<trkpt lat="43.312800" lon="5.664560">
						<ele>618</ele>
						<time>2025-01-21T13:59:54Z</time>
					</trkpt>
					<trkpt lat="43.312760" lon="5.664530">
						<ele>616</ele>
						<time>2025-01-21T13:59:54Z</time>
					</trkpt>
					<trkpt lat="43.312670" lon="5.664540">
						<ele>614</ele>
						<time>2025-01-21T13:59:56Z</time>
					</trkpt>
					<trkpt lat="43.312610" lon="5.664630">
						<ele>612</ele>
						<time>2025-01-21T13:59:58Z</time>
					</trkpt>
					<trkpt lat="43.312620" lon="5.664750">
						<ele>613</ele>
						<time>2025-01-21T13:59:59Z</time>
					</trkpt>
					<trkpt lat="43.312750" lon="5.664930">
						<ele>617</ele>
						<time>2025-01-21T14:00:03Z</time>
					</trkpt>
					<trkpt lat="43.312810" lon="5.665070">
						<ele>619</ele>
						<time>2025-01-21T14:00:05Z</time>
					</trkpt>
					<trkpt lat="43.312800" lon="5.665240">
						<ele>619</ele>
						<time>2025-01-21T14:00:07Z</time>
					</trkpt>
					<trkpt lat="43.312650" lon="5.665580">
						<ele>614</ele>
						<time>2025-01-21T14:00:12Z</time>
					</trkpt>
					<trkpt lat="43.312610" lon="5.665700">
						<ele>613</ele>
						<time>2025-01-21T14:00:14Z</time>
					</trkpt>
					<trkpt lat="43.312610" lon="5.665780">
						<ele>613</ele>
						<time>2025-01-21T14:00:15Z</time>
					</trkpt>
					<trkpt lat="43.312670" lon="5.665930">
						<ele>614</ele>
						<time>2025-01-21T14:00:17Z</time>
					</trkpt>
					<trkpt lat="43.312870" lon="5.666110">
						<ele>618</ele>
						<time>2025-01-21T14:00:21Z</time>
					</trkpt>
					<trkpt lat="43.312890" lon="5.666190">
						<ele>617</ele>
						<time>2025-01-21T14:00:22Z</time>
					</trkpt>
					<trkpt lat="43.312900" lon="5.666290">
						<ele>617</ele>
						<time>2025-01-21T14:00:24Z</time>
					</trkpt>
					<trkpt lat="43.312800" lon="5.666790">
						<ele>607</ele>
						<time>2025-01-21T14:00:30Z</time>
					</trkpt>
					<trkpt lat="43.312810" lon="5.666940">
						<ele>605</ele>
						<time>2025-01-21T14:00:32Z</time>
					</trkpt>
					<trkpt lat="43.312840" lon="5.667040">
						<ele>604</ele>
						<time>2025-01-21T14:00:34Z</time>
					</trkpt>
					<trkpt lat="43.312910" lon="5.667140">
						<ele>604</ele>
						<time>2025-01-21T14:00:35Z</time>
					</trkpt>
					<trkpt lat="43.313320" lon="5.667600">
						<ele>609</ele>
						<time>2025-01-21T14:00:45Z</time>
					</trkpt>
					<trkpt lat="43.313390" lon="5.667770">
						<ele>611</ele>
						<time>2025-01-21T14:00:47Z</time>
					</trkpt>
					<trkpt lat="43.313350" lon="5.667960">
						<ele>610</ele>
						<time>2025-01-21T14:00:50Z</time>
					</trkpt>
					<trkpt lat="43.313200" lon="5.668210">
						<ele>607</ele>
						<time>2025-01-21T14:00:54Z</time>
					</trkpt>
					<trkpt lat="43.313100" lon="5.668280">
						<ele>605</ele>
						<time>2025-01-21T14:00:56Z</time>
					</trkpt>
					<trkpt lat="43.313040" lon="5.668280">
						<ele>604</ele>
						<time>2025-01-21T14:00:57Z</time>
					</trkpt>
					<trkpt lat="43.312990" lon="5.668240">
						<ele>603</ele>
						<time>2025-01-21T14:00:58Z</time>
					</trkpt>
					<trkpt lat="43.312980" lon="5.668190">
						<ele>603</ele>
						<time>2025-01-21T14:00:59Z</time>
					</trkpt>
					<trkpt lat="43.312990" lon="5.668090">
						<ele>602</ele>
						<time>2025-01-21T14:01:00Z</time>
					</trkpt>
					<trkpt lat="43.313110" lon="5.667900">
						<ele>604</ele>
						<time>2025-01-21T14:01:03Z</time>
					</trkpt>
					<trkpt lat="43.313130" lon="5.667830">
						<ele>604</ele>
						<time>2025-01-21T14:01:04Z</time>
					</trkpt>
					<trkpt lat="43.313110" lon="5.667650">
						<ele>603</ele>
						<time>2025-01-21T14:01:07Z</time>
					</trkpt>
					<trkpt lat="43.313010" lon="5.667490">
						<ele>600</ele>
						<time>2025-01-21T14:01:10Z</time>
					</trkpt>
					<trkpt lat="43.312510" lon="5.667110">
						<ele>592</ele>
						<time>2025-01-21T14:01:20Z</time>
					</trkpt>
					<trkpt lat="43.312410" lon="5.666940">
						<ele>591</ele>
						<time>2025-01-21T14:01:23Z</time>
					</trkpt>
					<trkpt lat="43.312380" lon="5.666720">
						<ele>593</ele>
						<time>2025-01-21T14:01:25Z</time>
					</trkpt>
					<trkpt lat="43.312320" lon="5.666620">
						<ele>593</ele>
						<time>2025-01-21T14:01:27Z</time>
					</trkpt>
					<trkpt lat="43.312220" lon="5.666570">
						<ele>590</ele>
						<time>2025-01-21T14:01:29Z</time>
					</trkpt>
					<trkpt lat="43.311870" lon="5.666510">
						<ele>580</ele>
						<time>2025-01-21T14:01:35Z</time>
					</trkpt>
					<trkpt lat="43.311770" lon="5.666410">
						<ele>579</ele>
						<time>2025-01-21T14:01:37Z</time>
					</trkpt>
					<trkpt lat="43.311710" lon="5.666250">
						<ele>580</ele>
						<time>2025-01-21T14:01:40Z</time>
					</trkpt>
					<trkpt lat="43.311770" lon="5.665640">
						<ele>590</ele>
						<time>2025-01-21T14:01:48Z</time>
					</trkpt>
					<trkpt lat="43.311720" lon="5.665480">
						<ele>589</ele>
						<time>2025-01-21T14:01:50Z</time>
					</trkpt>
					<trkpt lat="43.311650" lon="5.665400">
						<ele>587</ele>
						<time>2025-01-21T14:01:52Z</time>
					</trkpt>
					<trkpt lat="43.311490" lon="5.665290">
						<ele>584</ele>
						<time>2025-01-21T14:01:55Z</time>
					</trkpt>
					<trkpt lat="43.309520" lon="5.664360">
						<ele>572</ele>
						<time>2025-01-21T14:02:32Z</time>
					</trkpt>
					<trkpt lat="43.309330" lon="5.664320">
						<ele>570</ele>
						<time>2025-01-21T14:02:35Z</time>
					</trkpt>
					<trkpt lat="43.309130" lon="5.664310">
						<ele>567</ele>
						<time>2025-01-21T14:02:39Z</time>
					</trkpt>
					<trkpt lat="43.309000" lon="5.664330">
						<ele>566</ele>
						<time>2025-01-21T14:02:41Z</time>
					</trkpt>
					<trkpt lat="43.308480" lon="5.664630">
						<ele>556</ele>
						<time>2025-01-21T14:02:51Z</time>
					</trkpt>
					<trkpt lat="43.308370" lon="5.664640">
						<ele>555</ele>
						<time>2025-01-21T14:02:53Z</time>
					</trkpt>
					<trkpt lat="43.308270" lon="5.664620">
						<ele>554</ele>
						<time>2025-01-21T14:02:55Z</time>
					</trkpt>
					<trkpt lat="43.308060" lon="5.664450">
						<ele>554</ele>
						<time>2025-01-21T14:02:59Z</time>
					</trkpt>
					<trkpt lat="43.307870" lon="5.664170">
						<ele>558</ele>
						<time>2025-01-21T14:03:04Z</time>
					</trkpt>
					<trkpt lat="43.307760" lon="5.664080">
						<ele>561</ele>
						<time>2025-01-21T14:03:07Z</time>
					</trkpt>
					<trkpt lat="43.307710" lon="5.664070">
						<ele>560</ele>
						<time>2025-01-21T14:03:07Z</time>
					</trkpt>
					<trkpt lat="43.307600" lon="5.664140">
						<ele>554</ele>
						<time>2025-01-21T14:03:10Z</time>
					</trkpt>
					<trkpt lat="43.307570" lon="5.664190">
						<ele>552</ele>
						<time>2025-01-21T14:03:10Z</time>
					</trkpt>
					<trkpt lat="43.307560" lon="5.664300">
						<ele>548</ele>
						<time>2025-01-21T14:03:12Z</time>
					</trkpt>
					<trkpt lat="43.307590" lon="5.664400">
						<ele>546</ele>
						<time>2025-01-21T14:03:13Z</time>
					</trkpt>
					<trkpt lat="43.307700" lon="5.664550">
						<ele>544</ele>
						<time>2025-01-21T14:03:16Z</time>
					</trkpt>
					<trkpt lat="43.308400" lon="5.665250">
						<ele>539</ele>
						<time>2025-01-21T14:03:31Z</time>
					</trkpt>
					<trkpt lat="43.308560" lon="5.665440">
						<ele>536</ele>
						<time>2025-01-21T14:03:35Z</time>
					</trkpt>
					<trkpt lat="43.308670" lon="5.665660">
						<ele>531</ele>
						<time>2025-01-21T14:03:39Z</time>
					</trkpt>
					<trkpt lat="43.308700" lon="5.665790">
						<ele>527</ele>
						<time>2025-01-21T14:03:40Z</time>
					</trkpt>
					<trkpt lat="43.308700" lon="5.666000">
						<ele>522</ele>
						<time>2025-01-21T14:03:43Z</time>
					</trkpt>
					<trkpt lat="43.308630" lon="5.666130">
						<ele>518</ele>
						<time>2025-01-21T14:03:45Z</time>
					</trkpt>
					<trkpt lat="43.308520" lon="5.666180">
						<ele>517</ele>
						<time>2025-01-21T14:03:47Z</time>
					</trkpt>
					<trkpt lat="43.308430" lon="5.666130">
						<ele>518</ele>
						<time>2025-01-21T14:03:49Z</time>
					</trkpt>
					<trkpt lat="43.308380" lon="5.666070">
						<ele>519</ele>
						<time>2025-01-21T14:03:50Z</time>
					</trkpt>
					<trkpt lat="43.308220" lon="5.665560">
						<ele>529</ele>
						<time>2025-01-21T14:03:57Z</time>
					</trkpt>
					<trkpt lat="43.308110" lon="5.665430">
						<ele>530</ele>
						<time>2025-01-21T14:04:00Z</time>
					</trkpt>
					<trkpt lat="43.307220" lon="5.664850">
						<ele>529</ele>
						<time>2025-01-21T14:04:18Z</time>
					</trkpt>
					<trkpt lat="43.307060" lon="5.664780">
						<ele>530</ele>
						<time>2025-01-21T14:04:21Z</time>
					</trkpt>
					<trkpt lat="43.306960" lon="5.664810">
						<ele>528</ele>
						<time>2025-01-21T14:04:22Z</time>
					</trkpt>
					<trkpt lat="43.306920" lon="5.664890">
						<ele>525</ele>
						<time>2025-01-21T14:04:24Z</time>
					</trkpt>
					<trkpt lat="43.306960" lon="5.665050">
						<ele>520</ele>
						<time>2025-01-21T14:04:26Z</time>
					</trkpt>
					<trkpt lat="43.307020" lon="5.665100">
						<ele>519</ele>
						<time>2025-01-21T14:04:27Z</time>
					</trkpt>
					<trkpt lat="43.307460" lon="5.665220">
						<ele>521</ele>
						<time>2025-01-21T14:04:35Z</time>
					</trkpt>
					<trkpt lat="43.307750" lon="5.665460">
						<ele>522</ele>
						<time>2025-01-21T14:04:41Z</time>
					</trkpt>
					<trkpt lat="43.307890" lon="5.665620">
						<ele>521</ele>
						<time>2025-01-21T14:04:44Z</time>
					</trkpt>
					<trkpt lat="43.307960" lon="5.665760">
						<ele>519</ele>
						<time>2025-01-21T14:04:46Z</time>
					</trkpt>
					<trkpt lat="43.307960" lon="5.665930">
						<ele>515</ele>
						<time>2025-01-21T14:04:49Z</time>
					</trkpt>
					<trkpt lat="43.307900" lon="5.666020">
						<ele>512</ele>
						<time>2025-01-21T14:04:50Z</time>
					</trkpt>
					<trkpt lat="43.307840" lon="5.666050">
						<ele>510</ele>
						<time>2025-01-21T14:04:51Z</time>
					</trkpt>
					<trkpt lat="43.307770" lon="5.666040">
						<ele>509</ele>
						<time>2025-01-21T14:04:53Z</time>
					</trkpt>
					<trkpt lat="43.307700" lon="5.665960">
						<ele>509</ele>
						<time>2025-01-21T14:04:54Z</time>
					</trkpt>
					<trkpt lat="43.307540" lon="5.665630">
						<ele>513</ele>
						<time>2025-01-21T14:04:59Z</time>
					</trkpt>
					<trkpt lat="43.307470" lon="5.665550">
						<ele>514</ele>
						<time>2025-01-21T14:05:01Z</time>
					</trkpt>
					<trkpt lat="43.307280" lon="5.665450">
						<ele>514</ele>
						<time>2025-01-21T14:05:05Z</time>
					</trkpt>
					<trkpt lat="43.306870" lon="5.665390">
						<ele>509</ele>
						<time>2025-01-21T14:05:12Z</time>
					</trkpt>
					<trkpt lat="43.306650" lon="5.665420">
						<ele>505</ele>
						<time>2025-01-21T14:05:16Z</time>
					</trkpt>
					<trkpt lat="43.306300" lon="5.665540">
						<ele>499</ele>
						<time>2025-01-21T14:05:22Z</time>
					</trkpt>
					<trkpt lat="43.306160" lon="5.665550">
						<ele>498</ele>
						<time>2025-01-21T14:05:25Z</time>
					</trkpt>
					<trkpt lat="43.305460" lon="5.665430">
						<ele>492</ele>
						<time>2025-01-21T14:05:37Z</time>
					</trkpt>
					<trkpt lat="43.305380" lon="5.665490">
						<ele>489</ele>
						<time>2025-01-21T14:05:39Z</time>
					</trkpt>
					<trkpt lat="43.305340" lon="5.665580">
						<ele>485</ele>
						<time>2025-01-21T14:05:40Z</time>
					</trkpt>
					<trkpt lat="43.305340" lon="5.665650">
						<ele>483</ele>
						<time>2025-01-21T14:05:41Z</time>
					</trkpt>
					<trkpt lat="43.305420" lon="5.665740">
						<ele>482</ele>
						<time>2025-01-21T14:05:43Z</time>
					</trkpt>
					<trkpt lat="43.305460" lon="5.665760">
						<ele>482</ele>
						<time>2025-01-21T14:05:44Z</time>
					</trkpt>
					<trkpt lat="43.305780" lon="5.665690">
						<ele>490</ele>
						<time>2025-01-21T14:05:50Z</time>
					</trkpt>
					<trkpt lat="43.305920" lon="5.665700">
						<ele>492</ele>
						<time>2025-01-21T14:05:52Z</time>
					</trkpt>
					<trkpt lat="43.306230" lon="5.665860">
						<ele>489</ele>
						<time>2025-01-21T14:05:58Z</time>
					</trkpt>
					<trkpt lat="43.306320" lon="5.665950">
						<ele>487</ele>
						<time>2025-01-21T14:06:00Z</time>
					</trkpt>
					<trkpt lat="43.306380" lon="5.666040">
						<ele>485</ele>
						<time>2025-01-21T14:06:02Z</time>
					</trkpt>
					<trkpt lat="43.306390" lon="5.666120">
						<ele>483</ele>
						<time>2025-01-21T14:06:03Z</time>
					</trkpt>
					<trkpt lat="43.306380" lon="5.666220">
						<ele>481</ele>
						<time>2025-01-21T14:06:04Z</time>
					</trkpt>
					<trkpt lat="43.306320" lon="5.666320">
						<ele>478</ele>
						<time>2025-01-21T14:06:06Z</time>
					</trkpt>
					<trkpt lat="43.306260" lon="5.666350">
						<ele>477</ele>
						<time>2025-01-21T14:06:07Z</time>
					</trkpt>
					<trkpt lat="43.306130" lon="5.666320">
						<ele>477</ele>
						<time>2025-01-21T14:06:09Z</time>
					</trkpt>
					<trkpt lat="43.305840" lon="5.666150">
						<ele>480</ele>
						<time>2025-01-21T14:06:15Z</time>
					</trkpt>
					<trkpt lat="43.305710" lon="5.666140">
						<ele>478</ele>
						<time>2025-01-21T14:06:17Z</time>
					</trkpt>
					<trkpt lat="43.304540" lon="5.666490">
						<ele>463</ele>
						<time>2025-01-21T14:06:38Z</time>
					</trkpt>
					<trkpt lat="43.304320" lon="5.666620">
						<ele>461</ele>
						<time>2025-01-21T14:06:43Z</time>
					</trkpt>
					<trkpt lat="43.304120" lon="5.666840">
						<ele>456</ele>
						<time>2025-01-21T14:06:47Z</time>
					</trkpt>
					<trkpt lat="43.304040" lon="5.667000">
						<ele>452</ele>
						<time>2025-01-21T14:06:50Z</time>
					</trkpt>
					<trkpt lat="43.304030" lon="5.667070">
						<ele>451</ele>
						<time>2025-01-21T14:06:51Z</time>
					</trkpt>
					<trkpt lat="43.304030" lon="5.667180">
						<ele>450</ele>
						<time>2025-01-21T14:06:52Z</time>
					</trkpt>
					<trkpt lat="43.304060" lon="5.667260">
						<ele>450</ele>
						<time>2025-01-21T14:06:53Z</time>
					</trkpt>
					<trkpt lat="43.304170" lon="5.667350">
						<ele>452</ele>
						<time>2025-01-21T14:06:55Z</time>
					</trkpt>
					<trkpt lat="43.304410" lon="5.667370">
						<ele>452</ele>
						<time>2025-01-21T14:07:00Z</time>
					</trkpt>
					<trkpt lat="43.305300" lon="5.667120">
						<ele>456</ele>
						<time>2025-01-21T14:07:16Z</time>
					</trkpt>
					<trkpt lat="43.305470" lon="5.667090">
						<ele>456</ele>
						<time>2025-01-21T14:07:19Z</time>
					</trkpt>
					<trkpt lat="43.305660" lon="5.667090">
						<ele>456</ele>
						<time>2025-01-21T14:07:22Z</time>
					</trkpt>
					<trkpt lat="43.305780" lon="5.667120">
						<ele>455</ele>
						<time>2025-01-21T14:07:24Z</time>
					</trkpt>
					<trkpt lat="43.305990" lon="5.667190">
						<ele>454</ele>
						<time>2025-01-21T14:07:28Z</time>
					</trkpt>
					<trkpt lat="43.306280" lon="5.667340">
						<ele>452</ele>
						<time>2025-01-21T14:07:34Z</time>
					</trkpt>
					<trkpt lat="43.306750" lon="5.667650">
						<ele>453</ele>
						<time>2025-01-21T14:07:43Z</time>
					</trkpt>
					<trkpt lat="43.306890" lon="5.667800">
						<ele>455</ele>
						<time>2025-01-21T14:07:46Z</time>
					</trkpt>
					<trkpt lat="43.306890" lon="5.668000">
						<ele>454</ele>
						<time>2025-01-21T14:07:49Z</time>
					</trkpt>
					<trkpt lat="43.306840" lon="5.668060">
						<ele>454</ele>
						<time>2025-01-21T14:07:50Z</time>
					</trkpt>
					<trkpt lat="43.306730" lon="5.668090">
						<ele>452</ele>
						<time>2025-01-21T14:07:52Z</time>
					</trkpt>
					<trkpt lat="43.306060" lon="5.667990">
						<ele>445</ele>
						<time>2025-01-21T14:08:04Z</time>
					</trkpt>
					<trkpt lat="43.305840" lon="5.668010">
						<ele>443</ele>
						<time>2025-01-21T14:08:08Z</time>
					</trkpt>
					<trkpt lat="43.305450" lon="5.668200">
						<ele>437</ele>
						<time>2025-01-21T14:08:15Z</time>
					</trkpt>
					<trkpt lat="43.305120" lon="5.668320">
						<ele>429</ele>
						<time>2025-01-21T14:08:21Z</time>
					</trkpt>
					<trkpt lat="43.304900" lon="5.668340">
						<ele>427</ele>
						<time>2025-01-21T14:08:25Z</time>
					</trkpt>
					<trkpt lat="43.304540" lon="5.668320">
						<ele>425</ele>
						<time>2025-01-21T14:08:32Z</time>
					</trkpt>
					<trkpt lat="43.304410" lon="5.668360">
						<ele>424</ele>
						<time>2025-01-21T14:08:34Z</time>
					</trkpt>
					<trkpt lat="43.303680" lon="5.668750">
						<ele>411</ele>
						<time>2025-01-21T14:08:48Z</time>
					</trkpt>
					<trkpt lat="43.303530" lon="5.668760">
						<ele>408</ele>
						<time>2025-01-21T14:08:51Z</time>
					</trkpt>
					<trkpt lat="43.303400" lon="5.668630">
						<ele>408</ele>
						<time>2025-01-21T14:08:54Z</time>
					</trkpt>
					<trkpt lat="43.303160" lon="5.668130">
						<ele>409</ele>
						<time>2025-01-21T14:09:01Z</time>
					</trkpt>
					<trkpt lat="43.303020" lon="5.667960">
						<ele>406</ele>
						<time>2025-01-21T14:09:05Z</time>
					</trkpt>
					<trkpt lat="43.302810" lon="5.667760">
						<ele>401</ele>
						<time>2025-01-21T14:09:09Z</time>
					</trkpt>
					<trkpt lat="43.302750" lon="5.667670">
						<ele>400</ele>
						<time>2025-01-21T14:09:11Z</time>
					</trkpt>
					<trkpt lat="43.302690" lon="5.667510">
						<ele>401</ele>
						<time>2025-01-21T14:09:13Z</time>
					</trkpt>
					<trkpt lat="43.302660" lon="5.667240">
						<ele>403</ele>
						<time>2025-01-21T14:09:17Z</time>
					</trkpt>
					<trkpt lat="43.302600" lon="5.667140">
						<ele>402</ele>
						<time>2025-01-21T14:09:18Z</time>
					</trkpt>
					<trkpt lat="43.302500" lon="5.667070">
						<ele>400</ele>
						<time>2025-01-21T14:09:20Z</time>
					</trkpt>
					<trkpt lat="43.302120" lon="5.666950">
						<ele>388</ele>
						<time>2025-01-21T14:09:27Z</time>
					</trkpt>
					<trkpt lat="43.302050" lon="5.666860">
						<ele>387</ele>
						<time>2025-01-21T14:09:29Z</time>
					</trkpt>
					<trkpt lat="43.302010" lon="5.666640">
						<ele>389</ele>
						<time>2025-01-21T14:09:32Z</time>
					</trkpt>
					<trkpt lat="43.302020" lon="5.666500">
						<ele>388</ele>
						<time>2025-01-21T14:09:34Z</time>
					</trkpt>
					<trkpt lat="43.302160" lon="5.665600">
						<ele>391</ele>
						<time>2025-01-21T14:09:46Z</time>
					</trkpt>
					<trkpt lat="43.302260" lon="5.665150">
						<ele>394</ele>
						<time>2025-01-21T14:09:52Z</time>
					</trkpt>
					<trkpt lat="43.302260" lon="5.664980">
						<ele>393</ele>
						<time>2025-01-21T14:09:54Z</time>
					</trkpt>
					<trkpt lat="43.302110" lon="5.664680">
						<ele>386</ele>
						<time>2025-01-21T14:09:59Z</time>
					</trkpt>
					<trkpt lat="43.302040" lon="5.664480">
						<ele>382</ele>
						<time>2025-01-21T14:10:02Z</time>
					</trkpt>
					<trkpt lat="43.301980" lon="5.664140">
						<ele>380</ele>
						<time>2025-01-21T14:10:06Z</time>
					</trkpt>
					<trkpt lat="43.302000" lon="5.663770">
						<ele>385</ele>
						<time>2025-01-21T14:10:11Z</time>
					</trkpt>
					<trkpt lat="43.301960" lon="5.663610">
						<ele>385</ele>
						<time>2025-01-21T14:10:13Z</time>
					</trkpt>
					<trkpt lat="43.301890" lon="5.663480">
						<ele>384</ele>
						<time>2025-01-21T14:10:15Z</time>
					</trkpt>
					<trkpt lat="43.301580" lon="5.663100">
						<ele>380</ele>
						<time>2025-01-21T14:10:23Z</time>
					</trkpt>
					<trkpt lat="43.301420" lon="5.663070">
						<ele>377</ele>
						<time>2025-01-21T14:10:25Z</time>
					</trkpt>
					<trkpt lat="43.301160" lon="5.663140">
						<ele>368</ele>
						<time>2025-01-21T14:10:30Z</time>
					</trkpt>
					<trkpt lat="43.300980" lon="5.663100">
						<ele>365</ele>
						<time>2025-01-21T14:10:33Z</time>
					</trkpt>
					<trkpt lat="43.300540" lon="5.662710">
						<ele>372</ele>
						<time>2025-01-21T14:10:43Z</time>
					</trkpt>
					<trkpt lat="43.300160" lon="5.662570">
						<ele>371</ele>
						<time>2025-01-21T14:10:50Z</time>
					</trkpt>
					<trkpt lat="43.299890" lon="5.662420">
						<ele>369</ele>
						<time>2025-01-21T14:10:55Z</time>
					</trkpt>
					<trkpt lat="43.299610" lon="5.662140">
						<ele>367</ele>
						<time>2025-01-21T14:11:01Z</time>
					</trkpt>
					<trkpt lat="43.299310" lon="5.661760">
						<ele>369</ele>
						<time>2025-01-21T14:11:08Z</time>
					</trkpt>
					<trkpt lat="43.298870" lon="5.661360">
						<ele>363</ele>
						<time>2025-01-21T14:11:18Z</time>
					</trkpt>
					<trkpt lat="43.298740" lon="5.661180">
						<ele>362</ele>
						<time>2025-01-21T14:11:21Z</time>
					</trkpt>
					<trkpt lat="43.298740" lon="5.661070">
						<ele>363</ele>
						<time>2025-01-21T14:11:22Z</time>
					</trkpt>
					<trkpt lat="43.298770" lon="5.660990">
						<ele>364</ele>
						<time>2025-01-21T14:11:24Z</time>
					</trkpt>
					<trkpt lat="43.298840" lon="5.660930">
						<ele>364</ele>
						<time>2025-01-21T14:11:25Z</time>
					</trkpt>
					<trkpt lat="43.298990" lon="5.660840">
						<ele>365</ele>
						<time>2025-01-21T14:11:28Z</time>
					</trkpt>
					<trkpt lat="43.299460" lon="5.660790">
						<ele>367</ele>
						<time>2025-01-21T14:11:36Z</time>
					</trkpt>
					<trkpt lat="43.299520" lon="5.660740">
						<ele>367</ele>
						<time>2025-01-21T14:11:38Z</time>
					</trkpt>
					<trkpt lat="43.299550" lon="5.660670">
						<ele>366</ele>
						<time>2025-01-21T14:11:39Z</time>
					</trkpt>
					<trkpt lat="43.299540" lon="5.660570">
						<ele>365</ele>
						<time>2025-01-21T14:11:40Z</time>
					</trkpt>
					<trkpt lat="43.299500" lon="5.660530">
						<ele>364</ele>
						<time>2025-01-21T14:11:41Z</time>
					</trkpt>
					<trkpt lat="43.299430" lon="5.660510">
						<ele>363</ele>
						<time>2025-01-21T14:11:42Z</time>
					</trkpt>
					<trkpt lat="43.298970" lon="5.660560">
						<ele>360</ele>
						<time>2025-01-21T14:11:50Z</time>
					</trkpt>
					<trkpt lat="43.298790" lon="5.660550">
						<ele>359</ele>
						<time>2025-01-21T14:11:53Z</time>
					</trkpt>
					<trkpt lat="43.298650" lon="5.660500">
						<ele>358</ele>
						<time>2025-01-21T14:11:56Z</time>
					</trkpt>
					<trkpt lat="43.298290" lon="5.660300">
						<ele>353</ele>
						<time>2025-01-21T14:12:03Z</time>
					</trkpt>
					<trkpt lat="43.297920" lon="5.660280">
						<ele>351</ele>
						<time>2025-01-21T14:12:10Z</time>
					</trkpt>
					<trkpt lat="43.297750" lon="5.660220">
						<ele>350</ele>
						<time>2025-01-21T14:12:13Z</time>
					</trkpt>
					<trkpt lat="43.296960" lon="5.659820">
						<ele>340</ele>
						<time>2025-01-21T14:12:28Z</time>
					</trkpt>
					<trkpt lat="43.296790" lon="5.659760">
						<ele>338</ele>
						<time>2025-01-21T14:12:31Z</time>
					</trkpt>
					<trkpt lat="43.296320" lon="5.659820">
						<ele>337</ele>
						<time>2025-01-21T14:12:39Z</time>
					</trkpt>
					<trkpt lat="43.296110" lon="5.659780">
						<ele>334</ele>
						<time>2025-01-21T14:12:43Z</time>
					</trkpt>
					<trkpt lat="43.295650" lon="5.659500">
						<ele>324</ele>
						<time>2025-01-21T14:12:52Z</time>
					</trkpt>
					<trkpt lat="43.295300" lon="5.659410">
						<ele>323</ele>
						<time>2025-01-21T14:12:58Z</time>
					</trkpt>
					<trkpt lat="43.294860" lon="5.659190">
						<ele>321</ele>
						<time>2025-01-21T14:13:07Z</time>
					</trkpt>
					<trkpt lat="43.294670" lon="5.659060">
						<ele>321</ele>
						<time>2025-01-21T14:13:10Z</time>
					</trkpt>
					<trkpt lat="43.294460" lon="5.658830">
						<ele>319</ele>
						<time>2025-01-21T14:13:15Z</time>
					</trkpt>
					<trkpt lat="43.294360" lon="5.658650">
						<ele>315</ele>
						<time>2025-01-21T14:13:18Z</time>
					</trkpt>
					<trkpt lat="43.294210" lon="5.658230">
						<ele>307</ele>
						<time>2025-01-21T14:13:24Z</time>
					</trkpt>
					<trkpt lat="43.294120" lon="5.658120">
						<ele>306</ele>
						<time>2025-01-21T14:13:26Z</time>
					</trkpt>
					<trkpt lat="43.293900" lon="5.657960">
						<ele>305</ele>
						<time>2025-01-21T14:13:31Z</time>
					</trkpt>
					<trkpt lat="43.293630" lon="5.657820">
						<ele>307</ele>
						<time>2025-01-21T14:13:36Z</time>
					</trkpt>
					<trkpt lat="43.293290" lon="5.657390">
						<ele>299</ele>
						<time>2025-01-21T14:13:44Z</time>
					</trkpt>
					<trkpt lat="43.292850" lon="5.657040">
						<ele>288</ele>
						<time>2025-01-21T14:13:53Z</time>
					</trkpt>
					<trkpt lat="43.292720" lon="5.656990">
						<ele>288</ele>
						<time>2025-01-21T14:13:56Z</time>
					</trkpt>
					<trkpt lat="43.292500" lon="5.656970">
						<ele>288</ele>
						<time>2025-01-21T14:13:59Z</time>
					</trkpt>
					<trkpt lat="43.292420" lon="5.656890">
						<ele>284</ele>
						<time>2025-01-21T14:14:01Z</time>
					</trkpt>
					<trkpt lat="43.292420" lon="5.656750">
						<ele>282</ele>
						<time>2025-01-21T14:14:03Z</time>
					</trkpt>
					<trkpt lat="43.292480" lon="5.656650">
						<ele>282</ele>
						<time>2025-01-21T14:14:05Z</time>
					</trkpt>
					<trkpt lat="43.292560" lon="5.656620">
						<ele>281</ele>
						<time>2025-01-21T14:14:06Z</time>
					</trkpt>
					<trkpt lat="43.292700" lon="5.656670">
						<ele>281</ele>
						<time>2025-01-21T14:14:09Z</time>
					</trkpt>
					<trkpt lat="43.293030" lon="5.656930">
						<ele>284</ele>
						<time>2025-01-21T14:14:15Z</time>
					</trkpt>
					<trkpt lat="43.293380" lon="5.657070">
						<ele>287</ele>
						<time>2025-01-21T14:14:22Z</time>
					</trkpt>
					<trkpt lat="43.293640" lon="5.657260">
						<ele>289</ele>
						<time>2025-01-21T14:14:27Z</time>
					</trkpt>
					<trkpt lat="43.293730" lon="5.657300">
						<ele>289</ele>
						<time>2025-01-21T14:14:29Z</time>
					</trkpt>
					<trkpt lat="43.294020" lon="5.657340">
						<ele>285</ele>
						<time>2025-01-21T14:14:34Z</time>
					</trkpt>
					<trkpt lat="43.294260" lon="5.657440">
						<ele>284</ele>
						<time>2025-01-21T14:14:39Z</time>
					</trkpt>
					<trkpt lat="43.294550" lon="5.657610">
						<ele>285</ele>
						<time>2025-01-21T14:14:44Z</time>
					</trkpt>
					<trkpt lat="43.294760" lon="5.657800">
						<ele>286</ele>
						<time>2025-01-21T14:14:49Z</time>
					</trkpt>
					<trkpt lat="43.294980" lon="5.658080">
						<ele>286</ele>
						<time>2025-01-21T14:14:54Z</time>
					</trkpt>
					<trkpt lat="43.295150" lon="5.658250">
						<ele>290</ele>
						<time>2025-01-21T14:14:58Z</time>
					</trkpt>
					<trkpt lat="43.295210" lon="5.658280">
						<ele>291</ele>
						<time>2025-01-21T14:14:59Z</time>
					</trkpt>
					<trkpt lat="43.295290" lon="5.658270">
						<ele>291</ele>
						<time>2025-01-21T14:15:00Z</time>
					</trkpt>
					<trkpt lat="43.295360" lon="5.658200">
						<ele>291</ele>
						<time>2025-01-21T14:15:02Z</time>
					</trkpt>
					<trkpt lat="43.295380" lon="5.658110">
						<ele>291</ele>
						<time>2025-01-21T14:15:03Z</time>
					</trkpt>
					<trkpt lat="43.295090" lon="5.657560">
						<ele>281</ele>
						<time>2025-01-21T14:15:12Z</time>
					</trkpt>
					<trkpt lat="43.295040" lon="5.657390">
						<ele>280</ele>
						<time>2025-01-21T14:15:14Z</time>
					</trkpt>
					<trkpt lat="43.294980" lon="5.657010">
						<ele>280</ele>
						<time>2025-01-21T14:15:19Z</time>
					</trkpt>
					<trkpt lat="43.294850" lon="5.656750">
						<ele>278</ele>
						<time>2025-01-21T14:15:23Z</time>
					</trkpt>
					<trkpt lat="43.294680" lon="5.656590">
						<ele>277</ele>
						<time>2025-01-21T14:15:27Z</time>
					</trkpt>
					<trkpt lat="43.294520" lon="5.656500">
						<ele>277</ele>
						<time>2025-01-21T14:15:30Z</time>
					</trkpt>
					<trkpt lat="43.294230" lon="5.656390">
						<ele>274</ele>
						<time>2025-01-21T14:15:35Z</time>
					</trkpt>
					<trkpt lat="43.294060" lon="5.656290">
						<ele>273</ele>
						<time>2025-01-21T14:15:39Z</time>
					</trkpt>
					<trkpt lat="43.293920" lon="5.656190">
						<ele>272</ele>
						<time>2025-01-21T14:15:42Z</time>
					</trkpt>
					<trkpt lat="43.293630" lon="5.655920">
						<ele>268</ele>
						<time>2025-01-21T14:15:48Z</time>
					</trkpt>
					<trkpt lat="43.293560" lon="5.655810">
						<ele>266</ele>
						<time>2025-01-21T14:15:50Z</time>
					</trkpt>
					<trkpt lat="43.293460" lon="5.655390">
						<ele>267</ele>
						<time>2025-01-21T14:15:55Z</time>
					</trkpt>
					<trkpt lat="43.293360" lon="5.655150">
						<ele>265</ele>
						<time>2025-01-21T14:15:59Z</time>
					</trkpt>
					<trkpt lat="43.293150" lon="5.654880">
						<ele>262</ele>
						<time>2025-01-21T14:16:04Z</time>
					</trkpt>
					<trkpt lat="43.292800" lon="5.654520">
						<ele>254</ele>
						<time>2025-01-21T14:16:12Z</time>
					</trkpt>
					<trkpt lat="43.292620" lon="5.654280">
						<ele>248</ele>
						<time>2025-01-21T14:16:16Z</time>
					</trkpt>
					<trkpt lat="43.292440" lon="5.653850">
						<ele>245</ele>
						<time>2025-01-21T14:16:23Z</time>
					</trkpt>
					<trkpt lat="43.292180" lon="5.652960">
						<ele>247</ele>
						<time>2025-01-21T14:16:35Z</time>
					</trkpt>
					<trkpt lat="43.292050" lon="5.652320">
						<ele>247</ele>
						<time>2025-01-21T14:16:44Z</time>
					</trkpt>
					<trkpt lat="43.292070" lon="5.651900">
						<ele>248</ele>
						<time>2025-01-21T14:16:49Z</time>
					</trkpt>
					<trkpt lat="43.292160" lon="5.651380">
						<ele>254</ele>
						<time>2025-01-21T14:16:56Z</time>
					</trkpt>
					<trkpt lat="43.292180" lon="5.651080">
						<ele>256</ele>
						<time>2025-01-21T14:17:00Z</time>
					</trkpt>
					<trkpt lat="43.292140" lon="5.650880">
						<ele>255</ele>
						<time>2025-01-21T14:17:03Z</time>
					</trkpt>
					<trkpt lat="43.291960" lon="5.650450">
						<ele>245</ele>
						<time>2025-01-21T14:17:09Z</time>
					</trkpt>
					<trkpt lat="43.291910" lon="5.650260">
						<ele>242</ele>
						<time>2025-01-21T14:17:12Z</time>
					</trkpt>
					<trkpt lat="43.291850" lon="5.648920">
						<ele>226</ele>
						<time>2025-01-21T14:17:29Z</time>
					</trkpt>
					<trkpt lat="43.291400" lon="5.648690">
						<ele>218</ele>
						<time>2025-01-21T14:17:38Z</time>
					</trkpt>
					<trkpt lat="43.291090" lon="5.648570">
						<ele>221</ele>
						<time>2025-01-21T14:17:43Z</time>
					</trkpt>
					<trkpt lat="43.291020" lon="5.648490">
						<ele>222</ele>
						<time>2025-01-21T14:17:45Z</time>
					</trkpt>
					<trkpt lat="43.291010" lon="5.648280">
						<ele>223</ele>
						<time>2025-01-21T14:17:48Z</time>
					</trkpt>
					<trkpt lat="43.291070" lon="5.648100">
						<ele>223</ele>
						<time>2025-01-21T14:17:50Z</time>
					</trkpt>
					<trkpt lat="43.291190" lon="5.647970">
						<ele>221</ele>
						<time>2025-01-21T14:17:53Z</time>
					</trkpt>
					<trkpt lat="43.291440" lon="5.647770">
						<ele>214</ele>
						<time>2025-01-21T14:17:58Z</time>
					</trkpt>
					<trkpt lat="43.291530" lon="5.647590">
						<ele>211</ele>
						<time>2025-01-21T14:18:01Z</time>
					</trkpt>
					<trkpt lat="43.291580" lon="5.646580">
						<ele>205</ele>
						<time>2025-01-21T14:18:14Z</time>
					</trkpt>
					<trkpt lat="43.291560" lon="5.646500">
						<ele>205</ele>
						<time>2025-01-21T14:18:15Z</time>
					</trkpt>
					<trkpt lat="43.291500" lon="5.646420">
						<ele>207</ele>
						<time>2025-01-21T14:18:17Z</time>
					</trkpt>
					<trkpt lat="43.291290" lon="5.646220">
						<ele>213</ele>
						<time>2025-01-21T14:18:21Z</time>
					</trkpt>
					<trkpt lat="43.291160" lon="5.646020">
						<ele>214</ele>
						<time>2025-01-21T14:18:25Z</time>
					</trkpt>
					<trkpt lat="43.290610" lon="5.644790">
						<ele>213</ele>
						<time>2025-01-21T14:18:43Z</time>
					</trkpt>
					<trkpt lat="43.290610" lon="5.644690">
						<ele>214</ele>
						<time>2025-01-21T14:18:45Z</time>
					</trkpt>
					<trkpt lat="43.290680" lon="5.644560">
						<ele>214</ele>
						<time>2025-01-21T14:18:47Z</time>
					</trkpt>
					<trkpt lat="43.290810" lon="5.644440">
						<ele>212</ele>
						<time>2025-01-21T14:18:50Z</time>
					</trkpt>
					<trkpt lat="43.291020" lon="5.644180">
						<ele>209</ele>
						<time>2025-01-21T14:18:55Z</time>
					</trkpt>
					<trkpt lat="43.291680" lon="5.643250">
						<ele>197</ele>
						<time>2025-01-21T14:19:11Z</time>
					</trkpt>
					<trkpt lat="43.291740" lon="5.643050">
						<ele>198</ele>
						<time>2025-01-21T14:19:14Z</time>
					</trkpt>
					<trkpt lat="43.291850" lon="5.642190">
						<ele>200</ele>
						<time>2025-01-21T14:19:26Z</time>
					</trkpt>
					<trkpt lat="43.291910" lon="5.641950">
						<ele>199</ele>
						<time>2025-01-21T14:19:29Z</time>
					</trkpt>
					<trkpt lat="43.292070" lon="5.641510">
						<ele>197</ele>
						<time>2025-01-21T14:19:35Z</time>
					</trkpt>
					<trkpt lat="43.292230" lon="5.641190">
						<ele>195</ele>
						<time>2025-01-21T14:19:40Z</time>
					</trkpt>
					<trkpt lat="43.292280" lon="5.641150">
						<ele>194</ele>
						<time>2025-01-21T14:19:41Z</time>
					</trkpt>
					<trkpt lat="43.292460" lon="5.640820">
						<ele>190</ele>
						<time>2025-01-21T14:19:47Z</time>
					</trkpt>
					<trkpt lat="43.292590" lon="5.640540">
						<ele>189</ele>
						<time>2025-01-21T14:19:51Z</time>
					</trkpt>
					<trkpt lat="43.292690" lon="5.640200">
						<ele>187</ele>
						<time>2025-01-21T14:19:56Z</time>
					</trkpt>
					<trkpt lat="43.292770" lon="5.639710">
						<ele>187</ele>
						<time>2025-01-21T14:20:02Z</time>
					</trkpt>
					<trkpt lat="43.292770" lon="5.639580">
						<ele>187</ele>
						<time>2025-01-21T14:20:04Z</time>
					</trkpt>
					<trkpt lat="43.292840" lon="5.639220">
						<ele>188</ele>
						<time>2025-01-21T14:20:09Z</time>
					</trkpt>
					<trkpt lat="43.292920" lon="5.638950">
						<ele>189</ele>
						<time>2025-01-21T14:20:12Z</time>
					</trkpt>
					<trkpt lat="43.293020" lon="5.638730">
						<ele>189</ele>
						<time>2025-01-21T14:20:16Z</time>
					</trkpt>
					<trkpt lat="43.293150" lon="5.638520">
						<ele>188</ele>
						<time>2025-01-21T14:20:19Z</time>
					</trkpt>
					<trkpt lat="43.293460" lon="5.638230">
						<ele>184</ele>
						<time>2025-01-21T14:20:26Z</time>
					</trkpt>
					<trkpt lat="43.293590" lon="5.638030">
						<ele>183</ele>
						<time>2025-01-21T14:20:30Z</time>
					</trkpt>
					<trkpt lat="43.293640" lon="5.637870">
						<ele>183</ele>
						<time>2025-01-21T14:20:32Z</time>
					</trkpt>
					<trkpt lat="43.293700" lon="5.637450">
						<ele>183</ele>
						<time>2025-01-21T14:20:37Z</time>
					</trkpt>
					<trkpt lat="43.293780" lon="5.637140">
						<ele>184</ele>
						<time>2025-01-21T14:20:42Z</time>
					</trkpt>
					<trkpt lat="43.293840" lon="5.637020">
						<ele>184</ele>
						<time>2025-01-21T14:20:43Z</time>
					</trkpt>
					<trkpt lat="43.293950" lon="5.636860">
						<ele>183</ele>
						<time>2025-01-21T14:20:46Z</time>
					</trkpt>
					<trkpt lat="43.294520" lon="5.636310">
						<ele>178</ele>
						<time>2025-01-21T14:20:59Z</time>
					</trkpt>
					<trkpt lat="43.295010" lon="5.635620">
						<ele>176</ele>
						<time>2025-01-21T14:21:11Z</time>
					</trkpt>
					<trkpt lat="43.295310" lon="5.635390">
						<ele>179</ele>
						<time>2025-01-21T14:21:17Z</time>
					</trkpt>
					<trkpt lat="43.295730" lon="5.635160">
						<ele>179</ele>
						<time>2025-01-21T14:21:25Z</time>
					</trkpt>
					<trkpt lat="43.296280" lon="5.634730">
						<ele>176</ele>
						<time>2025-01-21T14:21:37Z</time>
					</trkpt>
					<trkpt lat="43.296350" lon="5.634580">
						<ele>175</ele>
						<time>2025-01-21T14:21:39Z</time>
					</trkpt>
					<trkpt lat="43.296300" lon="5.633810">
						<ele>176</ele>
						<time>2025-01-21T14:21:49Z</time>
					</trkpt>
					<trkpt lat="43.296360" lon="5.633450">
						<ele>174</ele>
						<time>2025-01-21T14:21:54Z</time>
					</trkpt>
					<trkpt lat="43.296410" lon="5.633310">
						<ele>173</ele>
						<time>2025-01-21T14:21:56Z</time>
					</trkpt>
					<trkpt lat="43.296510" lon="5.633120">
						<ele>171</ele>
						<time>2025-01-21T14:21:59Z</time>
					</trkpt>
					<trkpt lat="43.296870" lon="5.632850">
						<ele>166</ele>
						<time>2025-01-21T14:22:06Z</time>
					</trkpt>
					<trkpt lat="43.296970" lon="5.632750">
						<ele>165</ele>
						<time>2025-01-21T14:22:08Z</time>
					</trkpt>
					<trkpt lat="43.297320" lon="5.632250">
						<ele>161</ele>
						<time>2025-01-21T14:22:17Z</time>
					</trkpt>
					<trkpt lat="43.297480" lon="5.631910">
						<ele>159</ele>
						<time>2025-01-21T14:22:23Z</time>
					</trkpt>
					<trkpt lat="43.297490" lon="5.631570">
						<ele>159</ele>
						<time>2025-01-21T14:22:27Z</time>
					</trkpt>
					<trkpt lat="43.297460" lon="5.631400">
						<ele>159</ele>
						<time>2025-01-21T14:22:29Z</time>
					</trkpt>
					<trkpt lat="43.296990" lon="5.630240">
						<ele>159</ele>
						<time>2025-01-21T14:22:46Z</time>
					</trkpt>
					<trkpt lat="43.297170" lon="5.629840">
						<ele>154</ele>
						<time>2025-01-21T14:22:52Z</time>
					</trkpt>
					<trkpt lat="43.297320" lon="5.629420">
						<ele>152</ele>
						<time>2025-01-21T14:22:59Z</time>
					</trkpt>
					<trkpt lat="43.297340" lon="5.629320">
						<ele>151</ele>
						<time>2025-01-21T14:23:00Z</time>
					</trkpt>
					<trkpt lat="43.297320" lon="5.629160">
						<ele>151</ele>
						<time>2025-01-21T14:23:02Z</time>
					</trkpt>
					<trkpt lat="43.297290" lon="5.629090">
						<ele>151</ele>
						<time>2025-01-21T14:23:03Z</time>
					</trkpt>
					<trkpt lat="43.296870" lon="5.628550">
						<ele>149</ele>
						<time>2025-01-21T14:23:13Z</time>
					</trkpt>
					<trkpt lat="43.296840" lon="5.628430">
						<ele>148</ele>
						<time>2025-01-21T14:23:15Z</time>
					</trkpt>
					<trkpt lat="43.296820" lon="5.628410">
						<ele>148</ele>
						<time>2025-01-21T14:23:15Z</time>
					</trkpt>
					<trkpt lat="43.296760" lon="5.628420">
						<ele>147</ele>
						<time>2025-01-21T14:23:16Z</time>
					</trkpt>
					<trkpt lat="43.296040" lon="5.627320">
						<ele>143</ele>
						<time>2025-01-21T14:23:36Z</time>
					</trkpt>
					<trkpt lat="43.295340" lon="5.626320">
						<ele>141</ele>
						<time>2025-01-21T14:23:54Z</time>
					</trkpt>
					<trkpt lat="43.295320" lon="5.626300">
						<ele>141</ele>
						<time>2025-01-21T14:23:54Z</time>
					</trkpt>
					<trkpt lat="43.294730" lon="5.627100">
						<ele>142</ele>
						<time>2025-01-21T14:24:09Z</time>
					</trkpt>
					<trkpt lat="43.294490" lon="5.627380">
						<ele>142</ele>
						<time>2025-01-21T14:24:14Z</time>
					</trkpt>
					<trkpt lat="43.294290" lon="5.627490">
						<ele>142</ele>
						<time>2025-01-21T14:24:18Z</time>
					</trkpt>
					<trkpt lat="43.294100" lon="5.627480">
						<ele>142</ele>
						<time>2025-01-21T14:24:22Z</time>
					</trkpt>
					<trkpt lat="43.290510" lon="5.625080">
						<ele>132</ele>
						<time>2025-01-21T14:25:33Z</time>
					</trkpt>
					<trkpt lat="43.290190" lon="5.624890">
						<ele>130</ele>
						<time>2025-01-21T14:25:39Z</time>
					</trkpt>
					<trkpt lat="43.290060" lon="5.624850">
						<ele>130</ele>
						<time>2025-01-21T14:25:41Z</time>
					</trkpt>
					<trkpt lat="43.289770" lon="5.624840">
						<ele>129</ele>
						<time>2025-01-21T14:25:46Z</time>
					</trkpt>
					<trkpt lat="43.289520" lon="5.624790">
						<ele>128</ele>
						<time>2025-01-21T14:25:51Z</time>
					</trkpt>
					<trkpt lat="43.289490" lon="5.624730">
						<ele>128</ele>
						<time>2025-01-21T14:25:52Z</time>
					</trkpt>
					<trkpt lat="43.289420" lon="5.624680">
						<ele>127</ele>
						<time>2025-01-21T14:25:53Z</time>
					</trkpt>
					<trkpt lat="43.289320" lon="5.624710">
						<ele>127</ele>
						<time>2025-01-21T14:25:55Z</time>
					</trkpt>
					<trkpt lat="43.289270" lon="5.624810">
						<ele>127</ele>
						<time>2025-01-21T14:25:57Z</time>
					</trkpt>
					<trkpt lat="43.289070" lon="5.624860">
						<ele>126</ele>
						<time>2025-01-21T14:26:00Z</time>
					</trkpt>
					<trkpt lat="43.288910" lon="5.624870">
						<ele>126</ele>
						<time>2025-01-21T14:26:03Z</time>
					</trkpt>
					<trkpt lat="43.287620" lon="5.624700">
						<ele>123</ele>
						<time>2025-01-21T14:26:26Z</time>
					</trkpt>
					<trkpt lat="43.286600" lon="5.624660">
						<ele>122</ele>
						<time>2025-01-21T14:26:44Z</time>
					</trkpt>
					<trkpt lat="43.286220" lon="5.624740">
						<ele>121</ele>
						<time>2025-01-21T14:26:51Z</time>
					</trkpt>
					<trkpt lat="43.285320" lon="5.625080">
						<ele>118</ele>
						<time>2025-01-21T14:27:08Z</time>
					</trkpt>
					<trkpt lat="43.284910" lon="5.625260">
						<ele>115</ele>
						<time>2025-01-21T14:27:15Z</time>
					</trkpt>
					<trkpt lat="43.284360" lon="5.625530">
						<ele>114</ele>
						<time>2025-01-21T14:27:26Z</time>
					</trkpt>
					<trkpt lat="43.283610" lon="5.625970">
						<ele>112</ele>
						<time>2025-01-21T14:27:40Z</time>
					</trkpt>
					<trkpt lat="43.283470" lon="5.626020">
						<ele>112</ele>
						<time>2025-01-21T14:27:43Z</time>
					</trkpt>
					<trkpt lat="43.282820" lon="5.626390">
						<ele>113</ele>
						<time>2025-01-21T14:27:55Z</time>
					</trkpt>
					<trkpt lat="43.281490" lon="5.626980">
						<ele>114</ele>
						<time>2025-01-21T14:28:20Z</time>
					</trkpt>
					<trkpt lat="43.281080" lon="5.627220">
						<ele>115</ele>
						<time>2025-01-21T14:28:28Z</time>
					</trkpt>
					<trkpt lat="43.280840" lon="5.627450">
						<ele>115</ele>
						<time>2025-01-21T14:28:33Z</time>
					</trkpt>
					<trkpt lat="43.280620" lon="5.627820">
						<ele>117</ele>
						<time>2025-01-21T14:28:40Z</time>
					</trkpt>
					<trkpt lat="43.280510" lon="5.628200">
						<ele>119</ele>
						<time>2025-01-21T14:28:45Z</time>
					</trkpt>
					<trkpt lat="43.280470" lon="5.628510">
						<ele>121</ele>
						<time>2025-01-21T14:28:49Z</time>
					</trkpt>
					<trkpt lat="43.280350" lon="5.629030">
						<ele>123</ele>
						<time>2025-01-21T14:28:56Z</time>
					</trkpt>
					<trkpt lat="43.280100" lon="5.629770">
						<ele>124</ele>
						<time>2025-01-21T14:29:07Z</time>
					</trkpt>
					<trkpt lat="43.279880" lon="5.630190">
						<ele>122</ele>
						<time>2025-01-21T14:29:13Z</time>
					</trkpt>
					<trkpt lat="43.279560" lon="5.630660">
						<ele>119</ele>
						<time>2025-01-21T14:29:22Z</time>
					</trkpt>
					<trkpt lat="43.279300" lon="5.631010">
						<ele>116</ele>
						<time>2025-01-21T14:29:28Z</time>
					</trkpt>
					<trkpt lat="43.277190" lon="5.633620">
						<ele>119</ele>
						<time>2025-01-21T14:30:19Z</time>
					</trkpt>
					<trkpt lat="43.274310" lon="5.637140">
						<ele>124</ele>
						<time>2025-01-21T14:31:27Z</time>
					</trkpt>
					<trkpt lat="43.274130" lon="5.637190">
						<ele>125</ele>
						<time>2025-01-21T14:31:30Z</time>
					</trkpt>
					<trkpt lat="43.273940" lon="5.637090">
						<ele>125</ele>
						<time>2025-01-21T14:31:34Z</time>
					</trkpt>
					<trkpt lat="43.273860" lon="5.637570">
						<ele>126</ele>
						<time>2025-01-21T14:31:40Z</time>
					</trkpt>
					<trkpt lat="43.273780" lon="5.637860">
						<ele>127</ele>
						<time>2025-01-21T14:31:44Z</time>
					</trkpt>
					<trkpt lat="43.273520" lon="5.638600">
						<ele>131</ele>
						<time>2025-01-21T14:31:55Z</time>
					</trkpt>
					<trkpt lat="43.273140" lon="5.639320">
						<ele>140</ele>
						<time>2025-01-21T14:32:07Z</time>
					</trkpt>
					<trkpt lat="43.273010" lon="5.639660">
						<ele>143</ele>
						<time>2025-01-21T14:32:12Z</time>
					</trkpt>
					<trkpt lat="43.272590" lon="5.641220">
						<ele>141</ele>
						<time>2025-01-21T14:32:33Z</time>
					</trkpt>
					<trkpt lat="43.272190" lon="5.642960">
						<ele>138</ele>
						<time>2025-01-21T14:32:57Z</time>
					</trkpt>
					<trkpt lat="43.272050" lon="5.643410">
						<ele>136</ele>
						<time>2025-01-21T14:33:03Z</time>
					</trkpt>
					<trkpt lat="43.271790" lon="5.644080">
						<ele>136</ele>
						<time>2025-01-21T14:33:13Z</time>
					</trkpt>
					<trkpt lat="43.271640" lon="5.644390">
						<ele>136</ele>
						<time>2025-01-21T14:33:18Z</time>
					</trkpt>
					<trkpt lat="43.271220" lon="5.644990">
						<ele>138</ele>
						<time>2025-01-21T14:33:29Z</time>
					</trkpt>
					<trkpt lat="43.270020" lon="5.646200">
						<ele>142</ele>
						<time>2025-01-21T14:33:55Z</time>
					</trkpt>
					<trkpt lat="43.269370" lon="5.647160">
						<ele>150</ele>
						<time>2025-01-21T14:34:12Z</time>
					</trkpt>
					<trkpt lat="43.267700" lon="5.648770">
						<ele>156</ele>
						<time>2025-01-21T14:34:48Z</time>
					</trkpt>
					<trkpt lat="43.267580" lon="5.648980">
						<ele>157</ele>
						<time>2025-01-21T14:34:52Z</time>
					</trkpt>
					<trkpt lat="43.267420" lon="5.650390">
						<ele>166</ele>
						<time>2025-01-21T14:35:10Z</time>
					</trkpt>
					<trkpt lat="43.266560" lon="5.652820">
						<ele>179</ele>
						<time>2025-01-21T14:35:45Z</time>
					</trkpt>
					<trkpt lat="43.266400" lon="5.653340">
						<ele>185</ele>
						<time>2025-01-21T14:35:53Z</time>
					</trkpt>
					<trkpt lat="43.266390" lon="5.653450">
						<ele>186</ele>
						<time>2025-01-21T14:35:54Z</time>
					</trkpt>
					<trkpt lat="43.266420" lon="5.653630">
						<ele>185</ele>
						<time>2025-01-21T14:35:56Z</time>
					</trkpt>
					<trkpt lat="43.266460" lon="5.653700">
						<ele>184</ele>
						<time>2025-01-21T14:35:58Z</time>
					</trkpt>
					<trkpt lat="43.267280" lon="5.654750">
						<ele>187</ele>
						<time>2025-01-21T14:36:18Z</time>
					</trkpt>
					<trkpt lat="43.267410" lon="5.655040">
						<ele>187</ele>
						<time>2025-01-21T14:36:22Z</time>
					</trkpt>
					<trkpt lat="43.267420" lon="5.655230">
						<ele>189</ele>
						<time>2025-01-21T14:36:24Z</time>
					</trkpt>
					<trkpt lat="43.267310" lon="5.655950">
						<ele>194</ele>
						<time>2025-01-21T14:36:34Z</time>
					</trkpt>
					<trkpt lat="43.267000" lon="5.657350">
						<ele>196</ele>
						<time>2025-01-21T14:36:53Z</time>
					</trkpt>
					<trkpt lat="43.266980" lon="5.657550">
						<ele>196</ele>
						<time>2025-01-21T14:36:56Z</time>
					</trkpt>
					<trkpt lat="43.266990" lon="5.658350">
						<ele>201</ele>
						<time>2025-01-21T14:37:06Z</time>
					</trkpt>
					<trkpt lat="43.267020" lon="5.658660">
						<ele>202</ele>
						<time>2025-01-21T14:37:10Z</time>
					</trkpt>
					<trkpt lat="43.267610" lon="5.660270">
						<ele>204</ele>
						<time>2025-01-21T14:37:33Z</time>
					</trkpt>
					<trkpt lat="43.267660" lon="5.660770">
						<ele>204</ele>
						<time>2025-01-21T14:37:40Z</time>
					</trkpt>
					<trkpt lat="43.267640" lon="5.660940">
						<ele>204</ele>
						<time>2025-01-21T14:37:42Z</time>
					</trkpt>
					<trkpt lat="43.267570" lon="5.661190">
						<ele>201</ele>
						<time>2025-01-21T14:37:46Z</time>
					</trkpt>
					<trkpt lat="43.267470" lon="5.661360">
						<ele>198</ele>
						<time>2025-01-21T14:37:48Z</time>
					</trkpt>
					<trkpt lat="43.267180" lon="5.661680">
						<ele>198</ele>
						<time>2025-01-21T14:37:55Z</time>
					</trkpt>
					<trkpt lat="43.267010" lon="5.661810">
						<ele>198</ele>
						<time>2025-01-21T14:37:58Z</time>
					</trkpt>
					<trkpt lat="43.266840" lon="5.661870">
						<ele>198</ele>
						<time>2025-01-21T14:38:02Z</time>
					</trkpt>
					<trkpt lat="43.266720" lon="5.661870">
						<ele>197</ele>
						<time>2025-01-21T14:38:04Z</time>
					</trkpt>
					<trkpt lat="43.266030" lon="5.661800">
						<ele>196</ele>
						<time>2025-01-21T14:38:16Z</time>
					</trkpt>
					<trkpt lat="43.265930" lon="5.661820">
						<ele>196</ele>
						<time>2025-01-21T14:38:18Z</time>
					</trkpt>
					<trkpt lat="43.265820" lon="5.661880">
						<ele>196</ele>
						<time>2025-01-21T14:38:20Z</time>
					</trkpt>
					<trkpt lat="43.265740" lon="5.661970">
						<ele>198</ele>
						<time>2025-01-21T14:38:22Z</time>
					</trkpt>
					<trkpt lat="43.265690" lon="5.662070">
						<ele>199</ele>
						<time>2025-01-21T14:38:23Z</time>
					</trkpt>
					<trkpt lat="43.265650" lon="5.662280">
						<ele>199</ele>
						<time>2025-01-21T14:38:26Z</time>
					</trkpt>
					<trkpt lat="43.265660" lon="5.663190">
						<ele>201</ele>
						<time>2025-01-21T14:38:38Z</time>
					</trkpt>
					<trkpt lat="43.265600" lon="5.663470">
						<ele>202</ele>
						<time>2025-01-21T14:38:42Z</time>
					</trkpt>
					<trkpt lat="43.265500" lon="5.663660">
						<ele>202</ele>
						<time>2025-01-21T14:38:45Z</time>
					</trkpt>
					<trkpt lat="43.265200" lon="5.664090">
						<ele>201</ele>
						<time>2025-01-21T14:38:52Z</time>
					</trkpt>
					<trkpt lat="43.264500" lon="5.665000">
						<ele>205</ele>
						<time>2025-01-21T14:39:10Z</time>
					</trkpt>
					<trkpt lat="43.264380" lon="5.665240">
						<ele>205</ele>
						<time>2025-01-21T14:39:13Z</time>
					</trkpt>
					<trkpt lat="43.264350" lon="5.665450">
						<ele>205</ele>
						<time>2025-01-21T14:39:16Z</time>
					</trkpt>
					<trkpt lat="43.264390" lon="5.665650">
						<ele>204</ele>
						<time>2025-01-21T14:39:19Z</time>
					</trkpt>
					<trkpt lat="43.264460" lon="5.665790">
						<ele>203</ele>
						<time>2025-01-21T14:39:21Z</time>
					</trkpt>
					<trkpt lat="43.264580" lon="5.665910">
						<ele>204</ele>
						<time>2025-01-21T14:39:24Z</time>
					</trkpt>
					<trkpt lat="43.264750" lon="5.665960">
						<ele>204</ele>
						<time>2025-01-21T14:39:27Z</time>
					</trkpt>
					<trkpt lat="43.264910" lon="5.665900">
						<ele>204</ele>
						<time>2025-01-21T14:39:30Z</time>
					</trkpt>
					<trkpt lat="43.265050" lon="5.665730">
						<ele>204</ele>
						<time>2025-01-21T14:39:33Z</time>
					</trkpt>
					<trkpt lat="43.265260" lon="5.665150">
						<ele>202</ele>
						<time>2025-01-21T14:39:41Z</time>
					</trkpt>
					<trkpt lat="43.265420" lon="5.664920">
						<ele>203</ele>
						<time>2025-01-21T14:39:46Z</time>
					</trkpt>
					<trkpt lat="43.265620" lon="5.664860">
						<ele>205</ele>
						<time>2025-01-21T14:39:49Z</time>
					</trkpt>
					<trkpt lat="43.265740" lon="5.664880">
						<ele>206</ele>
						<time>2025-01-21T14:39:51Z</time>
					</trkpt>
					<trkpt lat="43.265820" lon="5.664920">
						<ele>207</ele>
						<time>2025-01-21T14:39:53Z</time>
					</trkpt>
					<trkpt lat="43.265930" lon="5.665060">
						<ele>212</ele>
						<time>2025-01-21T14:39:56Z</time>
					</trkpt>
					<trkpt lat="43.265990" lon="5.665260">
						<ele>215</ele>
						<time>2025-01-21T14:39:58Z</time>
					</trkpt>
					<trkpt lat="43.266020" lon="5.665610">
						<ele>219</ele>
						<time>2025-01-21T14:40:03Z</time>
					</trkpt>
					<trkpt lat="43.266030" lon="5.667950">
						<ele>227</ele>
						<time>2025-01-21T14:40:33Z</time>
					</trkpt>
					<trkpt lat="43.265790" lon="5.669960">
						<ele>223</ele>
						<time>2025-01-21T14:41:00Z</time>
					</trkpt>
					<trkpt lat="43.265610" lon="5.672530">
						<ele>220</ele>
						<time>2025-01-21T14:41:33Z</time>
					</trkpt>
					<trkpt lat="43.265640" lon="5.672850">
						<ele>219</ele>
						<time>2025-01-21T14:41:37Z</time>
					</trkpt>
					<trkpt lat="43.265900" lon="5.673420">
						<ele>216</ele>
						<time>2025-01-21T14:41:46Z</time>
					</trkpt>
					<trkpt lat="43.266180" lon="5.673890">
						<ele>212</ele>
						<time>2025-01-21T14:41:54Z</time>
					</trkpt>
					<trkpt lat="43.266400" lon="5.674090">
						<ele>210</ele>
						<time>2025-01-21T14:41:59Z</time>
					</trkpt>
					<trkpt lat="43.268150" lon="5.674790">
						<ele>209</ele>
						<time>2025-01-21T14:42:31Z</time>
					</trkpt>
					<trkpt lat="43.268280" lon="5.674890">
						<ele>208</ele>
						<time>2025-01-21T14:42:34Z</time>
					</trkpt>
					<trkpt lat="43.268420" lon="5.675100">
						<ele>208</ele>
						<time>2025-01-21T14:42:37Z</time>
					</trkpt>
					<trkpt lat="43.269140" lon="5.676810">
						<ele>196</ele>
						<time>2025-01-21T14:43:03Z</time>
					</trkpt>
					<trkpt lat="43.270070" lon="5.678270">
						<ele>189</ele>
						<time>2025-01-21T14:43:28Z</time>
					</trkpt>
					<trkpt lat="43.270310" lon="5.678480">
						<ele>187</ele>
						<time>2025-01-21T14:43:33Z</time>
					</trkpt>
					<trkpt lat="43.270600" lon="5.678580">
						<ele>187</ele>
						<time>2025-01-21T14:43:38Z</time>
					</trkpt>
					<trkpt lat="43.271230" lon="5.678730">
						<ele>187</ele>
						<time>2025-01-21T14:43:50Z</time>
					</trkpt>
					<trkpt lat="43.271390" lon="5.678820">
						<ele>185</ele>
						<time>2025-01-21T14:43:53Z</time>
					</trkpt>
					<trkpt lat="43.271610" lon="5.679110">
						<ele>181</ele>
						<time>2025-01-21T14:43:58Z</time>
					</trkpt>
					<trkpt lat="43.271700" lon="5.679370">
						<ele>178</ele>
						<time>2025-01-21T14:44:02Z</time>
					</trkpt>
					<trkpt lat="43.271720" lon="5.679660">
						<ele>175</ele>
						<time>2025-01-21T14:44:06Z</time>
					</trkpt>
					<trkpt lat="43.271650" lon="5.680020">
						<ele>172</ele>
						<time>2025-01-21T14:44:11Z</time>
					</trkpt>
					<trkpt lat="43.271140" lon="5.681100">
						<ele>167</ele>
						<time>2025-01-21T14:44:27Z</time>
					</trkpt>
					<trkpt lat="43.271010" lon="5.681460">
						<ele>166</ele>
						<time>2025-01-21T14:44:33Z</time>
					</trkpt>
					<trkpt lat="43.270960" lon="5.681750">
						<ele>165</ele>
						<time>2025-01-21T14:44:36Z</time>
					</trkpt>
					<trkpt lat="43.270980" lon="5.682360">
						<ele>165</ele>
						<time>2025-01-21T14:44:44Z</time>
					</trkpt>
					<trkpt lat="43.271120" lon="5.683020">
						<ele>164</ele>
						<time>2025-01-21T14:44:53Z</time>
					</trkpt>
					<trkpt lat="43.271480" lon="5.684210">
						<ele>163</ele>
						<time>2025-01-21T14:45:10Z</time>
					</trkpt>
					<trkpt lat="43.271600" lon="5.684510">
						<ele>162</ele>
						<time>2025-01-21T14:45:14Z</time>
					</trkpt>
					<trkpt lat="43.273770" lon="5.692190">
						<ele>170</ele>
						<time>2025-01-21T14:47:01Z</time>
					</trkpt>
					<trkpt lat="43.273860" lon="5.692640">
						<ele>171</ele>
						<time>2025-01-21T14:47:07Z</time>
					</trkpt>
					<trkpt lat="43.274020" lon="5.693230">
						<ele>174</ele>
						<time>2025-01-21T14:47:15Z</time>
					</trkpt>
					<trkpt lat="43.274330" lon="5.694280">
						<ele>177</ele>
						<time>2025-01-21T14:47:30Z</time>
					</trkpt>
					<trkpt lat="43.274420" lon="5.694470">
						<ele>178</ele>
						<time>2025-01-21T14:47:33Z</time>
					</trkpt>
					<trkpt lat="43.275430" lon="5.698090">
						<ele>190</ele>
						<time>2025-01-21T14:48:23Z</time>
					</trkpt>
					<trkpt lat="43.276070" lon="5.700780">
						<ele>201</ele>
						<time>2025-01-21T14:49:00Z</time>
					</trkpt>
					<trkpt lat="43.275800" lon="5.703470">
						<ele>201</ele>
						<time>2025-01-21T14:49:35Z</time>
					</trkpt>
					<trkpt lat="43.275760" lon="5.705340">
						<ele>196</ele>
						<time>2025-01-21T14:49:59Z</time>
					</trkpt>
					<trkpt lat="43.275730" lon="5.705470">
						<ele>195</ele>
						<time>2025-01-21T14:50:01Z</time>
					</trkpt>
					<trkpt lat="43.275700" lon="5.706310">
						<ele>195</ele>
						<time>2025-01-21T14:50:12Z</time>
					</trkpt>
					<trkpt lat="43.275690" lon="5.708360">
						<ele>199</ele>
						<time>2025-01-21T14:50:38Z</time>
					</trkpt>
					<trkpt lat="43.275460" lon="5.716220">
						<ele>217</ele>
						<time>2025-01-21T14:52:20Z</time>
					</trkpt>
					<trkpt lat="43.275430" lon="5.716490">
						<ele>217</ele>
						<time>2025-01-21T14:52:24Z</time>
					</trkpt>
					<trkpt lat="43.275360" lon="5.716780">
						<ele>216</ele>
						<time>2025-01-21T14:52:28Z</time>
					</trkpt>
					<trkpt lat="43.274510" lon="5.719420">
						<ele>221</ele>
						<time>2025-01-21T14:53:05Z</time>
					</trkpt>
					<trkpt lat="43.274310" lon="5.719720">
						<ele>225</ele>
						<time>2025-01-21T14:53:10Z</time>
					</trkpt>
					<trkpt lat="43.274130" lon="5.719880">
						<ele>228</ele>
						<time>2025-01-21T14:53:14Z</time>
					</trkpt>
					<trkpt lat="43.274020" lon="5.719930">
						<ele>230</ele>
						<time>2025-01-21T14:53:16Z</time>
					</trkpt>
					<trkpt lat="43.273750" lon="5.719970">
						<ele>234</ele>
						<time>2025-01-21T14:53:21Z</time>
					</trkpt>
					<trkpt lat="43.273600" lon="5.719950">
						<ele>236</ele>
						<time>2025-01-21T14:53:24Z</time>
					</trkpt>
					<trkpt lat="43.273290" lon="5.719810">
						<ele>239</ele>
						<time>2025-01-21T14:53:30Z</time>
					</trkpt>
					<trkpt lat="43.273130" lon="5.719650">
						<ele>241</ele>
						<time>2025-01-21T14:53:33Z</time>
					</trkpt>
					<trkpt lat="43.272500" lon="5.718860">
						<ele>244</ele>
						<time>2025-01-21T14:53:48Z</time>
					</trkpt>
					<trkpt lat="43.272130" lon="5.718520">
						<ele>245</ele>
						<time>2025-01-21T14:53:56Z</time>
					</trkpt>
					<trkpt lat="43.271670" lon="5.718260">
						<ele>247</ele>
						<time>2025-01-21T14:54:05Z</time>
					</trkpt>
					<trkpt lat="43.271120" lon="5.718080">
						<ele>249</ele>
						<time>2025-01-21T14:54:15Z</time>
					</trkpt>
					<trkpt lat="43.269930" lon="5.717860">
						<ele>249</ele>
						<time>2025-01-21T14:54:37Z</time>
					</trkpt>
					<trkpt lat="43.269600" lon="5.717900">
						<ele>250</ele>
						<time>2025-01-21T14:54:42Z</time>
					</trkpt>
					<trkpt lat="43.269440" lon="5.717950">
						<ele>251</ele>
						<time>2025-01-21T14:54:45Z</time>
					</trkpt>
					<trkpt lat="43.269090" lon="5.718240">
						<ele>256</ele>
						<time>2025-01-21T14:54:53Z</time>
					</trkpt>
					<trkpt lat="43.268910" lon="5.718640">
						<ele>257</ele>
						<time>2025-01-21T14:54:59Z</time>
					</trkpt>
					<trkpt lat="43.268800" lon="5.719020">
						<ele>258</ele>
						<time>2025-01-21T14:55:04Z</time>
					</trkpt>
					<trkpt lat="43.268580" lon="5.721360">
						<ele>266</ele>
						<time>2025-01-21T14:55:35Z</time>
					</trkpt>
					<trkpt lat="43.268920" lon="5.724320">
						<ele>278</ele>
						<time>2025-01-21T14:56:13Z</time>
					</trkpt>
					<trkpt lat="43.268960" lon="5.724830">
						<ele>277</ele>
						<time>2025-01-21T14:56:20Z</time>
					</trkpt>
					<trkpt lat="43.268930" lon="5.725170">
						<ele>277</ele>
						<time>2025-01-21T14:56:24Z</time>
					</trkpt>
					<trkpt lat="43.268800" lon="5.725540">
						<ele>278</ele>
						<time>2025-01-21T14:56:30Z</time>
					</trkpt>
					<trkpt lat="43.268660" lon="5.725750">
						<ele>279</ele>
						<time>2025-01-21T14:56:33Z</time>
					</trkpt>
					<trkpt lat="43.267640" lon="5.727070">
						<ele>284</ele>
						<time>2025-01-21T14:56:58Z</time>
					</trkpt>
					<trkpt lat="43.266510" lon="5.728640">
						<ele>290</ele>
						<time>2025-01-21T14:57:27Z</time>
					</trkpt>
					<trkpt lat="43.266310" lon="5.728980">
						<ele>291</ele>
						<time>2025-01-21T14:57:33Z</time>
					</trkpt>
					<trkpt lat="43.266240" lon="5.729160">
						<ele>292</ele>
						<time>2025-01-21T14:57:35Z</time>
					</trkpt>
					<trkpt lat="43.266180" lon="5.729550">
						<ele>296</ele>
						<time>2025-01-21T14:57:40Z</time>
					</trkpt>
					<trkpt lat="43.266440" lon="5.732590">
						<ele>309</ele>
						<time>2025-01-21T14:58:20Z</time>
					</trkpt>
					<trkpt lat="43.266500" lon="5.732810">
						<ele>310</ele>
						<time>2025-01-21T14:58:23Z</time>
					</trkpt>
					<trkpt lat="43.266580" lon="5.732960">
						<ele>310</ele>
						<time>2025-01-21T14:58:26Z</time>
					</trkpt>
					<trkpt lat="43.266690" lon="5.733080">
						<ele>310</ele>
						<time>2025-01-21T14:58:28Z</time>
					</trkpt>
					<trkpt lat="43.266800" lon="5.733140">
						<ele>310</ele>
						<time>2025-01-21T14:58:30Z</time>
					</trkpt>
					<trkpt lat="43.267140" lon="5.733200">
						<ele>308</ele>
						<time>2025-01-21T14:58:36Z</time>
					</trkpt>
					<trkpt lat="43.267360" lon="5.733310">
						<ele>308</ele>
						<time>2025-01-21T14:58:40Z</time>
					</trkpt>
					<trkpt lat="43.267560" lon="5.733580">
						<ele>313</ele>
						<time>2025-01-21T14:58:45Z</time>
					</trkpt>
					<trkpt lat="43.268550" lon="5.735730">
						<ele>322</ele>
						<time>2025-01-21T14:59:18Z</time>
					</trkpt>
					<trkpt lat="43.268580" lon="5.736010">
						<ele>322</ele>
						<time>2025-01-21T14:59:22Z</time>
					</trkpt>
					<trkpt lat="43.268440" lon="5.736380">
						<ele>323</ele>
						<time>2025-01-21T14:59:27Z</time>
					</trkpt>
					<trkpt lat="43.267800" lon="5.737410">
						<ele>328</ele>
						<time>2025-01-21T14:59:45Z</time>
					</trkpt>
					<trkpt lat="43.267710" lon="5.737520">
						<ele>329</ele>
						<time>2025-01-21T14:59:47Z</time>
					</trkpt>
					<trkpt lat="43.267620" lon="5.737570">
						<ele>330</ele>
						<time>2025-01-21T14:59:49Z</time>
					</trkpt>
					<trkpt lat="43.267520" lon="5.737590">
						<ele>332</ele>
						<time>2025-01-21T14:59:51Z</time>
					</trkpt>
					<trkpt lat="43.267430" lon="5.737570">
						<ele>332</ele>
						<time>2025-01-21T14:59:52Z</time>
					</trkpt>
					<trkpt lat="43.267180" lon="5.737390">
						<ele>335</ele>
						<time>2025-01-21T14:59:57Z</time>
					</trkpt>
					<trkpt lat="43.267090" lon="5.737350">
						<ele>336</ele>
						<time>2025-01-21T14:59:59Z</time>
					</trkpt>
					<trkpt lat="43.266970" lon="5.737330">
						<ele>336</ele>
						<time>2025-01-21T15:00:01Z</time>
					</trkpt>
					<trkpt lat="43.266860" lon="5.737350">
						<ele>336</ele>
						<time>2025-01-21T15:00:03Z</time>
					</trkpt>
					<trkpt lat="43.266780" lon="5.737380">
						<ele>336</ele>
						<time>2025-01-21T15:00:05Z</time>
					</trkpt>
					<trkpt lat="43.266520" lon="5.737590">
						<ele>337</ele>
						<time>2025-01-21T15:00:10Z</time>
					</trkpt>
					<trkpt lat="43.266200" lon="5.737960">
						<ele>341</ele>
						<time>2025-01-21T15:00:17Z</time>
					</trkpt>
					<trkpt lat="43.266060" lon="5.738170">
						<ele>342</ele>
						<time>2025-01-21T15:00:21Z</time>
					</trkpt>
					<trkpt lat="43.265950" lon="5.738400">
						<ele>343</ele>
						<time>2025-01-21T15:00:25Z</time>
					</trkpt>
					<trkpt lat="43.265800" lon="5.739370">
						<ele>346</ele>
						<time>2025-01-21T15:00:38Z</time>
					</trkpt>
					<trkpt lat="43.265740" lon="5.739600">
						<ele>347</ele>
						<time>2025-01-21T15:00:41Z</time>
					</trkpt>
					<trkpt lat="43.265630" lon="5.739840">
						<ele>348</ele>
						<time>2025-01-21T15:00:44Z</time>
					</trkpt>
					<trkpt lat="43.265530" lon="5.739990">
						<ele>349</ele>
						<time>2025-01-21T15:00:47Z</time>
					</trkpt>
					<trkpt lat="43.265360" lon="5.740190">
						<ele>350</ele>
						<time>2025-01-21T15:00:51Z</time>
					</trkpt>
					<trkpt lat="43.265060" lon="5.740440">
						<ele>350</ele>
						<time>2025-01-21T15:00:57Z</time>
					</trkpt>
					<trkpt lat="43.264770" lon="5.740810">
						<ele>348</ele>
						<time>2025-01-21T15:01:04Z</time>
					</trkpt>
					<trkpt lat="43.264680" lon="5.741130">
						<ele>350</ele>
						<time>2025-01-21T15:01:09Z</time>
					</trkpt>
					<trkpt lat="43.264630" lon="5.741610">
						<ele>352</ele>
						<time>2025-01-21T15:01:15Z</time>
					</trkpt>
					<trkpt lat="43.264650" lon="5.742110">
						<ele>355</ele>
						<time>2025-01-21T15:01:22Z</time>
					</trkpt>
					<trkpt lat="43.264800" lon="5.742910">
						<ele>357</ele>
						<time>2025-01-21T15:01:32Z</time>
					</trkpt>
					<trkpt lat="43.265610" lon="5.746410">
						<ele>366</ele>
						<time>2025-01-21T15:02:20Z</time>
					</trkpt>
					<trkpt lat="43.265930" lon="5.747890">
						<ele>369</ele>
						<time>2025-01-21T15:02:40Z</time>
					</trkpt>
					<trkpt lat="43.265920" lon="5.748330">
						<ele>371</ele>
						<time>2025-01-21T15:02:45Z</time>
					</trkpt>
					<trkpt lat="43.265850" lon="5.748630">
						<ele>373</ele>
						<time>2025-01-21T15:02:50Z</time>
					</trkpt>
					<trkpt lat="43.265690" lon="5.748920">
						<ele>375</ele>
						<time>2025-01-21T15:02:54Z</time>
					</trkpt>
					<trkpt lat="43.265480" lon="5.749100">
						<ele>375</ele>
						<time>2025-01-21T15:02:59Z</time>
					</trkpt>
					<trkpt lat="43.265250" lon="5.749190">
						<ele>374</ele>
						<time>2025-01-21T15:03:03Z</time>
					</trkpt>
					<trkpt lat="43.265050" lon="5.749200">
						<ele>373</ele>
						<time>2025-01-21T15:03:07Z</time>
					</trkpt>
					<trkpt lat="43.264770" lon="5.749140">
						<ele>375</ele>
						<time>2025-01-21T15:03:12Z</time>
					</trkpt>
					<trkpt lat="43.264130" lon="5.748800">
						<ele>383</ele>
						<time>2025-01-21T15:03:24Z</time>
					</trkpt>
					<trkpt lat="43.264140" lon="5.748770">
						<ele>383</ele>
						<time>2025-01-21T15:03:24Z</time>
					</trkpt>
					<trkpt lat="43.263980" lon="5.748680">
						<ele>383</ele>
						<time>2025-01-21T15:03:27Z</time>
					</trkpt>
					<trkpt lat="43.263970" lon="5.748710">
						<ele>383</ele>
						<time>2025-01-21T15:03:28Z</time>
					</trkpt>
					<trkpt lat="43.263680" lon="5.748530">
						<ele>384</ele>
						<time>2025-01-21T15:03:33Z</time>
					</trkpt>
					<trkpt lat="43.263320" lon="5.748360">
						<ele>385</ele>
						<time>2025-01-21T15:03:40Z</time>
					</trkpt>
					<trkpt lat="43.263150" lon="5.748310">
						<ele>385</ele>
						<time>2025-01-21T15:03:43Z</time>
					</trkpt>
					<trkpt lat="43.262800" lon="5.748280">
						<ele>386</ele>
						<time>2025-01-21T15:03:49Z</time>
					</trkpt>
					<trkpt lat="43.262520" lon="5.748360">
						<ele>387</ele>
						<time>2025-01-21T15:03:55Z</time>
					</trkpt>
					<trkpt lat="43.257210" lon="5.750820">
						<ele>401</ele>
						<time>2025-01-21T15:05:34Z</time>
					</trkpt>
					<trkpt lat="43.257010" lon="5.750890">
						<ele>402</ele>
						<time>2025-01-21T15:05:38Z</time>
					</trkpt>
					<trkpt lat="43.256960" lon="5.750870">
						<ele>402</ele>
						<time>2025-01-21T15:05:39Z</time>
					</trkpt>
					<trkpt lat="43.256870" lon="5.750880">
						<ele>402</ele>
						<time>2025-01-21T15:05:40Z</time>
					</trkpt>
					<trkpt lat="43.256800" lon="5.751010">
						<ele>403</ele>
						<time>2025-01-21T15:05:43Z</time>
					</trkpt>
					<trkpt lat="43.256790" lon="5.751170">
						<ele>403</ele>
						<time>2025-01-21T15:05:45Z</time>
					</trkpt>
					<trkpt lat="43.256840" lon="5.751250">
						<ele>403</ele>
						<time>2025-01-21T15:05:46Z</time>
					</trkpt>
					<trkpt lat="43.256910" lon="5.751290">
						<ele>403</ele>
						<time>2025-01-21T15:05:47Z</time>
					</trkpt>
					<trkpt lat="43.256970" lon="5.751280">
						<ele>403</ele>
						<time>2025-01-21T15:05:48Z</time>
					</trkpt>
					<trkpt lat="43.257030" lon="5.751230">
						<ele>402</ele>
						<time>2025-01-21T15:05:50Z</time>
					</trkpt>
					<trkpt lat="43.257060" lon="5.751150">
						<ele>402</ele>
						<time>2025-01-21T15:05:51Z</time>
					</trkpt>
					<trkpt lat="43.257060" lon="5.751020">
						<ele>402</ele>
						<time>2025-01-21T15:05:53Z</time>
					</trkpt>
					<trkpt lat="43.256980" lon="5.750910">
						<ele>402</ele>
						<time>2025-01-21T15:05:55Z</time>
					</trkpt>
					<trkpt lat="43.256570" lon="5.750040">
						<ele>402</ele>
						<time>2025-01-21T15:06:08Z</time>
					</trkpt>
					<trkpt lat="43.256370" lon="5.749750">
						<ele>403</ele>
						<time>2025-01-21T15:06:13Z</time>
					</trkpt>
					<trkpt lat="43.256100" lon="5.749140">
						<ele>404</ele>
						<time>2025-01-21T15:06:22Z</time>
					</trkpt>
					<trkpt lat="43.255710" lon="5.748160">
						<ele>405</ele>
						<time>2025-01-21T15:06:37Z</time>
					</trkpt>
					<trkpt lat="43.255530" lon="5.747410">
						<ele>406</ele>
						<time>2025-01-21T15:06:47Z</time>
					</trkpt>
					<trkpt lat="43.255400" lon="5.747040">
						<ele>407</ele>
						<time>2025-01-21T15:06:52Z</time>
					</trkpt>
					<trkpt lat="43.254570" lon="5.745210">
						<ele>410</ele>
						<time>2025-01-21T15:07:20Z</time>
					</trkpt>
					<trkpt lat="43.254290" lon="5.744490">
						<ele>410</ele>
						<time>2025-01-21T15:07:31Z</time>
					</trkpt>
					<trkpt lat="43.254080" lon="5.743690">
						<ele>411</ele>
						<time>2025-01-21T15:07:42Z</time>
					</trkpt>
					<trkpt lat="43.253870" lon="5.742650">
						<ele>413</ele>
						<time>2025-01-21T15:07:56Z</time>
					</trkpt>
					<trkpt lat="43.253760" lon="5.741810">
						<ele>415</ele>
						<time>2025-01-21T15:08:07Z</time>
					</trkpt>
					<trkpt lat="43.253670" lon="5.741460">
						<ele>415</ele>
						<time>2025-01-21T15:08:12Z</time>
					</trkpt>
					<trkpt lat="43.253430" lon="5.740650">
						<ele>415</ele>
						<time>2025-01-21T15:08:23Z</time>
					</trkpt>
					<trkpt lat="43.252570" lon="5.738010">
						<ele>420</ele>
						<time>2025-01-21T15:09:01Z</time>
					</trkpt>
					<trkpt lat="43.252300" lon="5.737050">
						<ele>422</ele>
						<time>2025-01-21T15:09:14Z</time>
					</trkpt>
					<trkpt lat="43.251930" lon="5.734920">
						<ele>425</ele>
						<time>2025-01-21T15:09:42Z</time>
					</trkpt>
					<trkpt lat="43.251870" lon="5.734720">
						<ele>426</ele>
						<time>2025-01-21T15:09:45Z</time>
					</trkpt>
					<trkpt lat="43.251760" lon="5.734500">
						<ele>426</ele>
						<time>2025-01-21T15:09:49Z</time>
					</trkpt>
					<trkpt lat="43.251630" lon="5.734370">
						<ele>427</ele>
						<time>2025-01-21T15:09:51Z</time>
					</trkpt>
					<trkpt lat="43.251170" lon="5.734000">
						<ele>428</ele>
						<time>2025-01-21T15:10:01Z</time>
					</trkpt>
					<trkpt lat="43.251030" lon="5.733840">
						<ele>428</ele>
						<time>2025-01-21T15:10:04Z</time>
					</trkpt>
					<trkpt lat="43.250770" lon="5.733440">
						<ele>428</ele>
						<time>2025-01-21T15:10:11Z</time>
					</trkpt>
					<trkpt lat="43.250540" lon="5.732900">
						<ele>427</ele>
						<time>2025-01-21T15:10:19Z</time>
					</trkpt>
					<trkpt lat="43.250500" lon="5.732750">
						<ele>427</ele>
						<time>2025-01-21T15:10:21Z</time>
					</trkpt>
					<trkpt lat="43.250430" lon="5.732170">
						<ele>427</ele>
						<time>2025-01-21T15:10:29Z</time>
					</trkpt>
					<trkpt lat="43.250450" lon="5.731850">
						<ele>427</ele>
						<time>2025-01-21T15:10:33Z</time>
					</trkpt>
					<trkpt lat="43.250540" lon="5.731230">
						<ele>430</ele>
						<time>2025-01-21T15:10:41Z</time>
					</trkpt>
					<trkpt lat="43.250530" lon="5.730870">
						<ele>431</ele>
						<time>2025-01-21T15:10:46Z</time>
					</trkpt>
					<trkpt lat="43.250320" lon="5.730010">
						<ele>435</ele>
						<time>2025-01-21T15:10:58Z</time>
					</trkpt>
					<trkpt lat="43.250180" lon="5.729610">
						<ele>435</ele>
						<time>2025-01-21T15:11:03Z</time>
					</trkpt>
					<trkpt lat="43.250110" lon="5.729140">
						<ele>436</ele>
						<time>2025-01-21T15:11:10Z</time>
					</trkpt>
					<trkpt lat="43.250050" lon="5.728920">
						<ele>435</ele>
						<time>2025-01-21T15:11:13Z</time>
					</trkpt>
					<trkpt lat="43.249960" lon="5.728800">
						<ele>434</ele>
						<time>2025-01-21T15:11:15Z</time>
					</trkpt>
					<trkpt lat="43.249840" lon="5.728730">
						<ele>434</ele>
						<time>2025-01-21T15:11:17Z</time>
					</trkpt>
					<trkpt lat="43.249480" lon="5.728710">
						<ele>434</ele>
						<time>2025-01-21T15:11:24Z</time>
					</trkpt>
					<trkpt lat="43.249310" lon="5.728660">
						<ele>433</ele>
						<time>2025-01-21T15:11:27Z</time>
					</trkpt>
					<trkpt lat="43.249060" lon="5.728510">
						<ele>433</ele>
						<time>2025-01-21T15:11:32Z</time>
					</trkpt>
					<trkpt lat="43.248820" lon="5.728220">
						<ele>434</ele>
						<time>2025-01-21T15:11:37Z</time>
					</trkpt>
					<trkpt lat="43.248480" lon="5.727640">
						<ele>435</ele>
						<time>2025-01-21T15:11:47Z</time>
					</trkpt>
					<trkpt lat="43.247860" lon="5.726450">
						<ele>435</ele>
						<time>2025-01-21T15:12:06Z</time>
					</trkpt>
					<trkpt lat="43.247340" lon="5.725380">
						<ele>436</ele>
						<time>2025-01-21T15:12:23Z</time>
					</trkpt>
					<trkpt lat="43.247230" lon="5.725100">
						<ele>436</ele>
						<time>2025-01-21T15:12:27Z</time>
					</trkpt>
					<trkpt lat="43.247050" lon="5.724460">
						<ele>437</ele>
						<time>2025-01-21T15:12:36Z</time>
					</trkpt>
					<trkpt lat="43.246980" lon="5.724090">
						<ele>437</ele>
						<time>2025-01-21T15:12:41Z</time>
					</trkpt>
					<trkpt lat="43.246800" lon="5.722640">
						<ele>441</ele>
						<time>2025-01-21T15:13:00Z</time>
					</trkpt>
					<trkpt lat="43.246760" lon="5.722400">
						<ele>442</ele>
						<time>2025-01-21T15:13:03Z</time>
					</trkpt>
					<trkpt lat="43.246670" lon="5.722170">
						<ele>441</ele>
						<time>2025-01-21T15:13:06Z</time>
					</trkpt>
					<trkpt lat="43.246550" lon="5.722050">
						<ele>441</ele>
						<time>2025-01-21T15:13:09Z</time>
					</trkpt>
					<trkpt lat="43.246170" lon="5.721900">
						<ele>440</ele>
						<time>2025-01-21T15:13:16Z</time>
					</trkpt>
					<trkpt lat="43.245880" lon="5.721670">
						<ele>440</ele>
						<time>2025-01-21T15:13:22Z</time>
					</trkpt>
					<trkpt lat="43.245710" lon="5.721370">
						<ele>440</ele>
						<time>2025-01-21T15:13:27Z</time>
					</trkpt>
					<trkpt lat="43.245590" lon="5.720980">
						<ele>440</ele>
						<time>2025-01-21T15:13:32Z</time>
					</trkpt>
					<trkpt lat="43.245470" lon="5.720700">
						<ele>439</ele>
						<time>2025-01-21T15:13:36Z</time>
					</trkpt>
					<trkpt lat="43.245220" lon="5.720370">
						<ele>439</ele>
						<time>2025-01-21T15:13:43Z</time>
					</trkpt>
					<trkpt lat="43.244380" lon="5.719430">
						<ele>440</ele>
						<time>2025-01-21T15:14:02Z</time>
					</trkpt>
					<trkpt lat="43.244180" lon="5.719120">
						<ele>440</ele>
						<time>2025-01-21T15:14:07Z</time>
					</trkpt>
					<trkpt lat="43.244130" lon="5.718950">
						<ele>440</ele>
						<time>2025-01-21T15:14:10Z</time>
					</trkpt>
					<trkpt lat="43.244040" lon="5.718470">
						<ele>440</ele>
						<time>2025-01-21T15:14:16Z</time>
					</trkpt>
					<trkpt lat="43.243820" lon="5.716620">
						<ele>445</ele>
						<time>2025-01-21T15:14:40Z</time>
					</trkpt>
					<trkpt lat="43.243660" lon="5.716190">
						<ele>445</ele>
						<time>2025-01-21T15:14:47Z</time>
					</trkpt>
					<trkpt lat="43.243220" lon="5.715160">
						<ele>440</ele>
						<time>2025-01-21T15:15:02Z</time>
					</trkpt>
					<trkpt lat="43.242940" lon="5.714410">
						<ele>438</ele>
						<time>2025-01-21T15:15:13Z</time>
					</trkpt>
					<trkpt lat="43.242720" lon="5.713550">
						<ele>437</ele>
						<time>2025-01-21T15:15:25Z</time>
					</trkpt>
					<trkpt lat="43.242660" lon="5.712920">
						<ele>437</ele>
						<time>2025-01-21T15:15:33Z</time>
					</trkpt>
					<trkpt lat="43.242730" lon="5.711810">
						<ele>436</ele>
						<time>2025-01-21T15:15:48Z</time>
					</trkpt>
					<trkpt lat="43.242740" lon="5.710880">
						<ele>435</ele>
						<time>2025-01-21T15:16:00Z</time>
					</trkpt>
					<trkpt lat="43.242670" lon="5.710470">
						<ele>434</ele>
						<time>2025-01-21T15:16:05Z</time>
					</trkpt>
					<trkpt lat="43.242540" lon="5.710050">
						<ele>432</ele>
						<time>2025-01-21T15:16:11Z</time>
					</trkpt>
					<trkpt lat="43.242220" lon="5.709330">
						<ele>428</ele>
						<time>2025-01-21T15:16:22Z</time>
					</trkpt>
					<trkpt lat="43.242130" lon="5.709050">
						<ele>427</ele>
						<time>2025-01-21T15:16:26Z</time>
					</trkpt>
					<trkpt lat="43.242070" lon="5.708110">
						<ele>424</ele>
						<time>2025-01-21T15:16:38Z</time>
					</trkpt>
					<trkpt lat="43.242030" lon="5.707860">
						<ele>423</ele>
						<time>2025-01-21T15:16:41Z</time>
					</trkpt>
					<trkpt lat="43.241890" lon="5.707120">
						<ele>422</ele>
						<time>2025-01-21T15:16:51Z</time>
					</trkpt>
					<trkpt lat="43.241810" lon="5.706790">
						<ele>422</ele>
						<time>2025-01-21T15:16:56Z</time>
					</trkpt>
					<trkpt lat="43.241650" lon="5.706300">
						<ele>420</ele>
						<time>2025-01-21T15:17:03Z</time>
					</trkpt>
					<trkpt lat="43.241560" lon="5.705860">
						<ele>420</ele>
						<time>2025-01-21T15:17:09Z</time>
					</trkpt>
					<trkpt lat="43.241540" lon="5.705400">
						<ele>419</ele>
						<time>2025-01-21T15:17:15Z</time>
					</trkpt>
					<trkpt lat="43.241620" lon="5.704760">
						<ele>418</ele>
						<time>2025-01-21T15:17:23Z</time>
					</trkpt>
					<trkpt lat="43.241600" lon="5.701090">
						<ele>416</ele>
						<time>2025-01-21T15:18:11Z</time>
					</trkpt>
					<trkpt lat="43.241520" lon="5.700530">
						<ele>416</ele>
						<time>2025-01-21T15:18:18Z</time>
					</trkpt>
					<trkpt lat="43.241090" lon="5.698570">
						<ele>419</ele>
						<time>2025-01-21T15:18:45Z</time>
					</trkpt>
					<trkpt lat="43.241050" lon="5.698110">
						<ele>419</ele>
						<time>2025-01-21T15:18:51Z</time>
					</trkpt>
					<trkpt lat="43.241210" lon="5.694470">
						<ele>428</ele>
						<time>2025-01-21T15:19:38Z</time>
					</trkpt>
					<trkpt lat="43.241170" lon="5.694080">
						<ele>428</ele>
						<time>2025-01-21T15:19:43Z</time>
					</trkpt>
					<trkpt lat="43.241060" lon="5.693770">
						<ele>428</ele>
						<time>2025-01-21T15:19:47Z</time>
					</trkpt>
					<trkpt lat="43.240750" lon="5.693050">
						<ele>426</ele>
						<time>2025-01-21T15:19:58Z</time>
					</trkpt>
					<trkpt lat="43.240560" lon="5.692430">
						<ele>425</ele>
						<time>2025-01-21T15:20:07Z</time>
					</trkpt>
					<trkpt lat="43.239830" lon="5.688450">
						<ele>419</ele>
						<time>2025-01-21T15:21:00Z</time>
					</trkpt>
					<trkpt lat="43.239710" lon="5.688160">
						<ele>419</ele>
						<time>2025-01-21T15:21:05Z</time>
					</trkpt>
					<trkpt lat="43.239540" lon="5.687890">
						<ele>419</ele>
						<time>2025-01-21T15:21:09Z</time>
					</trkpt>
					<trkpt lat="43.238710" lon="5.686940">
						<ele>417</ele>
						<time>2025-01-21T15:21:28Z</time>
					</trkpt>
					<trkpt lat="43.238550" lon="5.686680">
						<ele>416</ele>
						<time>2025-01-21T15:21:33Z</time>
					</trkpt>
					<trkpt lat="43.238400" lon="5.686170">
						<ele>414</ele>
						<time>2025-01-21T15:21:40Z</time>
					</trkpt>
					<trkpt lat="43.237540" lon="5.682790">
						<ele>409</ele>
						<time>2025-01-21T15:22:26Z</time>
					</trkpt>
					<trkpt lat="43.237350" lon="5.682150">
						<ele>408</ele>
						<time>2025-01-21T15:22:35Z</time>
					</trkpt>
					<trkpt lat="43.236210" lon="5.679800">
						<ele>405</ele>
						<time>2025-01-21T15:23:12Z</time>
					</trkpt>
					<trkpt lat="43.236010" lon="5.679310">
						<ele>406</ele>
						<time>2025-01-21T15:23:19Z</time>
					</trkpt>
					<trkpt lat="43.235840" lon="5.678770">
						<ele>406</ele>
						<time>2025-01-21T15:23:27Z</time>
					</trkpt>
					<trkpt lat="43.235720" lon="5.678340">
						<ele>406</ele>
						<time>2025-01-21T15:23:33Z</time>
					</trkpt>
					<trkpt lat="43.235630" lon="5.677880">
						<ele>407</ele>
						<time>2025-01-21T15:23:39Z</time>
					</trkpt>
					<trkpt lat="43.235660" lon="5.676650">
						<ele>405</ele>
						<time>2025-01-21T15:23:55Z</time>
					</trkpt>
					<trkpt lat="43.235620" lon="5.676140">
						<ele>406</ele>
						<time>2025-01-21T15:24:02Z</time>
					</trkpt>
					<trkpt lat="43.235050" lon="5.672930">
						<ele>400</ele>
						<time>2025-01-21T15:24:44Z</time>
					</trkpt>
					<trkpt lat="43.234840" lon="5.672410">
						<ele>400</ele>
						<time>2025-01-21T15:24:52Z</time>
					</trkpt>
					<trkpt lat="43.234630" lon="5.672030">
						<ele>400</ele>
						<time>2025-01-21T15:24:58Z</time>
					</trkpt>
					<trkpt lat="43.234730" lon="5.671230">
						<ele>400</ele>
						<time>2025-01-21T15:25:09Z</time>
					</trkpt>
					<trkpt lat="43.234800" lon="5.670900">
						<ele>401</ele>
						<time>2025-01-21T15:25:13Z</time>
					</trkpt>
					<trkpt lat="43.234910" lon="5.670650">
						<ele>402</ele>
						<time>2025-01-21T15:25:17Z</time>
					</trkpt>
					<trkpt lat="43.235040" lon="5.670540">
						<ele>403</ele>
						<time>2025-01-21T15:25:20Z</time>
					</trkpt>
					<trkpt lat="43.235490" lon="5.670270">
						<ele>402</ele>
						<time>2025-01-21T15:25:28Z</time>
					</trkpt>
					<trkpt lat="43.235620" lon="5.670150">
						<ele>402</ele>
						<time>2025-01-21T15:25:31Z</time>
					</trkpt>
					<trkpt lat="43.235920" lon="5.669730">
						<ele>401</ele>
						<time>2025-01-21T15:25:39Z</time>
					</trkpt>
					<trkpt lat="43.236450" lon="5.668880">
						<ele>396</ele>
						<time>2025-01-21T15:25:53Z</time>
					</trkpt>
					<trkpt lat="43.236830" lon="5.668220">
						<ele>394</ele>
						<time>2025-01-21T15:26:04Z</time>
					</trkpt>
					<trkpt lat="43.237010" lon="5.668020">
						<ele>394</ele>
						<time>2025-01-21T15:26:08Z</time>
					</trkpt>
					<trkpt lat="43.237520" lon="5.667700">
						<ele>393</ele>
						<time>2025-01-21T15:26:18Z</time>
					</trkpt>
					<trkpt lat="43.237590" lon="5.667610">
						<ele>394</ele>
						<time>2025-01-21T15:26:20Z</time>
					</trkpt>
					<trkpt lat="43.237660" lon="5.667450">
						<ele>394</ele>
						<time>2025-01-21T15:26:23Z</time>
					</trkpt>
					<trkpt lat="43.237800" lon="5.666330">
						<ele>393</ele>
						<time>2025-01-21T15:26:37Z</time>
					</trkpt>
					<trkpt lat="43.237870" lon="5.666140">
						<ele>392</ele>
						<time>2025-01-21T15:26:40Z</time>
					</trkpt>
					<trkpt lat="43.238110" lon="5.665720">
						<ele>392</ele>
						<time>2025-01-21T15:26:47Z</time>
					</trkpt>
					<trkpt lat="43.238170" lon="5.665450">
						<ele>392</ele>
						<time>2025-01-21T15:26:51Z</time>
					</trkpt>
					<trkpt lat="43.237900" lon="5.663980">
						<ele>388</ele>
						<time>2025-01-21T15:27:10Z</time>
					</trkpt>
					<trkpt lat="43.237820" lon="5.663830">
						<ele>386</ele>
						<time>2025-01-21T15:27:13Z</time>
					</trkpt>
					<trkpt lat="43.237590" lon="5.663600">
						<ele>383</ele>
						<time>2025-01-21T15:27:18Z</time>
					</trkpt>
					<trkpt lat="43.237510" lon="5.663470">
						<ele>382</ele>
						<time>2025-01-21T15:27:20Z</time>
					</trkpt>
					<trkpt lat="43.237440" lon="5.663270">
						<ele>382</ele>
						<time>2025-01-21T15:27:23Z</time>
					</trkpt>
					<trkpt lat="43.237460" lon="5.663010">
						<ele>382</ele>
						<time>2025-01-21T15:27:26Z</time>
					</trkpt>
					<trkpt lat="43.237620" lon="5.662490">
						<ele>381</ele>
						<time>2025-01-21T15:27:34Z</time>
					</trkpt>
					<trkpt lat="43.237770" lon="5.662280">
						<ele>380</ele>
						<time>2025-01-21T15:27:37Z</time>
					</trkpt>
					<trkpt lat="43.237920" lon="5.662180">
						<ele>380</ele>
						<time>2025-01-21T15:27:40Z</time>
					</trkpt>
					<trkpt lat="43.238000" lon="5.662150">
						<ele>380</ele>
						<time>2025-01-21T15:27:42Z</time>
					</trkpt>
					<trkpt lat="43.238420" lon="5.662160">
						<ele>379</ele>
						<time>2025-01-21T15:27:49Z</time>
					</trkpt>
					<trkpt lat="43.238580" lon="5.662120">
						<ele>379</ele>
						<time>2025-01-21T15:27:52Z</time>
					</trkpt>
					<trkpt lat="43.238650" lon="5.662060">
						<ele>379</ele>
						<time>2025-01-21T15:27:54Z</time>
					</trkpt>
					<trkpt lat="43.238760" lon="5.661900">
						<ele>379</ele>
						<time>2025-01-21T15:27:56Z</time>
					</trkpt>
					<trkpt lat="43.239020" lon="5.661290">
						<ele>378</ele>
						<time>2025-01-21T15:28:06Z</time>
					</trkpt>
					<trkpt lat="43.239090" lon="5.661190">
						<ele>379</ele>
						<time>2025-01-21T15:28:07Z</time>
					</trkpt>
					<trkpt lat="43.239310" lon="5.661000">
						<ele>378</ele>
						<time>2025-01-21T15:28:12Z</time>
					</trkpt>
					<trkpt lat="43.240040" lon="5.660690">
						<ele>372</ele>
						<time>2025-01-21T15:28:26Z</time>
					</trkpt>
					<trkpt lat="43.240320" lon="5.660490">
						<ele>373</ele>
						<time>2025-01-21T15:28:31Z</time>
					</trkpt>
					<trkpt lat="43.240780" lon="5.660230">
						<ele>369</ele>
						<time>2025-01-21T15:28:40Z</time>
					</trkpt>
					<trkpt lat="43.241700" lon="5.660010">
						<ele>364</ele>
						<time>2025-01-21T15:28:57Z</time>
					</trkpt>
					<trkpt lat="43.241920" lon="5.660010">
						<ele>363</ele>
						<time>2025-01-21T15:29:01Z</time>
					</trkpt>
					<trkpt lat="43.242330" lon="5.660160">
						<ele>361</ele>
						<time>2025-01-21T15:29:08Z</time>
					</trkpt>
					<trkpt lat="43.242730" lon="5.660490">
						<ele>359</ele>
						<time>2025-01-21T15:29:16Z</time>
					</trkpt>
					<trkpt lat="43.243020" lon="5.660790">
						<ele>356</ele>
						<time>2025-01-21T15:29:23Z</time>
					</trkpt>
					<trkpt lat="43.243560" lon="5.661470">
						<ele>352</ele>
						<time>2025-01-21T15:29:36Z</time>
					</trkpt>
					<trkpt lat="43.243650" lon="5.661510">
						<ele>351</ele>
						<time>2025-01-21T15:29:38Z</time>
					</trkpt>
					<trkpt lat="43.243760" lon="5.661490">
						<ele>350</ele>
						<time>2025-01-21T15:29:40Z</time>
					</trkpt>
					<trkpt lat="43.244160" lon="5.661270">
						<ele>349</ele>
						<time>2025-01-21T15:29:47Z</time>
					</trkpt>
					<trkpt lat="43.244300" lon="5.661210">
						<ele>350</ele>
						<time>2025-01-21T15:29:50Z</time>
					</trkpt>
					<trkpt lat="43.244410" lon="5.661200">
						<ele>351</ele>
						<time>2025-01-21T15:29:52Z</time>
					</trkpt>
					<trkpt lat="43.244520" lon="5.661240">
						<ele>351</ele>
						<time>2025-01-21T15:29:54Z</time>
					</trkpt>
					<trkpt lat="43.244640" lon="5.661320">
						<ele>351</ele>
						<time>2025-01-21T15:29:56Z</time>
					</trkpt>
					<trkpt lat="43.244710" lon="5.661400">
						<ele>351</ele>
						<time>2025-01-21T15:29:58Z</time>
					</trkpt>
					<trkpt lat="43.245240" lon="5.662240">
						<ele>348</ele>
						<time>2025-01-21T15:30:12Z</time>
					</trkpt>
					<trkpt lat="43.245340" lon="5.662300">
						<ele>348</ele>
						<time>2025-01-21T15:30:14Z</time>
					</trkpt>
					<trkpt lat="43.245480" lon="5.662320">
						<ele>349</ele>
						<time>2025-01-21T15:30:17Z</time>
					</trkpt>
					<trkpt lat="43.245790" lon="5.662260">
						<ele>352</ele>
						<time>2025-01-21T15:30:22Z</time>
					</trkpt>
					<trkpt lat="43.245980" lon="5.662250">
						<ele>354</ele>
						<time>2025-01-21T15:30:26Z</time>
					</trkpt>
					<trkpt lat="43.246320" lon="5.662370">
						<ele>354</ele>
						<time>2025-01-21T15:30:32Z</time>
					</trkpt>
					<trkpt lat="43.246730" lon="5.662680">
						<ele>352</ele>
						<time>2025-01-21T15:30:40Z</time>
					</trkpt>
					<trkpt lat="43.246810" lon="5.662790">
						<ele>352</ele>
						<time>2025-01-21T15:30:42Z</time>
					</trkpt>
					<trkpt lat="43.247130" lon="5.663470">
						<ele>347</ele>
						<time>2025-01-21T15:30:53Z</time>
					</trkpt>
					<trkpt lat="43.247260" lon="5.663630">
						<ele>346</ele>
						<time>2025-01-21T15:30:56Z</time>
					</trkpt>
					<trkpt lat="43.247910" lon="5.663910">
						<ele>343</ele>
						<time>2025-01-21T15:31:08Z</time>
					</trkpt>
					<trkpt lat="43.248190" lon="5.663870">
						<ele>344</ele>
						<time>2025-01-21T15:31:13Z</time>
					</trkpt>
					<trkpt lat="43.248510" lon="5.663720">
						<ele>349</ele>
						<time>2025-01-21T15:31:19Z</time>
					</trkpt>
					<trkpt lat="43.248640" lon="5.663740">
						<ele>350</ele>
						<time>2025-01-21T15:31:21Z</time>
					</trkpt>
					<trkpt lat="43.248710" lon="5.663840">
						<ele>350</ele>
						<time>2025-01-21T15:31:23Z</time>
					</trkpt>
					<trkpt lat="43.248740" lon="5.664030">
						<ele>347</ele>
						<time>2025-01-21T15:31:26Z</time>
					</trkpt>
					<trkpt lat="43.248710" lon="5.664150">
						<ele>346</ele>
						<time>2025-01-21T15:31:27Z</time>
					</trkpt>
					<trkpt lat="43.248580" lon="5.664420">
						<ele>338</ele>
						<time>2025-01-21T15:31:32Z</time>
					</trkpt>
					<trkpt lat="43.248560" lon="5.664820">
						<ele>331</ele>
						<time>2025-01-21T15:31:37Z</time>
					</trkpt>
					<trkpt lat="43.248590" lon="5.664920">
						<ele>329</ele>
						<time>2025-01-21T15:31:38Z</time>
					</trkpt>
					<trkpt lat="43.248680" lon="5.665030">
						<ele>328</ele>
						<time>2025-01-21T15:31:40Z</time>
					</trkpt>
					<trkpt lat="43.249150" lon="5.665080">
						<ele>333</ele>
						<time>2025-01-21T15:31:49Z</time>
					</trkpt>
					<trkpt lat="43.249440" lon="5.665170">
						<ele>332</ele>
						<time>2025-01-21T15:31:54Z</time>
					</trkpt>
					<trkpt lat="43.250660" lon="5.665450">
						<ele>325</ele>
						<time>2025-01-21T15:32:16Z</time>
					</trkpt>
					<trkpt lat="43.250870" lon="5.665530">
						<ele>323</ele>
						<time>2025-01-21T15:32:20Z</time>
					</trkpt>
					<trkpt lat="43.251070" lon="5.665710">
						<ele>319</ele>
						<time>2025-01-21T15:32:24Z</time>
					</trkpt>
					<trkpt lat="43.251310" lon="5.666010">
						<ele>314</ele>
						<time>2025-01-21T15:32:30Z</time>
					</trkpt>
					<trkpt lat="43.251740" lon="5.666620">
						<ele>309</ele>
						<time>2025-01-21T15:32:41Z</time>
					</trkpt>
					<trkpt lat="43.251880" lon="5.666750">
						<ele>308</ele>
						<time>2025-01-21T15:32:44Z</time>
					</trkpt>
					<trkpt lat="43.252200" lon="5.666900">
						<ele>307</ele>
						<time>2025-01-21T15:32:50Z</time>
					</trkpt>
					<trkpt lat="43.252250" lon="5.666950">
						<ele>306</ele>
						<time>2025-01-21T15:32:51Z</time>
					</trkpt>
					<trkpt lat="43.252290" lon="5.667140">
						<ele>304</ele>
						<time>2025-01-21T15:32:54Z</time>
					</trkpt>
					<trkpt lat="43.252260" lon="5.668040">
						<ele>296</ele>
						<time>2025-01-21T15:33:05Z</time>
					</trkpt>
					<trkpt lat="43.252290" lon="5.668370">
						<ele>294</ele>
						<time>2025-01-21T15:33:10Z</time>
					</trkpt>
					<trkpt lat="43.252500" lon="5.668950">
						<ele>291</ele>
						<time>2025-01-21T15:33:18Z</time>
					</trkpt>
					<trkpt lat="43.252670" lon="5.669170">
						<ele>288</ele>
						<time>2025-01-21T15:33:22Z</time>
					</trkpt>
					<trkpt lat="43.252890" lon="5.669310">
						<ele>287</ele>
						<time>2025-01-21T15:33:26Z</time>
					</trkpt>
					<trkpt lat="43.253110" lon="5.669370">
						<ele>286</ele>
						<time>2025-01-21T15:33:30Z</time>
					</trkpt>
					<trkpt lat="43.254450" lon="5.669880">
						<ele>275</ele>
						<time>2025-01-21T15:33:55Z</time>
					</trkpt>
					<trkpt lat="43.254700" lon="5.669930">
						<ele>274</ele>
						<time>2025-01-21T15:34:00Z</time>
					</trkpt>
					<trkpt lat="43.254900" lon="5.669940">
						<ele>273</ele>
						<time>2025-01-21T15:34:03Z</time>
					</trkpt>
					<trkpt lat="43.255490" lon="5.669860">
						<ele>271</ele>
						<time>2025-01-21T15:34:14Z</time>
					</trkpt>
					<trkpt lat="43.255620" lon="5.669810">
						<ele>270</ele>
						<time>2025-01-21T15:34:16Z</time>
					</trkpt>
					<trkpt lat="43.255790" lon="5.669700">
						<ele>270</ele>
						<time>2025-01-21T15:34:19Z</time>
					</trkpt>
					<trkpt lat="43.256380" lon="5.669120">
						<ele>267</ele>
						<time>2025-01-21T15:34:32Z</time>
					</trkpt>
					<trkpt lat="43.256500" lon="5.669060">
						<ele>266</ele>
						<time>2025-01-21T15:34:35Z</time>
					</trkpt>
					<trkpt lat="43.257240" lon="5.668880">
						<ele>265</ele>
						<time>2025-01-21T15:34:48Z</time>
					</trkpt>
					<trkpt lat="43.257460" lon="5.668750">
						<ele>265</ele>
						<time>2025-01-21T15:34:52Z</time>
					</trkpt>
					<trkpt lat="43.258130" lon="5.668190">
						<ele>262</ele>
						<time>2025-01-21T15:35:06Z</time>
					</trkpt>
					<trkpt lat="43.258290" lon="5.668030">
						<ele>262</ele>
						<time>2025-01-21T15:35:10Z</time>
					</trkpt>
					<trkpt lat="43.258260" lon="5.667970">
						<ele>263</ele>
						<time>2025-01-21T15:35:11Z</time>
					</trkpt>
					<trkpt lat="43.258250" lon="5.667860">
						<ele>263</ele>
						<time>2025-01-21T15:35:12Z</time>
					</trkpt>
					<trkpt lat="43.258260" lon="5.667770">
						<ele>264</ele>
						<time>2025-01-21T15:35:13Z</time>
					</trkpt>
					<trkpt lat="43.258320" lon="5.667630">
						<ele>264</ele>
						<time>2025-01-21T15:35:15Z</time>
					</trkpt>
					<trkpt lat="43.258460" lon="5.667470">
						<ele>262</ele>
						<time>2025-01-21T15:35:19Z</time>
					</trkpt>
					<trkpt lat="43.258660" lon="5.667330">
						<ele>260</ele>
						<time>2025-01-21T15:35:23Z</time>
					</trkpt>
					<trkpt lat="43.258960" lon="5.667070">
						<ele>257</ele>
						<time>2025-01-21T15:35:29Z</time>
					</trkpt>
					<trkpt lat="43.259080" lon="5.666910">
						<ele>255</ele>
						<time>2025-01-21T15:35:32Z</time>
					</trkpt>
					<trkpt lat="43.259160" lon="5.666690">
						<ele>254</ele>
						<time>2025-01-21T15:35:35Z</time>
					</trkpt>
					<trkpt lat="43.259180" lon="5.666540">
						<ele>254</ele>
						<time>2025-01-21T15:35:37Z</time>
					</trkpt>
					<trkpt lat="43.259170" lon="5.665920">
						<ele>257</ele>
						<time>2025-01-21T15:35:45Z</time>
					</trkpt>
					<trkpt lat="43.259130" lon="5.665750">
						<ele>257</ele>
						<time>2025-01-21T15:35:47Z</time>
					</trkpt>
					<trkpt lat="43.259010" lon="5.665520">
						<ele>257</ele>
						<time>2025-01-21T15:35:51Z</time>
					</trkpt>
					<trkpt lat="43.258800" lon="5.665350">
						<ele>259</ele>
						<time>2025-01-21T15:35:55Z</time>
					</trkpt>
					<trkpt lat="43.258480" lon="5.665200">
						<ele>263</ele>
						<time>2025-01-21T15:36:01Z</time>
					</trkpt>
					<trkpt lat="43.258250" lon="5.665140">
						<ele>266</ele>
						<time>2025-01-21T15:36:06Z</time>
					</trkpt>
					<trkpt lat="43.258110" lon="5.665140">
						<ele>268</ele>
						<time>2025-01-21T15:36:08Z</time>
					</trkpt>
					<trkpt lat="43.257790" lon="5.665210">
						<ele>273</ele>
						<time>2025-01-21T15:36:14Z</time>
					</trkpt>
					<trkpt lat="43.257700" lon="5.665170">
						<ele>273</ele>
						<time>2025-01-21T15:36:16Z</time>
					</trkpt>
					<trkpt lat="43.257640" lon="5.665050">
						<ele>273</ele>
						<time>2025-01-21T15:36:17Z</time>
					</trkpt>
					<trkpt lat="43.257640" lon="5.664920">
						<ele>274</ele>
						<time>2025-01-21T15:36:19Z</time>
					</trkpt>
					<trkpt lat="43.257710" lon="5.664780">
						<ele>274</ele>
						<time>2025-01-21T15:36:21Z</time>
					</trkpt>
					<trkpt lat="43.258140" lon="5.664440">
						<ele>272</ele>
						<time>2025-01-21T15:36:30Z</time>
					</trkpt>
					<trkpt lat="43.258300" lon="5.664260">
						<ele>272</ele>
						<time>2025-01-21T15:36:34Z</time>
					</trkpt>
					<trkpt lat="43.258400" lon="5.663930">
						<ele>270</ele>
						<time>2025-01-21T15:36:39Z</time>
					</trkpt>
					<trkpt lat="43.258400" lon="5.663700">
						<ele>270</ele>
						<time>2025-01-21T15:36:41Z</time>
					</trkpt>
					<trkpt lat="43.258350" lon="5.663280">
						<ele>271</ele>
						<time>2025-01-21T15:36:47Z</time>
					</trkpt>
					<trkpt lat="43.258230" lon="5.663000">
						<ele>272</ele>
						<time>2025-01-21T15:36:51Z</time>
					</trkpt>
					<trkpt lat="43.258080" lon="5.662860">
						<ele>274</ele>
						<time>2025-01-21T15:36:54Z</time>
					</trkpt>
					<trkpt lat="43.257830" lon="5.662780">
						<ele>279</ele>
						<time>2025-01-21T15:36:59Z</time>
					</trkpt>
					<trkpt lat="43.257720" lon="5.662720">
						<ele>281</ele>
						<time>2025-01-21T15:37:01Z</time>
					</trkpt>
					<trkpt lat="43.257620" lon="5.662590">
						<ele>284</ele>
						<time>2025-01-21T15:37:04Z</time>
					</trkpt>
					<trkpt lat="43.257580" lon="5.662470">
						<ele>285</ele>
						<time>2025-01-21T15:37:05Z</time>
					</trkpt>
					<trkpt lat="43.257540" lon="5.661950">
						<ele>286</ele>
						<time>2025-01-21T15:37:12Z</time>
					</trkpt>
					<trkpt lat="43.257440" lon="5.661770">
						<ele>288</ele>
						<time>2025-01-21T15:37:15Z</time>
					</trkpt>
					<trkpt lat="43.257310" lon="5.661650">
						<ele>291</ele>
						<time>2025-01-21T15:37:18Z</time>
					</trkpt>
					<trkpt lat="43.257250" lon="5.661550">
						<ele>293</ele>
						<time>2025-01-21T15:37:19Z</time>
					</trkpt>
					<trkpt lat="43.257220" lon="5.661430">
						<ele>294</ele>
						<time>2025-01-21T15:37:21Z</time>
					</trkpt>
					<trkpt lat="43.257230" lon="5.661210">
						<ele>295</ele>
						<time>2025-01-21T15:37:24Z</time>
					</trkpt>
					<trkpt lat="43.257480" lon="5.660390">
						<ele>295</ele>
						<time>2025-01-21T15:37:35Z</time>
					</trkpt>
					<trkpt lat="43.257530" lon="5.660070">
						<ele>296</ele>
						<time>2025-01-21T15:37:40Z</time>
					</trkpt>
					<trkpt lat="43.257530" lon="5.659780">
						<ele>296</ele>
						<time>2025-01-21T15:37:43Z</time>
					</trkpt>
					<trkpt lat="43.257500" lon="5.659560">
						<ele>296</ele>
						<time>2025-01-21T15:37:46Z</time>
					</trkpt>
					<trkpt lat="43.257380" lon="5.659190">
						<ele>298</ele>
						<time>2025-01-21T15:37:52Z</time>
					</trkpt>
					<trkpt lat="43.257300" lon="5.658850">
						<ele>301</ele>
						<time>2025-01-21T15:37:56Z</time>
					</trkpt>
					<trkpt lat="43.257310" lon="5.658360">
						<ele>303</ele>
						<time>2025-01-21T15:38:03Z</time>
					</trkpt>
					<trkpt lat="43.257480" lon="5.657360">
						<ele>306</ele>
						<time>2025-01-21T15:38:16Z</time>
					</trkpt>
					<trkpt lat="43.257500" lon="5.657010">
						<ele>306</ele>
						<time>2025-01-21T15:38:20Z</time>
					</trkpt>
					<trkpt lat="43.257490" lon="5.656900">
						<ele>306</ele>
						<time>2025-01-21T15:38:22Z</time>
					</trkpt>
					<trkpt lat="43.257420" lon="5.656690">
						<ele>308</ele>
						<time>2025-01-21T15:38:25Z</time>
					</trkpt>
					<trkpt lat="43.257240" lon="5.656300">
						<ele>313</ele>
						<time>2025-01-21T15:38:31Z</time>
					</trkpt>
					<trkpt lat="43.257160" lon="5.656010">
						<ele>316</ele>
						<time>2025-01-21T15:38:35Z</time>
					</trkpt>
					<trkpt lat="43.257150" lon="5.655880">
						<ele>317</ele>
						<time>2025-01-21T15:38:37Z</time>
					</trkpt>
					<trkpt lat="43.257170" lon="5.655580">
						<ele>317</ele>
						<time>2025-01-21T15:38:40Z</time>
					</trkpt>
					<trkpt lat="43.257310" lon="5.654910">
						<ele>314</ele>
						<time>2025-01-21T15:38:50Z</time>
					</trkpt>
					<trkpt lat="43.257350" lon="5.654590">
						<ele>314</ele>
						<time>2025-01-21T15:38:54Z</time>
					</trkpt>
					<trkpt lat="43.257250" lon="5.653990">
						<ele>314</ele>
						<time>2025-01-21T15:39:02Z</time>
					</trkpt>
					<trkpt lat="43.257050" lon="5.653070">
						<ele>312</ele>
						<time>2025-01-21T15:39:14Z</time>
					</trkpt>
					<trkpt lat="43.256260" lon="5.648950">
						<ele>307</ele>
						<time>2025-01-21T15:40:09Z</time>
					</trkpt>
					<trkpt lat="43.256300" lon="5.648730">
						<ele>307</ele>
						<time>2025-01-21T15:40:12Z</time>
					</trkpt>
					<trkpt lat="43.256470" lon="5.648480">
						<ele>307</ele>
						<time>2025-01-21T15:40:17Z</time>
					</trkpt>
					<trkpt lat="43.256610" lon="5.648410">
						<ele>307</ele>
						<time>2025-01-21T15:40:19Z</time>
					</trkpt>
					<trkpt lat="43.256910" lon="5.648370">
						<ele>307</ele>
						<time>2025-01-21T15:40:25Z</time>
					</trkpt>
					<trkpt lat="43.257090" lon="5.648320">
						<ele>308</ele>
						<time>2025-01-21T15:40:28Z</time>
					</trkpt>
					<trkpt lat="43.257220" lon="5.648240">
						<ele>309</ele>
						<time>2025-01-21T15:40:31Z</time>
					</trkpt>
					<trkpt lat="43.258260" lon="5.647180">
						<ele>312</ele>
						<time>2025-01-21T15:40:54Z</time>
					</trkpt>
					<trkpt lat="43.258560" lon="5.646850">
						<ele>313</ele>
						<time>2025-01-21T15:41:00Z</time>
					</trkpt>
					<trkpt lat="43.258690" lon="5.646660">
						<ele>314</ele>
						<time>2025-01-21T15:41:04Z</time>
					</trkpt>
					<trkpt lat="43.259000" lon="5.645990">
						<ele>318</ele>
						<time>2025-01-21T15:41:14Z</time>
					</trkpt>
					<trkpt lat="43.259080" lon="5.645780">
						<ele>319</ele>
						<time>2025-01-21T15:41:17Z</time>
					</trkpt>
					<trkpt lat="43.259150" lon="5.645390">
						<ele>320</ele>
						<time>2025-01-21T15:41:22Z</time>
					</trkpt>
					<trkpt lat="43.259100" lon="5.644880">
						<ele>322</ele>
						<time>2025-01-21T15:41:29Z</time>
					</trkpt>
					<trkpt lat="43.259000" lon="5.644640">
						<ele>323</ele>
						<time>2025-01-21T15:41:33Z</time>
					</trkpt>
					<trkpt lat="43.258720" lon="5.644290">
						<ele>326</ele>
						<time>2025-01-21T15:41:39Z</time>
					</trkpt>
					<trkpt lat="43.258620" lon="5.644040">
						<ele>328</ele>
						<time>2025-01-21T15:41:43Z</time>
					</trkpt>
					<trkpt lat="43.258620" lon="5.643860">
						<ele>329</ele>
						<time>2025-01-21T15:41:45Z</time>
					</trkpt>
					<trkpt lat="43.258640" lon="5.643740">
						<ele>329</ele>
						<time>2025-01-21T15:41:47Z</time>
					</trkpt>
					<trkpt lat="43.258940" lon="5.643060">
						<ele>331</ele>
						<time>2025-01-21T15:41:57Z</time>
					</trkpt>
					<trkpt lat="43.259010" lon="5.642850">
						<ele>332</ele>
						<time>2025-01-21T15:42:00Z</time>
					</trkpt>
					<trkpt lat="43.259040" lon="5.642660">
						<ele>334</ele>
						<time>2025-01-21T15:42:03Z</time>
					</trkpt>
					<trkpt lat="43.259020" lon="5.642340">
						<ele>335</ele>
						<time>2025-01-21T15:42:07Z</time>
					</trkpt>
					<trkpt lat="43.258930" lon="5.641960">
						<ele>336</ele>
						<time>2025-01-21T15:42:12Z</time>
					</trkpt>
					<trkpt lat="43.258780" lon="5.641660">
						<ele>337</ele>
						<time>2025-01-21T15:42:17Z</time>
					</trkpt>
					<trkpt lat="43.258610" lon="5.641510">
						<ele>338</ele>
						<time>2025-01-21T15:42:20Z</time>
					</trkpt>
					<trkpt lat="43.257930" lon="5.641150">
						<ele>341</ele>
						<time>2025-01-21T15:42:33Z</time>
					</trkpt>
					<trkpt lat="43.257770" lon="5.640990">
						<ele>342</ele>
						<time>2025-01-21T15:42:37Z</time>
					</trkpt>
					<trkpt lat="43.257690" lon="5.640870">
						<ele>342</ele>
						<time>2025-01-21T15:42:39Z</time>
					</trkpt>
					<trkpt lat="43.257640" lon="5.640730">
						<ele>342</ele>
						<time>2025-01-21T15:42:41Z</time>
					</trkpt>
					<trkpt lat="43.257620" lon="5.640420">
						<ele>343</ele>
						<time>2025-01-21T15:42:45Z</time>
					</trkpt>
					<trkpt lat="43.257790" lon="5.639630">
						<ele>344</ele>
						<time>2025-01-21T15:42:56Z</time>
					</trkpt>
					<trkpt lat="43.257800" lon="5.639310">
						<ele>344</ele>
						<time>2025-01-21T15:43:00Z</time>
					</trkpt>
					<trkpt lat="43.257760" lon="5.639140">
						<ele>345</ele>
						<time>2025-01-21T15:43:02Z</time>
					</trkpt>
					<trkpt lat="43.257420" lon="5.638600">
						<ele>347</ele>
						<time>2025-01-21T15:43:11Z</time>
					</trkpt>
					<trkpt lat="43.257340" lon="5.638350">
						<ele>347</ele>
						<time>2025-01-21T15:43:15Z</time>
					</trkpt>
					<trkpt lat="43.257320" lon="5.638000">
						<ele>348</ele>
						<time>2025-01-21T15:43:20Z</time>
					</trkpt>
					<trkpt lat="43.257440" lon="5.636780">
						<ele>349</ele>
						<time>2025-01-21T15:43:36Z</time>
					</trkpt>
					<trkpt lat="43.257440" lon="5.636580">
						<ele>349</ele>
						<time>2025-01-21T15:43:38Z</time>
					</trkpt>
					<trkpt lat="43.257400" lon="5.636190">
						<ele>349</ele>
						<time>2025-01-21T15:43:43Z</time>
					</trkpt>
					<trkpt lat="43.257270" lon="5.635840">
						<ele>349</ele>
						<time>2025-01-21T15:43:48Z</time>
					</trkpt>
					<trkpt lat="43.257070" lon="5.635560">
						<ele>350</ele>
						<time>2025-01-21T15:43:53Z</time>
					</trkpt>
					<trkpt lat="43.256880" lon="5.635410">
						<ele>351</ele>
						<time>2025-01-21T15:43:57Z</time>
					</trkpt>
					<trkpt lat="43.256030" lon="5.635000">
						<ele>357</ele>
						<time>2025-01-21T15:44:13Z</time>
					</trkpt>
					<trkpt lat="43.255530" lon="5.634720">
						<ele>358</ele>
						<time>2025-01-21T15:44:23Z</time>
					</trkpt>
					<trkpt lat="43.254560" lon="5.633680">
						<ele>357</ele>
						<time>2025-01-21T15:44:45Z</time>
					</trkpt>
					<trkpt lat="43.254420" lon="5.633490">
						<ele>356</ele>
						<time>2025-01-21T15:44:48Z</time>
					</trkpt>
					<trkpt lat="43.254310" lon="5.633280">
						<ele>354</ele>
						<time>2025-01-21T15:44:52Z</time>
					</trkpt>
					<trkpt lat="43.254090" lon="5.632780">
						<ele>352</ele>
						<time>2025-01-21T15:44:59Z</time>
					</trkpt>
					<trkpt lat="43.253970" lon="5.632400">
						<ele>349</ele>
						<time>2025-01-21T15:45:05Z</time>
					</trkpt>
					<trkpt lat="43.253830" lon="5.631220">
						<ele>347</ele>
						<time>2025-01-21T15:45:20Z</time>
					</trkpt>
					<trkpt lat="43.253710" lon="5.630880">
						<ele>345</ele>
						<time>2025-01-21T15:45:25Z</time>
					</trkpt>
					<trkpt lat="43.253490" lon="5.630490">
						<ele>343</ele>
						<time>2025-01-21T15:45:31Z</time>
					</trkpt>
					<trkpt lat="43.253430" lon="5.630250">
						<ele>342</ele>
						<time>2025-01-21T15:45:35Z</time>
					</trkpt>
					<trkpt lat="43.253360" lon="5.629650">
						<ele>341</ele>
						<time>2025-01-21T15:45:43Z</time>
					</trkpt>
					<trkpt lat="43.253290" lon="5.629290">
						<ele>341</ele>
						<time>2025-01-21T15:45:47Z</time>
					</trkpt>
					<trkpt lat="43.252830" lon="5.627880">
						<ele>335</ele>
						<time>2025-01-21T15:46:07Z</time>
					</trkpt>
					<trkpt lat="43.252670" lon="5.627320">
						<ele>330</ele>
						<time>2025-01-21T15:46:15Z</time>
					</trkpt>
					<trkpt lat="43.252620" lon="5.626920">
						<ele>327</ele>
						<time>2025-01-21T15:46:20Z</time>
					</trkpt>
					<trkpt lat="43.252610" lon="5.626490">
						<ele>325</ele>
						<time>2025-01-21T15:46:26Z</time>
					</trkpt>
					<trkpt lat="43.252640" lon="5.625690">
						<ele>323</ele>
						<time>2025-01-21T15:46:36Z</time>
					</trkpt>
					<trkpt lat="43.252610" lon="5.625370">
						<ele>322</ele>
						<time>2025-01-21T15:46:41Z</time>
					</trkpt>
					<trkpt lat="43.252310" lon="5.624260">
						<ele>319</ele>
						<time>2025-01-21T15:46:56Z</time>
					</trkpt>
					<trkpt lat="43.252170" lon="5.623890">
						<ele>320</ele>
						<time>2025-01-21T15:47:01Z</time>
					</trkpt>
					<trkpt lat="43.252040" lon="5.623740">
						<ele>320</ele>
						<time>2025-01-21T15:47:04Z</time>
					</trkpt>
					<trkpt lat="43.251840" lon="5.623620">
						<ele>322</ele>
						<time>2025-01-21T15:47:08Z</time>
					</trkpt>
					<trkpt lat="43.251450" lon="5.623550">
						<ele>322</ele>
						<time>2025-01-21T15:47:15Z</time>
					</trkpt>
					<trkpt lat="43.251200" lon="5.623470">
						<ele>321</ele>
						<time>2025-01-21T15:47:20Z</time>
					</trkpt>
					<trkpt lat="43.251130" lon="5.623410">
						<ele>321</ele>
						<time>2025-01-21T15:47:21Z</time>
					</trkpt>
					<trkpt lat="43.251070" lon="5.623270">
						<ele>321</ele>
						<time>2025-01-21T15:47:23Z</time>
					</trkpt>
					<trkpt lat="43.250990" lon="5.622630">
						<ele>318</ele>
						<time>2025-01-21T15:47:32Z</time>
					</trkpt>
					<trkpt lat="43.250470" lon="5.619440">
						<ele>314</ele>
						<time>2025-01-21T15:48:14Z</time>
					</trkpt>
					<trkpt lat="43.249960" lon="5.617300">
						<ele>309</ele>
						<time>2025-01-21T15:48:43Z</time>
					</trkpt>
					<trkpt lat="43.249620" lon="5.615990">
						<ele>312</ele>
						<time>2025-01-21T15:49:01Z</time>
					</trkpt>
					<trkpt lat="43.249570" lon="5.615670">
						<ele>313</ele>
						<time>2025-01-21T15:49:06Z</time>
					</trkpt>
					<trkpt lat="43.249570" lon="5.615430">
						<ele>314</ele>
						<time>2025-01-21T15:49:09Z</time>
					</trkpt>
					<trkpt lat="43.249650" lon="5.614420">
						<ele>314</ele>
						<time>2025-01-21T15:49:22Z</time>
					</trkpt>
					<trkpt lat="43.249650" lon="5.613650">
						<ele>313</ele>
						<time>2025-01-21T15:49:32Z</time>
					</trkpt>
					<trkpt lat="43.249620" lon="5.612950">
						<ele>312</ele>
						<time>2025-01-21T15:49:41Z</time>
					</trkpt>
					<trkpt lat="43.249540" lon="5.612080">
						<ele>307</ele>
						<time>2025-01-21T15:49:52Z</time>
					</trkpt>
					<trkpt lat="43.249530" lon="5.610710">
						<ele>300</ele>
						<time>2025-01-21T15:50:10Z</time>
					</trkpt>
					<trkpt lat="43.249250" lon="5.607810">
						<ele>296</ele>
						<time>2025-01-21T15:50:48Z</time>
					</trkpt>
					<trkpt lat="43.248770" lon="5.604120">
						<ele>280</ele>
						<time>2025-01-21T15:51:37Z</time>
					</trkpt>
					<trkpt lat="43.248310" lon="5.604340">
						<ele>275</ele>
						<time>2025-01-21T15:51:45Z</time>
					</trkpt>
					<trkpt lat="43.248100" lon="5.604410">
						<ele>276</ele>
						<time>2025-01-21T15:51:49Z</time>
					</trkpt>
					<trkpt lat="43.247950" lon="5.604410">
						<ele>276</ele>
						<time>2025-01-21T15:51:52Z</time>
					</trkpt>
					<trkpt lat="43.247660" lon="5.604340">
						<ele>277</ele>
						<time>2025-01-21T15:51:57Z</time>
					</trkpt>
					<trkpt lat="43.247560" lon="5.604340">
						<ele>277</ele>
						<time>2025-01-21T15:51:59Z</time>
					</trkpt>
					<trkpt lat="43.247050" lon="5.604490">
						<ele>280</ele>
						<time>2025-01-21T15:52:08Z</time>
					</trkpt>
					<trkpt lat="43.246910" lon="5.604480">
						<ele>280</ele>
						<time>2025-01-21T15:52:11Z</time>
					</trkpt>
					<trkpt lat="43.246790" lon="5.604360">
						<ele>281</ele>
						<time>2025-01-21T15:52:13Z</time>
					</trkpt>
					<trkpt lat="43.246430" lon="5.603580">
						<ele>283</ele>
						<time>2025-01-21T15:52:25Z</time>
					</trkpt>
					<trkpt lat="43.245910" lon="5.601880">
						<ele>282</ele>
						<time>2025-01-21T15:52:49Z</time>
					</trkpt>
					<trkpt lat="43.245370" lon="5.600780">
						<ele>283</ele>
						<time>2025-01-21T15:53:06Z</time>
					</trkpt>
					<trkpt lat="43.245300" lon="5.600720">
						<ele>283</ele>
						<time>2025-01-21T15:53:08Z</time>
					</trkpt>
					<trkpt lat="43.245140" lon="5.600720">
						<ele>283</ele>
						<time>2025-01-21T15:53:11Z</time>
					</trkpt>
					<trkpt lat="43.244480" lon="5.601170">
						<ele>289</ele>
						<time>2025-01-21T15:53:24Z</time>
					</trkpt>
					<trkpt lat="43.244330" lon="5.601240">
						<ele>290</ele>
						<time>2025-01-21T15:53:26Z</time>
					</trkpt>
					<trkpt lat="43.244190" lon="5.601220">
						<ele>292</ele>
						<time>2025-01-21T15:53:29Z</time>
					</trkpt>
					<trkpt lat="43.244130" lon="5.601160">
						<ele>292</ele>
						<time>2025-01-21T15:53:30Z</time>
					</trkpt>
					<trkpt lat="43.243480" lon="5.599640">
						<ele>294</ele>
						<time>2025-01-21T15:53:53Z</time>
					</trkpt>
					<trkpt lat="43.243420" lon="5.599150">
						<ele>296</ele>
						<time>2025-01-21T15:54:00Z</time>
					</trkpt>
					<trkpt lat="43.243360" lon="5.598860">
						<ele>296</ele>
						<time>2025-01-21T15:54:04Z</time>
					</trkpt>
					<trkpt lat="43.243290" lon="5.598720">
						<ele>297</ele>
						<time>2025-01-21T15:54:06Z</time>
					</trkpt>
					<trkpt lat="43.243040" lon="5.598360">
						<ele>300</ele>
						<time>2025-01-21T15:54:12Z</time>
					</trkpt>
					<trkpt lat="43.242980" lon="5.598220">
						<ele>301</ele>
						<time>2025-01-21T15:54:14Z</time>
					</trkpt>
					<trkpt lat="43.242520" lon="5.596880">
						<ele>306</ele>
						<time>2025-01-21T15:54:33Z</time>
					</trkpt>
					<trkpt lat="43.242420" lon="5.596530">
						<ele>309</ele>
						<time>2025-01-21T15:54:38Z</time>
					</trkpt>
					<trkpt lat="43.242240" lon="5.595560">
						<ele>309</ele>
						<time>2025-01-21T15:54:51Z</time>
					</trkpt>
					<trkpt lat="43.241970" lon="5.594730">
						<ele>308</ele>
						<time>2025-01-21T15:55:03Z</time>
					</trkpt>
					<trkpt lat="43.241860" lon="5.594290">
						<ele>306</ele>
						<time>2025-01-21T15:55:09Z</time>
					</trkpt>
					<trkpt lat="43.241650" lon="5.594020">
						<ele>307</ele>
						<time>2025-01-21T15:55:14Z</time>
					</trkpt>
					<trkpt lat="43.241530" lon="5.593990">
						<ele>310</ele>
						<time>2025-01-21T15:55:16Z</time>
					</trkpt>
					<trkpt lat="43.241450" lon="5.593940">
						<ele>311</ele>
						<time>2025-01-21T15:55:18Z</time>
					</trkpt>
					<trkpt lat="43.241200" lon="5.593620">
						<ele>314</ele>
						<time>2025-01-21T15:55:24Z</time>
					</trkpt>
					<trkpt lat="43.240930" lon="5.593360">
						<ele>315</ele>
						<time>2025-01-21T15:55:30Z</time>
					</trkpt>
					<trkpt lat="43.240060" lon="5.592860">
						<ele>322</ele>
						<time>2025-01-21T15:55:47Z</time>
					</trkpt>
					<trkpt lat="43.239790" lon="5.592830">
						<ele>324</ele>
						<time>2025-01-21T15:55:52Z</time>
					</trkpt>
					<trkpt lat="43.239540" lon="5.592900">
						<ele>326</ele>
						<time>2025-01-21T15:55:56Z</time>
					</trkpt>
					<trkpt lat="43.239070" lon="5.593150">
						<ele>330</ele>
						<time>2025-01-21T15:56:05Z</time>
					</trkpt>
					<trkpt lat="43.238890" lon="5.593310">
						<ele>332</ele>
						<time>2025-01-21T15:56:09Z</time>
					</trkpt>
					<trkpt lat="43.238720" lon="5.593620">
						<ele>335</ele>
						<time>2025-01-21T15:56:14Z</time>
					</trkpt>
					<trkpt lat="43.238410" lon="5.594470">
						<ele>337</ele>
						<time>2025-01-21T15:56:26Z</time>
					</trkpt>
					<trkpt lat="43.238330" lon="5.594550">
						<ele>337</ele>
						<time>2025-01-21T15:56:28Z</time>
					</trkpt>
					<trkpt lat="43.238240" lon="5.594530">
						<ele>338</ele>
						<time>2025-01-21T15:56:30Z</time>
					</trkpt>
					<trkpt lat="43.238190" lon="5.594490">
						<ele>339</ele>
						<time>2025-01-21T15:56:31Z</time>
					</trkpt>
					<trkpt lat="43.238150" lon="5.594380">
						<ele>340</ele>
						<time>2025-01-21T15:56:32Z</time>
					</trkpt>
					<trkpt lat="43.238180" lon="5.593770">
						<ele>339</ele>
						<time>2025-01-21T15:56:40Z</time>
					</trkpt>
					<trkpt lat="43.238090" lon="5.593390">
						<ele>340</ele>
						<time>2025-01-21T15:56:45Z</time>
					</trkpt>
					<trkpt lat="43.237940" lon="5.592940">
						<ele>341</ele>
						<time>2025-01-21T15:56:52Z</time>
					</trkpt>
					<trkpt lat="43.237810" lon="5.592630">
						<ele>341</ele>
						<time>2025-01-21T15:56:56Z</time>
					</trkpt>
					<trkpt lat="43.237640" lon="5.592350">
						<ele>339</ele>
						<time>2025-01-21T15:57:01Z</time>
					</trkpt>
					<trkpt lat="43.237470" lon="5.592120">
						<ele>337</ele>
						<time>2025-01-21T15:57:05Z</time>
					</trkpt>
					<trkpt lat="43.237240" lon="5.591870">
						<ele>338</ele>
						<time>2025-01-21T15:57:11Z</time>
					</trkpt>
					<trkpt lat="43.237070" lon="5.591750">
						<ele>340</ele>
						<time>2025-01-21T15:57:14Z</time>
					</trkpt>
					<trkpt lat="43.235860" lon="5.591050">
						<ele>341</ele>
						<time>2025-01-21T15:57:37Z</time>
					</trkpt>
					<trkpt lat="43.235300" lon="5.590570">
						<ele>339</ele>
						<time>2025-01-21T15:57:49Z</time>
					</trkpt>
					<trkpt lat="43.235200" lon="5.590510">
						<ele>340</ele>
						<time>2025-01-21T15:57:51Z</time>
					</trkpt>
					<trkpt lat="43.235110" lon="5.590480">
						<ele>342</ele>
						<time>2025-01-21T15:57:53Z</time>
					</trkpt>
					<trkpt lat="43.234950" lon="5.590500">
						<ele>345</ele>
						<time>2025-01-21T15:57:56Z</time>
					</trkpt>
					<trkpt lat="43.234360" lon="5.590860">
						<ele>346</ele>
						<time>2025-01-21T15:58:07Z</time>
					</trkpt>
					<trkpt lat="43.234250" lon="5.590890">
						<ele>345</ele>
						<time>2025-01-21T15:58:09Z</time>
					</trkpt>
					<trkpt lat="43.234170" lon="5.590890">
						<ele>346</ele>
						<time>2025-01-21T15:58:10Z</time>
					</trkpt>
					<trkpt lat="43.234060" lon="5.590850">
						<ele>345</ele>
						<time>2025-01-21T15:58:12Z</time>
					</trkpt>
					<trkpt lat="43.233910" lon="5.590710">
						<ele>343</ele>
						<time>2025-01-21T15:58:16Z</time>
					</trkpt>
					<trkpt lat="43.233820" lon="5.590540">
						<ele>341</ele>
						<time>2025-01-21T15:58:18Z</time>
					</trkpt>
					<trkpt lat="43.233780" lon="5.590350">
						<ele>340</ele>
						<time>2025-01-21T15:58:21Z</time>
					</trkpt>
					<trkpt lat="43.233820" lon="5.589310">
						<ele>339</ele>
						<time>2025-01-21T15:58:34Z</time>
					</trkpt>
					<trkpt lat="43.233810" lon="5.589100">
						<ele>337</ele>
						<time>2025-01-21T15:58:37Z</time>
					</trkpt>
					<trkpt lat="43.233710" lon="5.588830">
						<ele>331</ele>
						<time>2025-01-21T15:58:41Z</time>
					</trkpt>
					<trkpt lat="43.233600" lon="5.588700">
						<ele>328</ele>
						<time>2025-01-21T15:58:44Z</time>
					</trkpt>
					<trkpt lat="43.233480" lon="5.588620">
						<ele>328</ele>
						<time>2025-01-21T15:58:46Z</time>
					</trkpt>
					<trkpt lat="43.233370" lon="5.588590">
						<ele>327</ele>
						<time>2025-01-21T15:58:48Z</time>
					</trkpt>
					<trkpt lat="43.233280" lon="5.588590">
						<ele>328</ele>
						<time>2025-01-21T15:58:50Z</time>
					</trkpt>
					<trkpt lat="43.233170" lon="5.588630">
						<ele>329</ele>
						<time>2025-01-21T15:58:52Z</time>
					</trkpt>
					<trkpt lat="43.232760" lon="5.588960">
						<ele>332</ele>
						<time>2025-01-21T15:59:00Z</time>
					</trkpt>
					<trkpt lat="43.232230" lon="5.589440">
						<ele>325</ele>
						<time>2025-01-21T15:59:11Z</time>
					</trkpt>
					<trkpt lat="43.231990" lon="5.589610">
						<ele>320</ele>
						<time>2025-01-21T15:59:16Z</time>
					</trkpt>
					<trkpt lat="43.231810" lon="5.589640">
						<ele>319</ele>
						<time>2025-01-21T15:59:19Z</time>
					</trkpt>
					<trkpt lat="43.231650" lon="5.589560">
						<ele>318</ele>
						<time>2025-01-21T15:59:23Z</time>
					</trkpt>
					<trkpt lat="43.231510" lon="5.589350">
						<ele>317</ele>
						<time>2025-01-21T15:59:26Z</time>
					</trkpt>
					<trkpt lat="43.230930" lon="5.588040">
						<ele>310</ele>
						<time>2025-01-21T15:59:46Z</time>
					</trkpt>
					<trkpt lat="43.230640" lon="5.587580">
						<ele>309</ele>
						<time>2025-01-21T15:59:54Z</time>
					</trkpt>
					<trkpt lat="43.230580" lon="5.587410">
						<ele>308</ele>
						<time>2025-01-21T15:59:56Z</time>
					</trkpt>
					<trkpt lat="43.230550" lon="5.586710">
						<ele>295</ele>
						<time>2025-01-21T16:00:05Z</time>
					</trkpt>
					<trkpt lat="43.230490" lon="5.586540">
						<ele>291</ele>
						<time>2025-01-21T16:00:08Z</time>
					</trkpt>
					<trkpt lat="43.230380" lon="5.586420">
						<ele>289</ele>
						<time>2025-01-21T16:00:10Z</time>
					</trkpt>
					<trkpt lat="43.230320" lon="5.586390">
						<ele>289</ele>
						<time>2025-01-21T16:00:12Z</time>
					</trkpt>
					<trkpt lat="43.230230" lon="5.586370">
						<ele>290</ele>
						<time>2025-01-21T16:00:13Z</time>
					</trkpt>
					<trkpt lat="43.230080" lon="5.586420">
						<ele>293</ele>
						<time>2025-01-21T16:00:16Z</time>
					</trkpt>
					<trkpt lat="43.229480" lon="5.586840">
						<ele>295</ele>
						<time>2025-01-21T16:00:28Z</time>
					</trkpt>
					<trkpt lat="43.229310" lon="5.586930">
						<ele>294</ele>
						<time>2025-01-21T16:00:31Z</time>
					</trkpt>
					<trkpt lat="43.229050" lon="5.586990">
						<ele>293</ele>
						<time>2025-01-21T16:00:36Z</time>
					</trkpt>
					<trkpt lat="43.228260" lon="5.587080">
						<ele>285</ele>
						<time>2025-01-21T16:00:50Z</time>
					</trkpt>
					<trkpt lat="43.227930" lon="5.587200">
						<ele>281</ele>
						<time>2025-01-21T16:00:56Z</time>
					</trkpt>
					<trkpt lat="43.227680" lon="5.587370">
						<ele>279</ele>
						<time>2025-01-21T16:01:01Z</time>
					</trkpt>
					<trkpt lat="43.227220" lon="5.587820">
						<ele>277</ele>
						<time>2025-01-21T16:01:11Z</time>
					</trkpt>
					<trkpt lat="43.227050" lon="5.587890">
						<ele>276</ele>
						<time>2025-01-21T16:01:14Z</time>
					</trkpt>
					<trkpt lat="43.226890" lon="5.587840">
						<ele>274</ele>
						<time>2025-01-21T16:01:17Z</time>
					</trkpt>
					<trkpt lat="43.226810" lon="5.587750">
						<ele>272</ele>
						<time>2025-01-21T16:01:19Z</time>
					</trkpt>
					<trkpt lat="43.226750" lon="5.587570">
						<ele>270</ele>
						<time>2025-01-21T16:01:22Z</time>
					</trkpt>
					<trkpt lat="43.226760" lon="5.587360">
						<ele>268</ele>
						<time>2025-01-21T16:01:24Z</time>
					</trkpt>
					<trkpt lat="43.226790" lon="5.587260">
						<ele>267</ele>
						<time>2025-01-21T16:01:26Z</time>
					</trkpt>
					<trkpt lat="43.226940" lon="5.587060">
						<ele>265</ele>
						<time>2025-01-21T16:01:29Z</time>
					</trkpt>
					<trkpt lat="43.227330" lon="5.586730">
						<ele>264</ele>
						<time>2025-01-21T16:01:38Z</time>
					</trkpt>
					<trkpt lat="43.227480" lon="5.586560">
						<ele>263</ele>
						<time>2025-01-21T16:01:41Z</time>
					</trkpt>
					<trkpt lat="43.227790" lon="5.586070">
						<ele>262</ele>
						<time>2025-01-21T16:01:49Z</time>
					</trkpt>
					<trkpt lat="43.227850" lon="5.585960">
						<ele>261</ele>
						<time>2025-01-21T16:01:51Z</time>
					</trkpt>
					<trkpt lat="43.227930" lon="5.585710">
						<ele>261</ele>
						<time>2025-01-21T16:01:55Z</time>
					</trkpt>
					<trkpt lat="43.227930" lon="5.585560">
						<ele>260</ele>
						<time>2025-01-21T16:01:57Z</time>
					</trkpt>
					<trkpt lat="43.227850" lon="5.585320">
						<ele>259</ele>
						<time>2025-01-21T16:02:00Z</time>
					</trkpt>
					<trkpt lat="43.227770" lon="5.585220">
						<ele>258</ele>
						<time>2025-01-21T16:02:02Z</time>
					</trkpt>
					<trkpt lat="43.227680" lon="5.585170">
						<ele>256</ele>
						<time>2025-01-21T16:02:04Z</time>
					</trkpt>
					<trkpt lat="43.227490" lon="5.585170">
						<ele>253</ele>
						<time>2025-01-21T16:02:07Z</time>
					</trkpt>
					<trkpt lat="43.227340" lon="5.585290">
						<ele>251</ele>
						<time>2025-01-21T16:02:10Z</time>
					</trkpt>
					<trkpt lat="43.226870" lon="5.586070">
						<ele>251</ele>
						<time>2025-01-21T16:02:23Z</time>
					</trkpt>
					<trkpt lat="43.226730" lon="5.586220">
						<ele>252</ele>
						<time>2025-01-21T16:02:27Z</time>
					</trkpt>
					<trkpt lat="43.226630" lon="5.586260">
						<ele>252</ele>
						<time>2025-01-21T16:02:28Z</time>
					</trkpt>
					<trkpt lat="43.226500" lon="5.586250">
						<ele>254</ele>
						<time>2025-01-21T16:02:31Z</time>
					</trkpt>
					<trkpt lat="43.226340" lon="5.586140">
						<ele>255</ele>
						<time>2025-01-21T16:02:34Z</time>
					</trkpt>
					<trkpt lat="43.226230" lon="5.585900">
						<ele>253</ele>
						<time>2025-01-21T16:02:38Z</time>
					</trkpt>
					<trkpt lat="43.226200" lon="5.585060">
						<ele>242</ele>
						<time>2025-01-21T16:02:48Z</time>
					</trkpt>
					<trkpt lat="43.226100" lon="5.584510">
						<ele>237</ele>
						<time>2025-01-21T16:02:56Z</time>
					</trkpt>
					<trkpt lat="43.225950" lon="5.583910">
						<ele>232</ele>
						<time>2025-01-21T16:03:04Z</time>
					</trkpt>
					<trkpt lat="43.225790" lon="5.583580">
						<ele>230</ele>
						<time>2025-01-21T16:03:09Z</time>
					</trkpt>
					<trkpt lat="43.225700" lon="5.583460">
						<ele>229</ele>
						<time>2025-01-21T16:03:11Z</time>
					</trkpt>
					<trkpt lat="43.225450" lon="5.583270">
						<ele>227</ele>
						<time>2025-01-21T16:03:16Z</time>
					</trkpt>
					<trkpt lat="43.225170" lon="5.583190">
						<ele>226</ele>
						<time>2025-01-21T16:03:22Z</time>
					</trkpt>
					<trkpt lat="43.224680" lon="5.583190">
						<ele>223</ele>
						<time>2025-01-21T16:03:30Z</time>
					</trkpt>
					<trkpt lat="43.224480" lon="5.583140">
						<ele>222</ele>
						<time>2025-01-21T16:03:34Z</time>
					</trkpt>
					<trkpt lat="43.224260" lon="5.583020">
						<ele>221</ele>
						<time>2025-01-21T16:03:38Z</time>
					</trkpt>
					<trkpt lat="43.224130" lon="5.582900">
						<ele>221</ele>
						<time>2025-01-21T16:03:41Z</time>
					</trkpt>
					<trkpt lat="43.224000" lon="5.582710">
						<ele>222</ele>
						<time>2025-01-21T16:03:44Z</time>
					</trkpt>
					<trkpt lat="43.223870" lon="5.582400">
						<ele>222</ele>
						<time>2025-01-21T16:03:49Z</time>
					</trkpt>
					<trkpt lat="43.223620" lon="5.581360">
						<ele>218</ele>
						<time>2025-01-21T16:04:03Z</time>
					</trkpt>
					<trkpt lat="43.223460" lon="5.581020">
						<ele>215</ele>
						<time>2025-01-21T16:04:08Z</time>
					</trkpt>
					<trkpt lat="43.223270" lon="5.580810">
						<ele>213</ele>
						<time>2025-01-21T16:04:13Z</time>
					</trkpt>
					<trkpt lat="43.222850" lon="5.580530">
						<ele>210</ele>
						<time>2025-01-21T16:04:21Z</time>
					</trkpt>
					<trkpt lat="43.222750" lon="5.580420">
						<ele>209</ele>
						<time>2025-01-21T16:04:23Z</time>
					</trkpt>
					<trkpt lat="43.222300" lon="5.580140">
						<ele>207</ele>
						<time>2025-01-21T16:04:32Z</time>
					</trkpt>
					<trkpt lat="43.222170" lon="5.579960">
						<ele>207</ele>
						<time>2025-01-21T16:04:35Z</time>
					</trkpt>
					<trkpt lat="43.222150" lon="5.579810">
						<ele>207</ele>
						<time>2025-01-21T16:04:37Z</time>
					</trkpt>
					<trkpt lat="43.222180" lon="5.579680">
						<ele>207</ele>
						<time>2025-01-21T16:04:39Z</time>
					</trkpt>
					<trkpt lat="43.222160" lon="5.579570">
						<ele>207</ele>
						<time>2025-01-21T16:04:41Z</time>
					</trkpt>
					<trkpt lat="43.222100" lon="5.579470">
						<ele>208</ele>
						<time>2025-01-21T16:04:42Z</time>
					</trkpt>
					<trkpt lat="43.222000" lon="5.579420">
						<ele>209</ele>
						<time>2025-01-21T16:04:44Z</time>
					</trkpt>
					<trkpt lat="43.221900" lon="5.579450">
						<ele>210</ele>
						<time>2025-01-21T16:04:46Z</time>
					</trkpt>
					<trkpt lat="43.221820" lon="5.579560">
						<ele>209</ele>
						<time>2025-01-21T16:04:48Z</time>
					</trkpt>
					<trkpt lat="43.221510" lon="5.579820">
						<ele>209</ele>
						<time>2025-01-21T16:04:54Z</time>
					</trkpt>
					<trkpt lat="43.221090" lon="5.580030">
						<ele>209</ele>
						<time>2025-01-21T16:05:02Z</time>
					</trkpt>
					<trkpt lat="43.220870" lon="5.580150">
						<ele>209</ele>
						<time>2025-01-21T16:05:07Z</time>
					</trkpt>
					<trkpt lat="43.220790" lon="5.580220">
						<ele>208</ele>
						<time>2025-01-21T16:05:08Z</time>
					</trkpt>
					<trkpt lat="43.220300" lon="5.580480">
						<ele>206</ele>
						<time>2025-01-21T16:05:18Z</time>
					</trkpt>
					<trkpt lat="43.220030" lon="5.580600">
						<ele>205</ele>
						<time>2025-01-21T16:05:23Z</time>
					</trkpt>
					<trkpt lat="43.219780" lon="5.580670">
						<ele>203</ele>
						<time>2025-01-21T16:05:27Z</time>
					</trkpt>
					<trkpt lat="43.218940" lon="5.580650">
						<ele>201</ele>
						<time>2025-01-21T16:05:42Z</time>
					</trkpt>
					<trkpt lat="43.218520" lon="5.580790">
						<ele>197</ele>
						<time>2025-01-21T16:05:50Z</time>
					</trkpt>
					<trkpt lat="43.217420" lon="5.580880">
						<ele>188</ele>
						<time>2025-01-21T16:06:10Z</time>
					</trkpt>
					<trkpt lat="43.217210" lon="5.580930">
						<ele>187</ele>
						<time>2025-01-21T16:06:13Z</time>
					</trkpt>
					<trkpt lat="43.217030" lon="5.581010">
						<ele>187</ele>
						<time>2025-01-21T16:06:17Z</time>
					</trkpt>
					<trkpt lat="43.216520" lon="5.581310">
						<ele>183</ele>
						<time>2025-01-21T16:06:27Z</time>
					</trkpt>
					<trkpt lat="43.216300" lon="5.581410">
						<ele>181</ele>
						<time>2025-01-21T16:06:31Z</time>
					</trkpt>
					<trkpt lat="43.216040" lon="5.581480">
						<ele>179</ele>
						<time>2025-01-21T16:06:35Z</time>
					</trkpt>
					<trkpt lat="43.215880" lon="5.581490">
						<ele>178</ele>
						<time>2025-01-21T16:06:38Z</time>
					</trkpt>
					<trkpt lat="43.215560" lon="5.581500">
						<ele>176</ele>
						<time>2025-01-21T16:06:44Z</time>
					</trkpt>
					<trkpt lat="43.215290" lon="5.581430">
						<ele>175</ele>
						<time>2025-01-21T16:06:49Z</time>
					</trkpt>
					<trkpt lat="43.215100" lon="5.581250">
						<ele>173</ele>
						<time>2025-01-21T16:06:53Z</time>
					</trkpt>
					<trkpt lat="43.215000" lon="5.581070">
						<ele>171</ele>
						<time>2025-01-21T16:06:56Z</time>
					</trkpt>
					<trkpt lat="43.214910" lon="5.580800">
						<ele>170</ele>
						<time>2025-01-21T16:07:00Z</time>
					</trkpt>
					<trkpt lat="43.214900" lon="5.580480">
						<ele>169</ele>
						<time>2025-01-21T16:07:04Z</time>
					</trkpt>
					<trkpt lat="43.214960" lon="5.580200">
						<ele>169</ele>
						<time>2025-01-21T16:07:08Z</time>
					</trkpt>
					<trkpt lat="43.215160" lon="5.579560">
						<ele>170</ele>
						<time>2025-01-21T16:07:17Z</time>
					</trkpt>
					<trkpt lat="43.215160" lon="5.579320">
						<ele>170</ele>
						<time>2025-01-21T16:07:20Z</time>
					</trkpt>
					<trkpt lat="43.215080" lon="5.579160">
						<ele>168</ele>
						<time>2025-01-21T16:07:22Z</time>
					</trkpt>
					<trkpt lat="43.214720" lon="5.578790">
						<ele>170</ele>
						<time>2025-01-21T16:07:30Z</time>
					</trkpt>
					<trkpt lat="43.214660" lon="5.578750">
						<ele>170</ele>
						<time>2025-01-21T16:07:31Z</time>
					</trkpt>
					<trkpt lat="43.214540" lon="5.578720">
						<ele>170</ele>
						<time>2025-01-21T16:07:34Z</time>
					</trkpt>
					<trkpt lat="43.214470" lon="5.578730">
						<ele>170</ele>
						<time>2025-01-21T16:07:35Z</time>
					</trkpt>
					<trkpt lat="43.214370" lon="5.578820">
						<ele>169</ele>
						<time>2025-01-21T16:07:37Z</time>
					</trkpt>
					<trkpt lat="43.214090" lon="5.579340">
						<ele>164</ele>
						<time>2025-01-21T16:07:45Z</time>
					</trkpt>
					<trkpt lat="43.213870" lon="5.579610">
						<ele>164</ele>
						<time>2025-01-21T16:07:51Z</time>
					</trkpt>
					<trkpt lat="43.213400" lon="5.579940">
						<ele>158</ele>
						<time>2025-01-21T16:08:00Z</time>
					</trkpt>
					<trkpt lat="43.212930" lon="5.580410">
						<ele>157</ele>
						<time>2025-01-21T16:08:10Z</time>
					</trkpt>
					<trkpt lat="43.212780" lon="5.580480">
						<ele>156</ele>
						<time>2025-01-21T16:08:13Z</time>
					</trkpt>
					<trkpt lat="43.212650" lon="5.580500">
						<ele>155</ele>
						<time>2025-01-21T16:08:16Z</time>
					</trkpt>
					<trkpt lat="43.212510" lon="5.580480">
						<ele>154</ele>
						<time>2025-01-21T16:08:18Z</time>
					</trkpt>
					<trkpt lat="43.211660" lon="5.580020">
						<ele>150</ele>
						<time>2025-01-21T16:08:34Z</time>
					</trkpt>
					<trkpt lat="43.211200" lon="5.579840">
						<ele>150</ele>
						<time>2025-01-21T16:08:43Z</time>
					</trkpt>
					<trkpt lat="43.210870" lon="5.579770">
						<ele>150</ele>
						<time>2025-01-21T16:08:49Z</time>
					</trkpt>
					<trkpt lat="43.210440" lon="5.579750">
						<ele>146</ele>
						<time>2025-01-21T16:08:56Z</time>
					</trkpt>
					<trkpt lat="43.210180" lon="5.579780">
						<ele>143</ele>
						<time>2025-01-21T16:09:01Z</time>
					</trkpt>
					<trkpt lat="43.209830" lon="5.579880">
						<ele>139</ele>
						<time>2025-01-21T16:09:07Z</time>
					</trkpt>
					<trkpt lat="43.209620" lon="5.579970">
						<ele>136</ele>
						<time>2025-01-21T16:09:11Z</time>
					</trkpt>
					<trkpt lat="43.209260" lon="5.580190">
						<ele>134</ele>
						<time>2025-01-21T16:09:18Z</time>
					</trkpt>
					<trkpt lat="43.208850" lon="5.580510">
						<ele>134</ele>
						<time>2025-01-21T16:09:27Z</time>
					</trkpt>
					<trkpt lat="43.208040" lon="5.581350">
						<ele>132</ele>
						<time>2025-01-21T16:09:45Z</time>
					</trkpt>
					<trkpt lat="43.207840" lon="5.581630">
						<ele>131</ele>
						<time>2025-01-21T16:09:50Z</time>
					</trkpt>
					<trkpt lat="43.207470" lon="5.582300">
						<ele>125</ele>
						<time>2025-01-21T16:10:01Z</time>
					</trkpt>
					<trkpt lat="43.207140" lon="5.583070">
						<ele>124</ele>
						<time>2025-01-21T16:10:12Z</time>
					</trkpt>
					<trkpt lat="43.206580" lon="5.584820">
						<ele>117</ele>
						<time>2025-01-21T16:10:37Z</time>
					</trkpt>
					<trkpt lat="43.206550" lon="5.585390">
						<ele>116</ele>
						<time>2025-01-21T16:10:45Z</time>
					</trkpt>
					<trkpt lat="43.206500" lon="5.585640">
						<ele>116</ele>
						<time>2025-01-21T16:10:48Z</time>
					</trkpt>
					<trkpt lat="43.206390" lon="5.585840">
						<ele>116</ele>
						<time>2025-01-21T16:10:51Z</time>
					</trkpt>
					<trkpt lat="43.205960" lon="5.586180">
						<ele>115</ele>
						<time>2025-01-21T16:11:00Z</time>
					</trkpt>
					<trkpt lat="43.205760" lon="5.586420">
						<ele>113</ele>
						<time>2025-01-21T16:11:05Z</time>
					</trkpt>
					<trkpt lat="43.205700" lon="5.586590">
						<ele>112</ele>
						<time>2025-01-21T16:11:07Z</time>
					</trkpt>
					<trkpt lat="43.205580" lon="5.587220">
						<ele>113</ele>
						<time>2025-01-21T16:11:16Z</time>
					</trkpt>
					<trkpt lat="43.205480" lon="5.587450">
						<ele>112</ele>
						<time>2025-01-21T16:11:19Z</time>
					</trkpt>
					<trkpt lat="43.205340" lon="5.587620">
						<ele>112</ele>
						<time>2025-01-21T16:11:22Z</time>
					</trkpt>
					<trkpt lat="43.205150" lon="5.587720">
						<ele>111</ele>
						<time>2025-01-21T16:11:26Z</time>
					</trkpt>
					<trkpt lat="43.204550" lon="5.587820">
						<ele>106</ele>
						<time>2025-01-21T16:11:37Z</time>
					</trkpt>
					<trkpt lat="43.204330" lon="5.587950">
						<ele>103</ele>
						<time>2025-01-21T16:11:41Z</time>
					</trkpt>
					<trkpt lat="43.203670" lon="5.588410">
						<ele>102</ele>
						<time>2025-01-21T16:11:54Z</time>
					</trkpt>
					<trkpt lat="43.203500" lon="5.588580">
						<ele>102</ele>
						<time>2025-01-21T16:11:58Z</time>
					</trkpt>
					<trkpt lat="43.203010" lon="5.589190">
						<ele>98</ele>
						<time>2025-01-21T16:12:10Z</time>
					</trkpt>
					<trkpt lat="43.202910" lon="5.589280">
						<ele>98</ele>
						<time>2025-01-21T16:12:12Z</time>
					</trkpt>
					<trkpt lat="43.202780" lon="5.589340">
						<ele>99</ele>
						<time>2025-01-21T16:12:14Z</time>
					</trkpt>
					<trkpt lat="43.202600" lon="5.589320">
						<ele>98</ele>
						<time>2025-01-21T16:12:18Z</time>
					</trkpt>
					<trkpt lat="43.202480" lon="5.589220">
						<ele>97</ele>
						<time>2025-01-21T16:12:20Z</time>
					</trkpt>
					<trkpt lat="43.202170" lon="5.588570">
						<ele>98</ele>
						<time>2025-01-21T16:12:30Z</time>
					</trkpt>
					<trkpt lat="43.201860" lon="5.588210">
						<ele>97</ele>
						<time>2025-01-21T16:12:37Z</time>
					</trkpt>
					<trkpt lat="43.201410" lon="5.587810">
						<ele>96</ele>
						<time>2025-01-21T16:12:47Z</time>
					</trkpt>
					<trkpt lat="43.201190" lon="5.587690">
						<ele>94</ele>
						<time>2025-01-21T16:12:51Z</time>
					</trkpt>
					<trkpt lat="43.200940" lon="5.587620">
						<ele>92</ele>
						<time>2025-01-21T16:12:56Z</time>
					</trkpt>
					<trkpt lat="43.200720" lon="5.587620">
						<ele>93</ele>
						<time>2025-01-21T16:13:00Z</time>
					</trkpt>
					<trkpt lat="43.200530" lon="5.587700">
						<ele>95</ele>
						<time>2025-01-21T16:13:03Z</time>
					</trkpt>
					<trkpt lat="43.200370" lon="5.587900">
						<ele>96</ele>
						<time>2025-01-21T16:13:07Z</time>
					</trkpt>
					<trkpt lat="43.200250" lon="5.588100">
						<ele>95</ele>
						<time>2025-01-21T16:13:10Z</time>
					</trkpt>
					<trkpt lat="43.200140" lon="5.588350">
						<ele>94</ele>
						<time>2025-01-21T16:13:14Z</time>
					</trkpt>
					<trkpt lat="43.199930" lon="5.589300">
						<ele>88</ele>
						<time>2025-01-21T16:13:27Z</time>
					</trkpt>
					<trkpt lat="43.199830" lon="5.589510">
						<ele>89</ele>
						<time>2025-01-21T16:13:30Z</time>
					</trkpt>
					<trkpt lat="43.199650" lon="5.589640">
						<ele>89</ele>
						<time>2025-01-21T16:13:34Z</time>
					</trkpt>
					<trkpt lat="43.199440" lon="5.589700">
						<ele>88</ele>
						<time>2025-01-21T16:13:38Z</time>
					</trkpt>
					<trkpt lat="43.199100" lon="5.589710">
						<ele>88</ele>
						<time>2025-01-21T16:13:44Z</time>
					</trkpt>
					<trkpt lat="43.198910" lon="5.589770">
						<ele>88</ele>
						<time>2025-01-21T16:13:47Z</time>
					</trkpt>
					<trkpt lat="43.198780" lon="5.589860">
						<ele>88</ele>
						<time>2025-01-21T16:13:50Z</time>
					</trkpt>
					<trkpt lat="43.198550" lon="5.590120">
						<ele>87</ele>
						<time>2025-01-21T16:13:55Z</time>
					</trkpt>
					<trkpt lat="43.198500" lon="5.590210">
						<ele>87</ele>
						<time>2025-01-21T16:13:57Z</time>
					</trkpt>
					<trkpt lat="43.198380" lon="5.590530">
						<ele>86</ele>
						<time>2025-01-21T16:14:01Z</time>
					</trkpt>
					<trkpt lat="43.198350" lon="5.590810">
						<ele>84</ele>
						<time>2025-01-21T16:14:05Z</time>
					</trkpt>
					<trkpt lat="43.198350" lon="5.591060">
						<ele>83</ele>
						<time>2025-01-21T16:14:08Z</time>
					</trkpt>
					<trkpt lat="43.198480" lon="5.591690">
						<ele>82</ele>
						<time>2025-01-21T16:14:17Z</time>
					</trkpt>
					<trkpt lat="43.198500" lon="5.591910">
						<ele>82</ele>
						<time>2025-01-21T16:14:19Z</time>
					</trkpt>
					<trkpt lat="43.198470" lon="5.592100">
						<ele>81</ele>
						<time>2025-01-21T16:14:22Z</time>
					</trkpt>
					<trkpt lat="43.198390" lon="5.592290">
						<ele>79</ele>
						<time>2025-01-21T16:14:25Z</time>
					</trkpt>
					<trkpt lat="43.198260" lon="5.592440">
						<ele>77</ele>
						<time>2025-01-21T16:14:28Z</time>
					</trkpt>
					<trkpt lat="43.198180" lon="5.592470">
						<ele>76</ele>
						<time>2025-01-21T16:14:29Z</time>
					</trkpt>
					<trkpt lat="43.197460" lon="5.592390">
						<ele>71</ele>
						<time>2025-01-21T16:14:42Z</time>
					</trkpt>
					<trkpt lat="43.197380" lon="5.592400">
						<ele>72</ele>
						<time>2025-01-21T16:14:44Z</time>
					</trkpt>
					<trkpt lat="43.197270" lon="5.592470">
						<ele>73</ele>
						<time>2025-01-21T16:14:46Z</time>
					</trkpt>
					<trkpt lat="43.197220" lon="5.592580">
						<ele>73</ele>
						<time>2025-01-21T16:14:47Z</time>
					</trkpt>
					<trkpt lat="43.197150" lon="5.593110">
						<ele>75</ele>
						<time>2025-01-21T16:14:54Z</time>
					</trkpt>
					<trkpt lat="43.196920" lon="5.593600">
						<ele>78</ele>
						<time>2025-01-21T16:15:02Z</time>
					</trkpt>
					<trkpt lat="43.196890" lon="5.593710">
						<ele>78</ele>
						<time>2025-01-21T16:15:04Z</time>
					</trkpt>
					<trkpt lat="43.196890" lon="5.593940">
						<ele>78</ele>
						<time>2025-01-21T16:15:07Z</time>
					</trkpt>
					<trkpt lat="43.196990" lon="5.594260">
						<ele>78</ele>
						<time>2025-01-21T16:15:11Z</time>
					</trkpt>
					<trkpt lat="43.197010" lon="5.594410">
						<ele>77</ele>
						<time>2025-01-21T16:15:13Z</time>
					</trkpt>
					<trkpt lat="43.196980" lon="5.594650">
						<ele>75</ele>
						<time>2025-01-21T16:15:16Z</time>
					</trkpt>
					<trkpt lat="43.196010" lon="5.597320">
						<ele>68</ele>
						<time>2025-01-21T16:15:55Z</time>
					</trkpt>
					<trkpt lat="43.195920" lon="5.597510">
						<ele>67</ele>
						<time>2025-01-21T16:15:58Z</time>
					</trkpt>
					<trkpt lat="43.195810" lon="5.597670">
						<ele>66</ele>
						<time>2025-01-21T16:16:01Z</time>
					</trkpt>
					<trkpt lat="43.195210" lon="5.598260">
						<ele>64</ele>
						<time>2025-01-21T16:16:14Z</time>
					</trkpt>
					<trkpt lat="43.195160" lon="5.598270">
						<ele>64</ele>
						<time>2025-01-21T16:16:15Z</time>
					</trkpt>
					<trkpt lat="43.194850" lon="5.598530">
						<ele>61</ele>
						<time>2025-01-21T16:16:21Z</time>
					</trkpt>
					<trkpt lat="43.194730" lon="5.598670">
						<ele>60</ele>
						<time>2025-01-21T16:16:24Z</time>
					</trkpt>
					<trkpt lat="43.194550" lon="5.599040">
						<ele>57</ele>
						<time>2025-01-21T16:16:30Z</time>
					</trkpt>
					<trkpt lat="43.194470" lon="5.599460">
						<ele>55</ele>
						<time>2025-01-21T16:16:35Z</time>
					</trkpt>
					<trkpt lat="43.194340" lon="5.599720">
						<ele>54</ele>
						<time>2025-01-21T16:16:39Z</time>
					</trkpt>
					<trkpt lat="43.194260" lon="5.599810">
						<ele>53</ele>
						<time>2025-01-21T16:16:41Z</time>
					</trkpt>
					<trkpt lat="43.194010" lon="5.600000">
						<ele>52</ele>
						<time>2025-01-21T16:16:46Z</time>
					</trkpt>
					<trkpt lat="43.194000" lon="5.600060">
						<ele>52</ele>
						<time>2025-01-21T16:16:47Z</time>
					</trkpt>
					<trkpt lat="43.193190" lon="5.600650">
						<ele>47</ele>
						<time>2025-01-21T16:17:04Z</time>
					</trkpt>
					<trkpt lat="43.193140" lon="5.600650">
						<ele>47</ele>
						<time>2025-01-21T16:17:04Z</time>
					</trkpt>
					<trkpt lat="43.192780" lon="5.600910">
						<ele>45</ele>
						<time>2025-01-21T16:17:12Z</time>
					</trkpt>
					<trkpt lat="43.192310" lon="5.601350">
						<ele>42</ele>
						<time>2025-01-21T16:17:22Z</time>
					</trkpt>
					<trkpt lat="43.192110" lon="5.601610">
						<ele>41</ele>
						<time>2025-01-21T16:17:27Z</time>
					</trkpt>
					<trkpt lat="43.192110" lon="5.601650">
						<ele>41</ele>
						<time>2025-01-21T16:17:27Z</time>
					</trkpt>
					<trkpt lat="43.191040" lon="5.602740">
						<ele>35</ele>
						<time>2025-01-21T16:17:51Z</time>
					</trkpt>
					<trkpt lat="43.190480" lon="5.603260">
						<ele>33</ele>
						<time>2025-01-21T16:18:03Z</time>
					</trkpt>
					<trkpt lat="43.190140" lon="5.603540">
						<ele>33</ele>
						<time>2025-01-21T16:18:10Z</time>
					</trkpt>
					<trkpt lat="43.189900" lon="5.603600">
						<ele>32</ele>
						<time>2025-01-21T16:18:14Z</time>
					</trkpt>
					<trkpt lat="43.189850" lon="5.603560">
						<ele>32</ele>
						<time>2025-01-21T16:18:15Z</time>
					</trkpt>
					<trkpt lat="43.189730" lon="5.603530">
						<ele>32</ele>
						<time>2025-01-21T16:18:18Z</time>
					</trkpt>
					<trkpt lat="43.189620" lon="5.603420">
						<ele>32</ele>
						<time>2025-01-21T16:18:20Z</time>
					</trkpt>
					<trkpt lat="43.189240" lon="5.602530">
						<ele>34</ele>
						<time>2025-01-21T16:18:33Z</time>
					</trkpt>
					<trkpt lat="43.188980" lon="5.602050">
						<ele>36</ele>
						<time>2025-01-21T16:18:41Z</time>
					</trkpt>
					<trkpt lat="43.188990" lon="5.601930">
						<ele>37</ele>
						<time>2025-01-21T16:18:43Z</time>
					</trkpt>
					<trkpt lat="43.188950" lon="5.601820">
						<ele>37</ele>
						<time>2025-01-21T16:18:44Z</time>
					</trkpt>
					<trkpt lat="43.188880" lon="5.601770">
						<ele>38</ele>
						<time>2025-01-21T16:18:46Z</time>
					</trkpt>
					<trkpt lat="43.188820" lon="5.601760">
						<ele>38</ele>
						<time>2025-01-21T16:18:47Z</time>
					</trkpt>
					<trkpt lat="43.188750" lon="5.601800">
						<ele>38</ele>
						<time>2025-01-21T16:18:48Z</time>
					</trkpt>
					<trkpt lat="43.188550" lon="5.601670">
						<ele>39</ele>
						<time>2025-01-21T16:18:52Z</time>
					</trkpt>
					<trkpt lat="43.187510" lon="5.600860">
						<ele>44</ele>
						<time>2025-01-21T16:19:13Z</time>
					</trkpt>
					<trkpt lat="43.187330" lon="5.600530">
						<ele>44</ele>
						<time>2025-01-21T16:19:19Z</time>
					</trkpt>
					<trkpt lat="43.187280" lon="5.600480">
						<ele>44</ele>
						<time>2025-01-21T16:19:20Z</time>
					</trkpt>
					<trkpt lat="43.187200" lon="5.600440">
						<ele>44</ele>
						<time>2025-01-21T16:19:21Z</time>
					</trkpt>
					<trkpt lat="43.186950" lon="5.600460">
						<ele>44</ele>
						<time>2025-01-21T16:19:26Z</time>
					</trkpt>
					<trkpt lat="43.186860" lon="5.600440">
						<ele>44</ele>
						<time>2025-01-21T16:19:27Z</time>
					</trkpt>
					<trkpt lat="43.185310" lon="5.599530">
						<ele>42</ele>
						<time>2025-01-21T16:19:57Z</time>
					</trkpt>
					<trkpt lat="43.184980" lon="5.599390">
						<ele>41</ele>
						<time>2025-01-21T16:20:03Z</time>
					</trkpt>
					<trkpt lat="43.184580" lon="5.599270">
						<ele>42</ele>
						<time>2025-01-21T16:20:11Z</time>
					</trkpt>
					<trkpt lat="43.184320" lon="5.599260">
						<ele>43</ele>
						<time>2025-01-21T16:20:15Z</time>
					</trkpt>
					<trkpt lat="43.184300" lon="5.599230">
						<ele>43</ele>
						<time>2025-01-21T16:20:16Z</time>
					</trkpt>
					<trkpt lat="43.184200" lon="5.599220">
						<ele>43</ele>
						<time>2025-01-21T16:20:18Z</time>
					</trkpt>
					<trkpt lat="43.183980" lon="5.598990">
						<ele>45</ele>
						<time>2025-01-21T16:20:23Z</time>
					</trkpt>
					<trkpt lat="43.183800" lon="5.598920">
						<ele>46</ele>
						<time>2025-01-21T16:20:26Z</time>
					</trkpt>
					<trkpt lat="43.183460" lon="5.598720">
						<ele>49</ele>
						<time>2025-01-21T16:20:33Z</time>
					</trkpt>
					<trkpt lat="43.183380" lon="5.598630">
						<ele>50</ele>
						<time>2025-01-21T16:20:34Z</time>
					</trkpt>
					<trkpt lat="43.183220" lon="5.598320">
						<ele>52</ele>
						<time>2025-01-21T16:20:39Z</time>
					</trkpt>
					<trkpt lat="43.183200" lon="5.598340">
						<ele>52</ele>
						<time>2025-01-21T16:20:40Z</time>
					</trkpt>
					<trkpt lat="43.183070" lon="5.598050">
						<ele>52</ele>
						<time>2025-01-21T16:20:44Z</time>
					</trkpt>
					<trkpt lat="43.183020" lon="5.597820">
						<ele>52</ele>
						<time>2025-01-21T16:20:47Z</time>
					</trkpt>
					<trkpt lat="43.183080" lon="5.597730">
						<ele>53</ele>
						<time>2025-01-21T16:20:49Z</time>
					</trkpt>
					<trkpt lat="43.183090" lon="5.597670">
						<ele>53</ele>
						<time>2025-01-21T16:20:50Z</time>
					</trkpt>
					<trkpt lat="43.183060" lon="5.597550">
						<ele>53</ele>
						<time>2025-01-21T16:20:51Z</time>
					</trkpt>
					<trkpt lat="43.183010" lon="5.597500">
						<ele>53</ele>
						<time>2025-01-21T16:20:52Z</time>
					</trkpt>
					<trkpt lat="43.182970" lon="5.597480">
						<ele>53</ele>
						<time>2025-01-21T16:20:53Z</time>
					</trkpt>
					<trkpt lat="43.182920" lon="5.597490">
						<ele>53</ele>
						<time>2025-01-21T16:20:54Z</time>
					</trkpt>
					<trkpt lat="43.182840" lon="5.597570">
						<ele>52</ele>
						<time>2025-01-21T16:20:56Z</time>
					</trkpt>
					<trkpt lat="43.182830" lon="5.597630">
						<ele>52</ele>
						<time>2025-01-21T16:20:57Z</time>
					</trkpt>
					<trkpt lat="43.182860" lon="5.597780">
						<ele>51</ele>
						<time>2025-01-21T16:20:59Z</time>
					</trkpt>
					<trkpt lat="43.182700" lon="5.597920">
						<ele>50</ele>
						<time>2025-01-21T16:21:02Z</time>
					</trkpt>
					<trkpt lat="43.182570" lon="5.597960">
						<ele>49</ele>
						<time>2025-01-21T16:21:04Z</time>
					</trkpt>
					<trkpt lat="43.182180" lon="5.598000">
						<ele>47</ele>
						<time>2025-01-21T16:21:11Z</time>
					</trkpt>
					<trkpt lat="43.181870" lon="5.597980">
						<ele>46</ele>
						<time>2025-01-21T16:21:17Z</time>
					</trkpt>
					<trkpt lat="43.181470" lon="5.597820">
						<ele>44</ele>
						<time>2025-01-21T16:21:24Z</time>
					</trkpt>
					<trkpt lat="43.181330" lon="5.597810">
						<ele>43</ele>
						<time>2025-01-21T16:21:27Z</time>
					</trkpt>
					<trkpt lat="43.181050" lon="5.597900">
						<ele>42</ele>
						<time>2025-01-21T16:21:32Z</time>
					</trkpt>
					<trkpt lat="43.181020" lon="5.597860">
						<ele>42</ele>
						<time>2025-01-21T16:21:33Z</time>
					</trkpt>
					<trkpt lat="43.180960" lon="5.597840">
						<ele>42</ele>
						<time>2025-01-21T16:21:34Z</time>
					</trkpt>
					<trkpt lat="43.180380" lon="5.597900">
						<ele>42</ele>
						<time>2025-01-21T16:21:44Z</time>
					</trkpt>
					<trkpt lat="43.180190" lon="5.597890">
						<ele>42</ele>
						<time>2025-01-21T16:21:47Z</time>
					</trkpt>
					<trkpt lat="43.179120" lon="5.597540">
						<ele>45</ele>
						<time>2025-01-21T16:22:07Z</time>
					</trkpt>
					<trkpt lat="43.178760" lon="5.597500">
						<ele>45</ele>
						<time>2025-01-21T16:22:13Z</time>
					</trkpt>
					<trkpt lat="43.178760" lon="5.594640">
						<ele>67</ele>
						<time>2025-01-21T16:22:51Z</time>
					</trkpt>
					<trkpt lat="43.178800" lon="5.593900">
						<ele>71</ele>
						<time>2025-01-21T16:23:00Z</time>
					</trkpt>
					<trkpt lat="43.179070" lon="5.591500">
						<ele>93</ele>
						<time>2025-01-21T16:23:32Z</time>
					</trkpt>
					<trkpt lat="43.179320" lon="5.590930">
						<ele>99</ele>
						<time>2025-01-21T16:23:40Z</time>
					</trkpt>
					<trkpt lat="43.179410" lon="5.590570">
						<ele>103</ele>
						<time>2025-01-21T16:23:45Z</time>
					</trkpt>
					<trkpt lat="43.179600" lon="5.589340">
						<ele>113</ele>
						<time>2025-01-21T16:24:02Z</time>
					</trkpt>
					<trkpt lat="43.179580" lon="5.588710">
						<ele>119</ele>
						<time>2025-01-21T16:24:10Z</time>
					</trkpt>
					<trkpt lat="43.179380" lon="5.587610">
						<ele>129</ele>
						<time>2025-01-21T16:24:24Z</time>
					</trkpt>
					<trkpt lat="43.179380" lon="5.586240">
						<ele>140</ele>
						<time>2025-01-21T16:24:42Z</time>
					</trkpt>
					<trkpt lat="43.179320" lon="5.585940">
						<ele>142</ele>
						<time>2025-01-21T16:24:46Z</time>
					</trkpt>
					<trkpt lat="43.179100" lon="5.585520">
						<ele>149</ele>
						<time>2025-01-21T16:24:53Z</time>
					</trkpt>
					<trkpt lat="43.179090" lon="5.585410">
						<ele>150</ele>
						<time>2025-01-21T16:24:54Z</time>
					</trkpt>
					<trkpt lat="43.179150" lon="5.585360">
						<ele>149</ele>
						<time>2025-01-21T16:24:56Z</time>
					</trkpt>
					<trkpt lat="43.179450" lon="5.585430">
						<ele>146</ele>
						<time>2025-01-21T16:25:01Z</time>
					</trkpt>
					<trkpt lat="43.179530" lon="5.585410">
						<ele>146</ele>
						<time>2025-01-21T16:25:03Z</time>
					</trkpt>
					<trkpt lat="43.179640" lon="5.585270">
						<ele>148</ele>
						<time>2025-01-21T16:25:05Z</time>
					</trkpt>
					<trkpt lat="43.179690" lon="5.584880">
						<ele>153</ele>
						<time>2025-01-21T16:25:10Z</time>
					</trkpt>
					<trkpt lat="43.179700" lon="5.584420">
						<ele>160</ele>
						<time>2025-01-21T16:25:16Z</time>
					</trkpt>
					<trkpt lat="43.179630" lon="5.583920">
						<ele>169</ele>
						<time>2025-01-21T16:25:23Z</time>
					</trkpt>
					<trkpt lat="43.179650" lon="5.583810">
						<ele>171</ele>
						<time>2025-01-21T16:25:24Z</time>
					</trkpt>
					<trkpt lat="43.179720" lon="5.583770">
						<ele>172</ele>
						<time>2025-01-21T16:25:26Z</time>
					</trkpt>
					<trkpt lat="43.179800" lon="5.583800">
						<ele>171</ele>
						<time>2025-01-21T16:25:27Z</time>
					</trkpt>
					<trkpt lat="43.179870" lon="5.583870">
						<ele>169</ele>
						<time>2025-01-21T16:25:29Z</time>
					</trkpt>
					<trkpt lat="43.180390" lon="5.584530">
						<ele>168</ele>
						<time>2025-01-21T16:25:41Z</time>
					</trkpt>
					<trkpt lat="43.180500" lon="5.584730">
						<ele>168</ele>
						<time>2025-01-21T16:25:45Z</time>
					</trkpt>
					<trkpt lat="43.180570" lon="5.584930">
						<ele>167</ele>
						<time>2025-01-21T16:25:48Z</time>
					</trkpt>
					<trkpt lat="43.180760" lon="5.586010">
						<ele>160</ele>
						<time>2025-01-21T16:26:02Z</time>
					</trkpt>
					<trkpt lat="43.180830" lon="5.586180">
						<ele>160</ele>
						<time>2025-01-21T16:26:04Z</time>
					</trkpt>
					<trkpt lat="43.180920" lon="5.586240">
						<ele>160</ele>
						<time>2025-01-21T16:26:06Z</time>
					</trkpt>
					<trkpt lat="43.181090" lon="5.586200">
						<ele>162</ele>
						<time>2025-01-21T16:26:09Z</time>
					</trkpt>
					<trkpt lat="43.181250" lon="5.586060">
						<ele>165</ele>
						<time>2025-01-21T16:26:13Z</time>
					</trkpt>
					<trkpt lat="43.181610" lon="5.585620">
						<ele>174</ele>
						<time>2025-01-21T16:26:21Z</time>
					</trkpt>
					<trkpt lat="43.181900" lon="5.585190">
						<ele>177</ele>
						<time>2025-01-21T16:26:29Z</time>
					</trkpt>
					<trkpt lat="43.182000" lon="5.585000">
						<ele>178</ele>
						<time>2025-01-21T16:26:32Z</time>
					</trkpt>
					<trkpt lat="43.182040" lon="5.584890">
						<ele>179</ele>
						<time>2025-01-21T16:26:34Z</time>
					</trkpt>
					<trkpt lat="43.182060" lon="5.584560">
						<ele>181</ele>
						<time>2025-01-21T16:26:38Z</time>
					</trkpt>
					<trkpt lat="43.181890" lon="5.583250">
						<ele>196</ele>
						<time>2025-01-21T16:26:55Z</time>
					</trkpt>
					<trkpt lat="43.181850" lon="5.582610">
						<ele>202</ele>
						<time>2025-01-21T16:27:03Z</time>
					</trkpt>
					<trkpt lat="43.181840" lon="5.581810">
						<ele>207</ele>
						<time>2025-01-21T16:27:14Z</time>
					</trkpt>
					<trkpt lat="43.181790" lon="5.581540">
						<ele>210</ele>
						<time>2025-01-21T16:27:17Z</time>
					</trkpt>
					<trkpt lat="43.181590" lon="5.580870">
						<ele>218</ele>
						<time>2025-01-21T16:27:27Z</time>
					</trkpt>
					<trkpt lat="43.181560" lon="5.580480">
						<ele>225</ele>
						<time>2025-01-21T16:27:32Z</time>
					</trkpt>
					<trkpt lat="43.181590" lon="5.580280">
						<ele>227</ele>
						<time>2025-01-21T16:27:35Z</time>
					</trkpt>
					<trkpt lat="43.181670" lon="5.580110">
						<ele>227</ele>
						<time>2025-01-21T16:27:37Z</time>
					</trkpt>
					<trkpt lat="43.181830" lon="5.579980">
						<ele>227</ele>
						<time>2025-01-21T16:27:40Z</time>
					</trkpt>
					<trkpt lat="43.182230" lon="5.579730">
						<ele>229</ele>
						<time>2025-01-21T16:27:48Z</time>
					</trkpt>
					<trkpt lat="43.182380" lon="5.579680">
						<ele>229</ele>
						<time>2025-01-21T16:27:51Z</time>
					</trkpt>
					<trkpt lat="43.182650" lon="5.579690">
						<ele>227</ele>
						<time>2025-01-21T16:27:56Z</time>
					</trkpt>
					<trkpt lat="43.182760" lon="5.579670">
						<ele>227</ele>
						<time>2025-01-21T16:27:58Z</time>
					</trkpt>
					<trkpt lat="43.182960" lon="5.579600">
						<ele>229</ele>
						<time>2025-01-21T16:28:01Z</time>
					</trkpt>
					<trkpt lat="43.183100" lon="5.579520">
						<ele>230</ele>
						<time>2025-01-21T16:28:04Z</time>
					</trkpt>
					<trkpt lat="43.183580" lon="5.579150">
						<ele>234</ele>
						<time>2025-01-21T16:28:14Z</time>
					</trkpt>
					<trkpt lat="43.183700" lon="5.578980">
						<ele>232</ele>
						<time>2025-01-21T16:28:17Z</time>
					</trkpt>
					<trkpt lat="43.183740" lon="5.578800">
						<ele>232</ele>
						<time>2025-01-21T16:28:19Z</time>
					</trkpt>
					<trkpt lat="43.183680" lon="5.578390">
						<ele>235</ele>
						<time>2025-01-21T16:28:25Z</time>
					</trkpt>
					<trkpt lat="43.183330" lon="5.577780">
						<ele>234</ele>
						<time>2025-01-21T16:28:35Z</time>
					</trkpt>
					<trkpt lat="43.182880" lon="5.577530">
						<ele>243</ele>
						<time>2025-01-21T16:28:44Z</time>
					</trkpt>
					<trkpt lat="43.182750" lon="5.577500">
						<ele>247</ele>
						<time>2025-01-21T16:28:46Z</time>
					</trkpt>
					<trkpt lat="43.182490" lon="5.577350">
						<ele>252</ele>
						<time>2025-01-21T16:28:51Z</time>
					</trkpt>
					<trkpt lat="43.181930" lon="5.576930">
						<ele>258</ele>
						<time>2025-01-21T16:29:02Z</time>
					</trkpt>
					<trkpt lat="43.181470" lon="5.576530">
						<ele>265</ele>
						<time>2025-01-21T16:29:12Z</time>
					</trkpt>
					<trkpt lat="43.181240" lon="5.576390">
						<ele>270</ele>
						<time>2025-01-21T16:29:17Z</time>
					</trkpt>
					<trkpt lat="43.180740" lon="5.576140">
						<ele>281</ele>
						<time>2025-01-21T16:29:26Z</time>
					</trkpt>
					<trkpt lat="43.180640" lon="5.575980">
						<ele>282</ele>
						<time>2025-01-21T16:29:29Z</time>
					</trkpt>
					<trkpt lat="43.180650" lon="5.575850">
						<ele>281</ele>
						<time>2025-01-21T16:29:30Z</time>
					</trkpt>
					<trkpt lat="43.180900" lon="5.575150">
						<ele>278</ele>
						<time>2025-01-21T16:29:41Z</time>
					</trkpt>
					<trkpt lat="43.180900" lon="5.574900">
						<ele>281</ele>
						<time>2025-01-21T16:29:44Z</time>
					</trkpt>
					<trkpt lat="43.180730" lon="5.574120">
						<ele>295</ele>
						<time>2025-01-21T16:29:54Z</time>
					</trkpt>
					<trkpt lat="43.180780" lon="5.573910">
						<ele>298</ele>
						<time>2025-01-21T16:29:57Z</time>
					</trkpt>
					<trkpt lat="43.180900" lon="5.573800">
						<ele>299</ele>
						<time>2025-01-21T16:30:00Z</time>
					</trkpt>
					<trkpt lat="43.181090" lon="5.573690">
						<ele>299</ele>
						<time>2025-01-21T16:30:03Z</time>
					</trkpt>
					<trkpt lat="43.181240" lon="5.573630">
						<ele>299</ele>
						<time>2025-01-21T16:30:06Z</time>
					</trkpt>
					<trkpt lat="43.181800" lon="5.573490">
						<ele>297</ele>
						<time>2025-01-21T16:30:16Z</time>
					</trkpt>
					<trkpt lat="43.181870" lon="5.573450">
						<ele>297</ele>
						<time>2025-01-21T16:30:18Z</time>
					</trkpt>
					<trkpt lat="43.181930" lon="5.573390">
						<ele>298</ele>
						<time>2025-01-21T16:30:19Z</time>
					</trkpt>
					<trkpt lat="43.182050" lon="5.573190">
						<ele>301</ele>
						<time>2025-01-21T16:30:22Z</time>
					</trkpt>
					<trkpt lat="43.182240" lon="5.572770">
						<ele>306</ele>
						<time>2025-01-21T16:30:29Z</time>
					</trkpt>
					<trkpt lat="43.182460" lon="5.572470">
						<ele>307</ele>
						<time>2025-01-21T16:30:34Z</time>
					</trkpt>
					<trkpt lat="43.182520" lon="5.572310">
						<ele>308</ele>
						<time>2025-01-21T16:30:37Z</time>
					</trkpt>
					<trkpt lat="43.182500" lon="5.572230">
						<ele>310</ele>
						<time>2025-01-21T16:30:38Z</time>
					</trkpt>
					<trkpt lat="43.182470" lon="5.572210">
						<ele>310</ele>
						<time>2025-01-21T16:30:38Z</time>
					</trkpt>
					<trkpt lat="43.182410" lon="5.572220">
						<ele>311</ele>
						<time>2025-01-21T16:30:39Z</time>
					</trkpt>
					<trkpt lat="43.182100" lon="5.572640">
						<ele>311</ele>
						<time>2025-01-21T16:30:47Z</time>
					</trkpt>
					<trkpt lat="43.181860" lon="5.572820">
						<ele>311</ele>
						<time>2025-01-21T16:30:52Z</time>
					</trkpt>
					<trkpt lat="43.181720" lon="5.572880">
						<ele>312</ele>
						<time>2025-01-21T16:30:55Z</time>
					</trkpt>
					<trkpt lat="43.181380" lon="5.572880">
						<ele>315</ele>
						<time>2025-01-21T16:31:01Z</time>
					</trkpt>
					<trkpt lat="43.181050" lon="5.572770">
						<ele>319</ele>
						<time>2025-01-21T16:31:07Z</time>
					</trkpt>
					<trkpt lat="43.180770" lon="5.572710">
						<ele>322</ele>
						<time>2025-01-21T16:31:12Z</time>
					</trkpt>
					<trkpt lat="43.180560" lon="5.572680">
						<ele>325</ele>
						<time>2025-01-21T16:31:16Z</time>
					</trkpt>
					<trkpt lat="43.180200" lon="5.572670">
						<ele>327</ele>
						<time>2025-01-21T16:31:22Z</time>
					</trkpt>
					<trkpt lat="43.180090" lon="5.572630">
						<ele>328</ele>
						<time>2025-01-21T16:31:24Z</time>
					</trkpt>
					<trkpt lat="43.180020" lon="5.572560">
						<ele>329</ele>
						<time>2025-01-21T16:31:26Z</time>
					</trkpt>
					<trkpt lat="43.180430" lon="5.572200">
						<ele>327</ele>
						<time>2025-01-21T16:31:34Z</time>
					</trkpt>
					<trkpt lat="43.180740" lon="5.571830">
						<ele>332</ele>
						<time>2025-01-21T16:31:41Z</time>
					</trkpt>
					<trkpt lat="43.181300" lon="5.570870">
						<ele>339</ele>
						<time>2025-01-21T16:31:57Z</time>
					</trkpt>
					<trkpt lat="43.181570" lon="5.570460">
						<ele>343</ele>
						<time>2025-01-21T16:32:05Z</time>
					</trkpt>
					<trkpt lat="43.181610" lon="5.570300">
						<ele>344</ele>
						<time>2025-01-21T16:32:07Z</time>
					</trkpt>
					<trkpt lat="43.181610" lon="5.570050">
						<ele>346</ele>
						<time>2025-01-21T16:32:10Z</time>
					</trkpt>
					<trkpt lat="43.181370" lon="5.568640">
						<ele>343</ele>
						<time>2025-01-21T16:32:29Z</time>
					</trkpt>
					<trkpt lat="43.181390" lon="5.568240">
						<ele>344</ele>
						<time>2025-01-21T16:32:34Z</time>
					</trkpt>
					<trkpt lat="43.181460" lon="5.568050">
						<ele>347</ele>
						<time>2025-01-21T16:32:37Z</time>
					</trkpt>
					<trkpt lat="43.181570" lon="5.567910">
						<ele>351</ele>
						<time>2025-01-21T16:32:39Z</time>
					</trkpt>
					<trkpt lat="43.181790" lon="5.567700">
						<ele>357</ele>
						<time>2025-01-21T16:32:44Z</time>
					</trkpt>
					<trkpt lat="43.181960" lon="5.567640">
						<ele>359</ele>
						<time>2025-01-21T16:32:47Z</time>
					</trkpt>
					<trkpt lat="43.182060" lon="5.567640">
						<ele>359</ele>
						<time>2025-01-21T16:32:49Z</time>
					</trkpt>
					<trkpt lat="43.182580" lon="5.567820">
						<ele>356</ele>
						<time>2025-01-21T16:32:59Z</time>
					</trkpt>
					<trkpt lat="43.182720" lon="5.567840">
						<ele>355</ele>
						<time>2025-01-21T16:33:01Z</time>
					</trkpt>
					<trkpt lat="43.182940" lon="5.567850">
						<ele>354</ele>
						<time>2025-01-21T16:33:05Z</time>
					</trkpt>
					<trkpt lat="43.183140" lon="5.567800">
						<ele>354</ele>
						<time>2025-01-21T16:33:09Z</time>
					</trkpt>
					<trkpt lat="43.183300" lon="5.567720">
						<ele>355</ele>
						<time>2025-01-21T16:33:12Z</time>
					</trkpt>
					<trkpt lat="43.183450" lon="5.567580">
						<ele>355</ele>
						<time>2025-01-21T16:33:15Z</time>
					</trkpt>
					<trkpt lat="43.183600" lon="5.567390">
						<ele>353</ele>
						<time>2025-01-21T16:33:19Z</time>
					</trkpt>
					<trkpt lat="43.183680" lon="5.567220">
						<ele>351</ele>
						<time>2025-01-21T16:33:21Z</time>
					</trkpt>
					<trkpt lat="43.183680" lon="5.567140">
						<ele>352</ele>
						<time>2025-01-21T16:33:22Z</time>
					</trkpt>
					<trkpt lat="43.183670" lon="5.567050">
						<ele>353</ele>
						<time>2025-01-21T16:33:23Z</time>
					</trkpt>
					<trkpt lat="43.183490" lon="5.566500">
						<ele>365</ele>
						<time>2025-01-21T16:33:31Z</time>
					</trkpt>
					<trkpt lat="43.183460" lon="5.566170">
						<ele>367</ele>
						<time>2025-01-21T16:33:36Z</time>
					</trkpt>
					<trkpt lat="43.183480" lon="5.565970">
						<ele>367</ele>
						<time>2025-01-21T16:33:38Z</time>
					</trkpt>
					<trkpt lat="43.183510" lon="5.565830">
						<ele>366</ele>
						<time>2025-01-21T16:33:40Z</time>
					</trkpt>
					<trkpt lat="43.183620" lon="5.565650">
						<ele>361</ele>
						<time>2025-01-21T16:33:43Z</time>
					</trkpt>
					<trkpt lat="43.183750" lon="5.565550">
						<ele>357</ele>
						<time>2025-01-21T16:33:46Z</time>
					</trkpt>
					<trkpt lat="43.184010" lon="5.565430">
						<ele>348</ele>
						<time>2025-01-21T16:33:51Z</time>
					</trkpt>
					<trkpt lat="43.184130" lon="5.565230">
						<ele>347</ele>
						<time>2025-01-21T16:33:54Z</time>
					</trkpt>
					<trkpt lat="43.184160" lon="5.565100">
						<ele>348</ele>
						<time>2025-01-21T16:33:56Z</time>
					</trkpt>
					<trkpt lat="43.184170" lon="5.564180">
						<ele>334</ele>
						<time>2025-01-21T16:34:08Z</time>
					</trkpt>
					<trkpt lat="43.184220" lon="5.563860">
						<ele>312</ele>
						<time>2025-01-21T16:34:12Z</time>
					</trkpt>
					<trkpt lat="43.184270" lon="5.563830">
						<ele>309</ele>
						<time>2025-01-21T16:34:13Z</time>
					</trkpt>
					<trkpt lat="43.184310" lon="5.563840">
						<ele>309</ele>
						<time>2025-01-21T16:34:14Z</time>
					</trkpt>
					<trkpt lat="43.184340" lon="5.563900">
						<ele>312</ele>
						<time>2025-01-21T16:34:15Z</time>
					</trkpt>
					<trkpt lat="43.184300" lon="5.564530">
						<ele>335</ele>
						<time>2025-01-21T16:34:23Z</time>
					</trkpt>
					<trkpt lat="43.184530" lon="5.565240">
						<ele>328</ele>
						<time>2025-01-21T16:34:33Z</time>
					</trkpt>
					<trkpt lat="43.184540" lon="5.565340">
						<ele>326</ele>
						<time>2025-01-21T16:34:34Z</time>
					</trkpt>
					<trkpt lat="43.184500" lon="5.565530">
						<ele>326</ele>
						<time>2025-01-21T16:34:37Z</time>
					</trkpt>
					<trkpt lat="43.184390" lon="5.565730">
						<ele>328</ele>
						<time>2025-01-21T16:34:40Z</time>
					</trkpt>
					<trkpt lat="43.184260" lon="5.565860">
						<ele>332</ele>
						<time>2025-01-21T16:34:43Z</time>
					</trkpt>
					<trkpt lat="43.184090" lon="5.565980">
						<ele>339</ele>
						<time>2025-01-21T16:34:46Z</time>
					</trkpt>
					<trkpt lat="43.184080" lon="5.566100">
						<ele>338</ele>
						<time>2025-01-21T16:34:48Z</time>
					</trkpt>
					<trkpt lat="43.184120" lon="5.566140">
						<ele>336</ele>
						<time>2025-01-21T16:34:49Z</time>
					</trkpt>
					<trkpt lat="43.184180" lon="5.566120">
						<ele>334</ele>
						<time>2025-01-21T16:34:50Z</time>
					</trkpt>
					<trkpt lat="43.184590" lon="5.565740">
						<ele>320</ele>
						<time>2025-01-21T16:34:59Z</time>
					</trkpt>
					<trkpt lat="43.184820" lon="5.565440">
						<ele>313</ele>
						<time>2025-01-21T16:35:04Z</time>
					</trkpt>
					<trkpt lat="43.184840" lon="5.565240">
						<ele>313</ele>
						<time>2025-01-21T16:35:07Z</time>
					</trkpt>
					<trkpt lat="43.184700" lon="5.564710">
						<ele>318</ele>
						<time>2025-01-21T16:35:14Z</time>
					</trkpt>
					<trkpt lat="43.184660" lon="5.564460">
						<ele>318</ele>
						<time>2025-01-21T16:35:18Z</time>
					</trkpt>
					<trkpt lat="43.184680" lon="5.564310">
						<ele>315</ele>
						<time>2025-01-21T16:35:20Z</time>
					</trkpt>
					<trkpt lat="43.184820" lon="5.563840">
						<ele>304</ele>
						<time>2025-01-21T16:35:26Z</time>
					</trkpt>
					<trkpt lat="43.184890" lon="5.563270">
						<ele>298</ele>
						<time>2025-01-21T16:35:34Z</time>
					</trkpt>
					<trkpt lat="43.184940" lon="5.563140">
						<ele>296</ele>
						<time>2025-01-21T16:35:36Z</time>
					</trkpt>
					<trkpt lat="43.184980" lon="5.563090">
						<ele>297</ele>
						<time>2025-01-21T16:35:36Z</time>
					</trkpt>
					<trkpt lat="43.185140" lon="5.563040">
						<ele>297</ele>
						<time>2025-01-21T16:35:39Z</time>
					</trkpt>
					<trkpt lat="43.185330" lon="5.563050">
						<ele>299</ele>
						<time>2025-01-21T16:35:43Z</time>
					</trkpt>
					<trkpt lat="43.185610" lon="5.563170">
						<ele>301</ele>
						<time>2025-01-21T16:35:48Z</time>
					</trkpt>
					<trkpt lat="43.185740" lon="5.563170">
						<ele>301</ele>
						<time>2025-01-21T16:35:50Z</time>
					</trkpt>
					<trkpt lat="43.185820" lon="5.563080">
						<ele>302</ele>
						<time>2025-01-21T16:35:52Z</time>
					</trkpt>
					<trkpt lat="43.185940" lon="5.562310">
						<ele>304</ele>
						<time>2025-01-21T16:36:02Z</time>
					</trkpt>
					<trkpt lat="43.186060" lon="5.561810">
						<ele>297</ele>
						<time>2025-01-21T16:36:09Z</time>
					</trkpt>
					<trkpt lat="43.186170" lon="5.561580">
						<ele>295</ele>
						<time>2025-01-21T16:36:13Z</time>
					</trkpt>
					<trkpt lat="43.186230" lon="5.561510">
						<ele>295</ele>
						<time>2025-01-21T16:36:14Z</time>
					</trkpt>
					<trkpt lat="43.186360" lon="5.561430">
						<ele>296</ele>
						<time>2025-01-21T16:36:17Z</time>
					</trkpt>
					<trkpt lat="43.186440" lon="5.561420">
						<ele>298</ele>
						<time>2025-01-21T16:36:18Z</time>
					</trkpt>
					<trkpt lat="43.186530" lon="5.561440">
						<ele>301</ele>
						<time>2025-01-21T16:36:20Z</time>
					</trkpt>
					<trkpt lat="43.186880" lon="5.561620">
						<ele>306</ele>
						<time>2025-01-21T16:36:26Z</time>
					</trkpt>
					<trkpt lat="43.187130" lon="5.561700">
						<ele>306</ele>
						<time>2025-01-21T16:36:31Z</time>
					</trkpt>
					<trkpt lat="43.187220" lon="5.561690">
						<ele>306</ele>
						<time>2025-01-21T16:36:33Z</time>
					</trkpt>
					<trkpt lat="43.187500" lon="5.561540">
						<ele>311</ele>
						<time>2025-01-21T16:36:38Z</time>
					</trkpt>
					<trkpt lat="43.187610" lon="5.561510">
						<ele>313</ele>
						<time>2025-01-21T16:36:40Z</time>
					</trkpt>
					<trkpt lat="43.187790" lon="5.561540">
						<ele>314</ele>
						<time>2025-01-21T16:36:43Z</time>
					</trkpt>
					<trkpt lat="43.187870" lon="5.561590">
						<ele>314</ele>
						<time>2025-01-21T16:36:45Z</time>
					</trkpt>
					<trkpt lat="43.188210" lon="5.562060">
						<ele>309</ele>
						<time>2025-01-21T16:36:53Z</time>
					</trkpt>
					<trkpt lat="43.188470" lon="5.562580">
						<ele>306</ele>
						<time>2025-01-21T16:37:01Z</time>
					</trkpt>
					<trkpt lat="43.188640" lon="5.563080">
						<ele>302</ele>
						<time>2025-01-21T16:37:09Z</time>
					</trkpt>
					<trkpt lat="43.188730" lon="5.563580">
						<ele>296</ele>
						<time>2025-01-21T16:37:15Z</time>
					</trkpt>
					<trkpt lat="43.188820" lon="5.563760">
						<ele>296</ele>
						<time>2025-01-21T16:37:18Z</time>
					</trkpt>
					<trkpt lat="43.188890" lon="5.563810">
						<ele>296</ele>
						<time>2025-01-21T16:37:20Z</time>
					</trkpt>
					<trkpt lat="43.189680" lon="5.564100">
						<ele>302</ele>
						<time>2025-01-21T16:37:34Z</time>
					</trkpt>
					<trkpt lat="43.189870" lon="5.564140">
						<ele>303</ele>
						<time>2025-01-21T16:37:38Z</time>
					</trkpt>
					<trkpt lat="43.189960" lon="5.564130">
						<ele>304</ele>
						<time>2025-01-21T16:37:39Z</time>
					</trkpt>
					<trkpt lat="43.190030" lon="5.564090">
						<ele>304</ele>
						<time>2025-01-21T16:37:40Z</time>
					</trkpt>
					<trkpt lat="43.190120" lon="5.563990">
						<ele>303</ele>
						<time>2025-01-21T16:37:43Z</time>
					</trkpt>
					<trkpt lat="43.190160" lon="5.563860">
						<ele>303</ele>
						<time>2025-01-21T16:37:44Z</time>
					</trkpt>
					<trkpt lat="43.190150" lon="5.563610">
						<ele>305</ele>
						<time>2025-01-21T16:37:48Z</time>
					</trkpt>
					<trkpt lat="43.190020" lon="5.562960">
						<ele>312</ele>
						<time>2025-01-21T16:37:56Z</time>
					</trkpt>
					<trkpt lat="43.190000" lon="5.562360">
						<ele>309</ele>
						<time>2025-01-21T16:38:04Z</time>
					</trkpt>
					<trkpt lat="43.189930" lon="5.562070">
						<ele>306</ele>
						<time>2025-01-21T16:38:08Z</time>
					</trkpt>
					<trkpt lat="43.189880" lon="5.561940">
						<ele>305</ele>
						<time>2025-01-21T16:38:10Z</time>
					</trkpt>
					<trkpt lat="43.189070" lon="5.560470">
						<ele>308</ele>
						<time>2025-01-21T16:38:34Z</time>
					</trkpt>
					<trkpt lat="43.188750" lon="5.559810">
						<ele>309</ele>
						<time>2025-01-21T16:38:44Z</time>
					</trkpt>
					<trkpt lat="43.188660" lon="5.559480">
						<ele>309</ele>
						<time>2025-01-21T16:38:49Z</time>
					</trkpt>
					<trkpt lat="43.188560" lon="5.558730">
						<ele>300</ele>
						<time>2025-01-21T16:38:59Z</time>
					</trkpt>
					<trkpt lat="43.188600" lon="5.558420">
						<ele>295</ele>
						<time>2025-01-21T16:39:03Z</time>
					</trkpt>
					<trkpt lat="43.188640" lon="5.558340">
						<ele>295</ele>
						<time>2025-01-21T16:39:04Z</time>
					</trkpt>
					<trkpt lat="43.188740" lon="5.558240">
						<ele>282</ele>
						<time>2025-01-21T16:39:06Z</time>
					</trkpt>
					<trkpt lat="43.188920" lon="5.558210">
						<ele>285</ele>
						<time>2025-01-21T16:39:09Z</time>
					</trkpt>
					<trkpt lat="43.189690" lon="5.558570">
						<ele>309</ele>
						<time>2025-01-21T16:39:24Z</time>
					</trkpt>
					<trkpt lat="43.190650" lon="5.558900">
						<ele>306</ele>
						<time>2025-01-21T16:39:42Z</time>
					</trkpt>
					<trkpt lat="43.191840" lon="5.559150">
						<ele>298</ele>
						<time>2025-01-21T16:40:03Z</time>
					</trkpt>
					<trkpt lat="43.191910" lon="5.559130">
						<ele>297</ele>
						<time>2025-01-21T16:40:04Z</time>
					</trkpt>
					<trkpt lat="43.191950" lon="5.559090">
						<ele>296</ele>
						<time>2025-01-21T16:40:05Z</time>
					</trkpt>
					<trkpt lat="43.191970" lon="5.559030">
						<ele>295</ele>
						<time>2025-01-21T16:40:06Z</time>
					</trkpt>
					<trkpt lat="43.191960" lon="5.558890">
						<ele>295</ele>
						<time>2025-01-21T16:40:08Z</time>
					</trkpt>
					<trkpt lat="43.191800" lon="5.558440">
						<ele>301</ele>
						<time>2025-01-21T16:40:14Z</time>
					</trkpt>
					<trkpt lat="43.191450" lon="5.557840">
						<ele>303</ele>
						<time>2025-01-21T16:40:24Z</time>
					</trkpt>
					<trkpt lat="43.190920" lon="5.556800">
						<ele>299</ele>
						<time>2025-01-21T16:40:41Z</time>
					</trkpt>
					<trkpt lat="43.190620" lon="5.556150">
						<ele>250</ele>
						<time>2025-01-21T16:40:51Z</time>
					</trkpt>
					<trkpt lat="43.190610" lon="5.555960">
						<ele>236</ele>
						<time>2025-01-21T16:40:53Z</time>
					</trkpt>
					<trkpt lat="43.190710" lon="5.555750">
						<ele>231</ele>
						<time>2025-01-21T16:40:56Z</time>
					</trkpt>
					<trkpt lat="43.190970" lon="5.555490">
						<ele>221</ele>
						<time>2025-01-21T16:41:02Z</time>
					</trkpt>
					<trkpt lat="43.191120" lon="5.555450">
						<ele>234</ele>
						<time>2025-01-21T16:41:05Z</time>
					</trkpt>
					<trkpt lat="43.191310" lon="5.555510">
						<ele>264</ele>
						<time>2025-01-21T16:41:08Z</time>
					</trkpt>
					<trkpt lat="43.191860" lon="5.555880">
						<ele>306</ele>
						<time>2025-01-21T16:41:19Z</time>
					</trkpt>
					<trkpt lat="43.192160" lon="5.555960">
						<ele>306</ele>
						<time>2025-01-21T16:41:25Z</time>
					</trkpt>
					<trkpt lat="43.192460" lon="5.555940">
						<ele>309</ele>
						<time>2025-01-21T16:41:30Z</time>
					</trkpt>
					<trkpt lat="43.192600" lon="5.555880">
						<ele>310</ele>
						<time>2025-01-21T16:41:33Z</time>
					</trkpt>
					<trkpt lat="43.192700" lon="5.555800">
						<ele>312</ele>
						<time>2025-01-21T16:41:35Z</time>
					</trkpt>
					<trkpt lat="43.193110" lon="5.555320">
						<ele>321</ele>
						<time>2025-01-21T16:41:44Z</time>
					</trkpt>
					<trkpt lat="43.193190" lon="5.555270">
						<ele>322</ele>
						<time>2025-01-21T16:41:46Z</time>
					</trkpt>
					<trkpt lat="43.193260" lon="5.555260">
						<ele>321</ele>
						<time>2025-01-21T16:41:47Z</time>
					</trkpt>
					<trkpt lat="43.193360" lon="5.555330">
						<ele>320</ele>
						<time>2025-01-21T16:41:49Z</time>
					</trkpt>
					<trkpt lat="43.193450" lon="5.555500">
						<ele>318</ele>
						<time>2025-01-21T16:41:52Z</time>
					</trkpt>
					<trkpt lat="43.193730" lon="5.556290">
						<ele>307</ele>
						<time>2025-01-21T16:42:03Z</time>
					</trkpt>
					<trkpt lat="43.193800" lon="5.556430">
						<ele>306</ele>
						<time>2025-01-21T16:42:05Z</time>
					</trkpt>
					<trkpt lat="43.193940" lon="5.556560">
						<ele>306</ele>
						<time>2025-01-21T16:42:08Z</time>
					</trkpt>
					<trkpt lat="43.194090" lon="5.556600">
						<ele>309</ele>
						<time>2025-01-21T16:42:11Z</time>
					</trkpt>
					<trkpt lat="43.194280" lon="5.556550">
						<ele>310</ele>
						<time>2025-01-21T16:42:15Z</time>
					</trkpt>
					<trkpt lat="43.194410" lon="5.556450">
						<ele>310</ele>
						<time>2025-01-21T16:42:17Z</time>
					</trkpt>
					<trkpt lat="43.194940" lon="5.555670">
						<ele>322</ele>
						<time>2025-01-21T16:42:31Z</time>
					</trkpt>
					<trkpt lat="43.195120" lon="5.555450">
						<ele>327</ele>
						<time>2025-01-21T16:42:35Z</time>
					</trkpt>
					<trkpt lat="43.195260" lon="5.555370">
						<ele>329</ele>
						<time>2025-01-21T16:42:38Z</time>
					</trkpt>
					<trkpt lat="43.195410" lon="5.555350">
						<ele>329</ele>
						<time>2025-01-21T16:42:41Z</time>
					</trkpt>
					<trkpt lat="43.195510" lon="5.555390">
						<ele>328</ele>
						<time>2025-01-21T16:42:43Z</time>
					</trkpt>
					<trkpt lat="43.195640" lon="5.555510">
						<ele>326</ele>
						<time>2025-01-21T16:42:45Z</time>
					</trkpt>
					<trkpt lat="43.195980" lon="5.556010">
						<ele>320</ele>
						<time>2025-01-21T16:42:54Z</time>
					</trkpt>
					<trkpt lat="43.196230" lon="5.556450">
						<ele>320</ele>
						<time>2025-01-21T16:43:01Z</time>
					</trkpt>
					<trkpt lat="43.196320" lon="5.556550">
						<ele>322</ele>
						<time>2025-01-21T16:43:04Z</time>
					</trkpt>
					<trkpt lat="43.196400" lon="5.556630">
						<ele>323</ele>
						<time>2025-01-21T16:43:05Z</time>
					</trkpt>
					<trkpt lat="43.196560" lon="5.556680">
						<ele>325</ele>
						<time>2025-01-21T16:43:08Z</time>
					</trkpt>
					<trkpt lat="43.196690" lon="5.556650">
						<ele>327</ele>
						<time>2025-01-21T16:43:11Z</time>
					</trkpt>
					<trkpt lat="43.196830" lon="5.556480">
						<ele>324</ele>
						<time>2025-01-21T16:43:14Z</time>
					</trkpt>
					<trkpt lat="43.196870" lon="5.556350">
						<ele>322</ele>
						<time>2025-01-21T16:43:16Z</time>
					</trkpt>
					<trkpt lat="43.196950" lon="5.555570">
						<ele>320</ele>
						<time>2025-01-21T16:43:26Z</time>
					</trkpt>
					<trkpt lat="43.197130" lon="5.554580">
						<ele>314</ele>
						<time>2025-01-21T16:43:39Z</time>
					</trkpt>
					<trkpt lat="43.197130" lon="5.554400">
						<ele>313</ele>
						<time>2025-01-21T16:43:42Z</time>
					</trkpt>
					<trkpt lat="43.197090" lon="5.554130">
						<ele>313</ele>
						<time>2025-01-21T16:43:45Z</time>
					</trkpt>
					<trkpt lat="43.196960" lon="5.553700">
						<ele>313</ele>
						<time>2025-01-21T16:43:51Z</time>
					</trkpt>
					<trkpt lat="43.196900" lon="5.553320">
						<ele>311</ele>
						<time>2025-01-21T16:43:56Z</time>
					</trkpt>
					<trkpt lat="43.196890" lon="5.553160">
						<ele>310</ele>
						<time>2025-01-21T16:43:58Z</time>
					</trkpt>
					<trkpt lat="43.196980" lon="5.552950">
						<ele>310</ele>
						<time>2025-01-21T16:44:01Z</time>
					</trkpt>
					<trkpt lat="43.197140" lon="5.552850">
						<ele>310</ele>
						<time>2025-01-21T16:44:05Z</time>
					</trkpt>
					<trkpt lat="43.197320" lon="5.552810">
						<ele>311</ele>
						<time>2025-01-21T16:44:08Z</time>
					</trkpt>
					<trkpt lat="43.198140" lon="5.552940">
						<ele>312</ele>
						<time>2025-01-21T16:44:22Z</time>
					</trkpt>
					<trkpt lat="43.198360" lon="5.553040">
						<ele>313</ele>
						<time>2025-01-21T16:44:27Z</time>
					</trkpt>
					<trkpt lat="43.198710" lon="5.553260">
						<ele>317</ele>
						<time>2025-01-21T16:44:33Z</time>
					</trkpt>
					<trkpt lat="43.199110" lon="5.553330">
						<ele>322</ele>
						<time>2025-01-21T16:44:41Z</time>
					</trkpt>
					<trkpt lat="43.199200" lon="5.553370">
						<ele>323</ele>
						<time>2025-01-21T16:44:42Z</time>
					</trkpt>
					<trkpt lat="43.199510" lon="5.553880">
						<ele>324</ele>
						<time>2025-01-21T16:44:51Z</time>
					</trkpt>
					<trkpt lat="43.199660" lon="5.554050">
						<ele>326</ele>
						<time>2025-01-21T16:44:54Z</time>
					</trkpt>
					<trkpt lat="43.200780" lon="5.554940">
						<ele>338</ele>
						<time>2025-01-21T16:45:17Z</time>
					</trkpt>
					<trkpt lat="43.201010" lon="5.555590">
						<ele>336</ele>
						<time>2025-01-21T16:45:27Z</time>
					</trkpt>
					<trkpt lat="43.201310" lon="5.556110">
						<ele>335</ele>
						<time>2025-01-21T16:45:35Z</time>
					</trkpt>
					<trkpt lat="43.201450" lon="5.556640">
						<ele>335</ele>
						<time>2025-01-21T16:45:43Z</time>
					</trkpt>
					<trkpt lat="43.201860" lon="5.557670">
						<ele>337</ele>
						<time>2025-01-21T16:45:58Z</time>
					</trkpt>
					<trkpt lat="43.202000" lon="5.557850">
						<ele>336</ele>
						<time>2025-01-21T16:46:01Z</time>
					</trkpt>
					<trkpt lat="43.202390" lon="5.558170">
						<ele>336</ele>
						<time>2025-01-21T16:46:09Z</time>
					</trkpt>
					<trkpt lat="43.202500" lon="5.558290">
						<ele>338</ele>
						<time>2025-01-21T16:46:12Z</time>
					</trkpt>
					<trkpt lat="43.202700" lon="5.558560">
						<ele>337</ele>
						<time>2025-01-21T16:46:17Z</time>
					</trkpt>
					<trkpt lat="43.202760" lon="5.558720">
						<ele>336</ele>
						<time>2025-01-21T16:46:19Z</time>
					</trkpt>
					<trkpt lat="43.202970" lon="5.559650">
						<ele>331</ele>
						<time>2025-01-21T16:46:32Z</time>
					</trkpt>
					<trkpt lat="43.203250" lon="5.560480">
						<ele>326</ele>
						<time>2025-01-21T16:46:44Z</time>
					</trkpt>
					<trkpt lat="43.203320" lon="5.560760">
						<ele>324</ele>
						<time>2025-01-21T16:46:48Z</time>
					</trkpt>
					<trkpt lat="43.203400" lon="5.561370">
						<ele>321</ele>
						<time>2025-01-21T16:46:56Z</time>
					</trkpt>
					<trkpt lat="43.203380" lon="5.561900">
						<ele>316</ele>
						<time>2025-01-21T16:47:02Z</time>
					</trkpt>
					<trkpt lat="43.203420" lon="5.562300">
						<ele>314</ele>
						<time>2025-01-21T16:47:08Z</time>
					</trkpt>
					<trkpt lat="43.203490" lon="5.562670">
						<ele>312</ele>
						<time>2025-01-21T16:47:13Z</time>
					</trkpt>
					<trkpt lat="43.203730" lon="5.563620">
						<ele>303</ele>
						<time>2025-01-21T16:47:26Z</time>
					</trkpt>
					<trkpt lat="43.203770" lon="5.563870">
						<ele>300</ele>
						<time>2025-01-21T16:47:29Z</time>
					</trkpt>
					<trkpt lat="43.203780" lon="5.563970">
						<ele>299</ele>
						<time>2025-01-21T16:47:30Z</time>
					</trkpt>
					<trkpt lat="43.203730" lon="5.564310">
						<ele>295</ele>
						<time>2025-01-21T16:47:35Z</time>
					</trkpt>
					<trkpt lat="43.203440" lon="5.565400">
						<ele>285</ele>
						<time>2025-01-21T16:47:50Z</time>
					</trkpt>
					<trkpt lat="43.203470" lon="5.565650">
						<ele>283</ele>
						<time>2025-01-21T16:47:53Z</time>
					</trkpt>
					<trkpt lat="43.203550" lon="5.565730">
						<ele>282</ele>
						<time>2025-01-21T16:47:55Z</time>
					</trkpt>
					<trkpt lat="43.203610" lon="5.565740">
						<ele>282</ele>
						<time>2025-01-21T16:47:56Z</time>
					</trkpt>
					<trkpt lat="43.203740" lon="5.565690">
						<ele>281</ele>
						<time>2025-01-21T16:47:58Z</time>
					</trkpt>
					<trkpt lat="43.204010" lon="5.565380">
						<ele>283</ele>
						<time>2025-01-21T16:48:05Z</time>
					</trkpt>
					<trkpt lat="43.204260" lon="5.565160">
						<ele>285</ele>
						<time>2025-01-21T16:48:10Z</time>
					</trkpt>
					<trkpt lat="43.204580" lon="5.564810">
						<ele>286</ele>
						<time>2025-01-21T16:48:17Z</time>
					</trkpt>
					<trkpt lat="43.204660" lon="5.564760">
						<ele>285</ele>
						<time>2025-01-21T16:48:19Z</time>
					</trkpt>
					<trkpt lat="43.204740" lon="5.564760">
						<ele>284</ele>
						<time>2025-01-21T16:48:20Z</time>
					</trkpt>
					<trkpt lat="43.204790" lon="5.564790">
						<ele>283</ele>
						<time>2025-01-21T16:48:21Z</time>
					</trkpt>
					<trkpt lat="43.204840" lon="5.564870">
						<ele>281</ele>
						<time>2025-01-21T16:48:23Z</time>
					</trkpt>
					<trkpt lat="43.204930" lon="5.565120">
						<ele>277</ele>
						<time>2025-01-21T16:48:26Z</time>
					</trkpt>
					<trkpt lat="43.205010" lon="5.565450">
						<ele>272</ele>
						<time>2025-01-21T16:48:31Z</time>
					</trkpt>
					<trkpt lat="43.205130" lon="5.566180">
						<ele>262</ele>
						<time>2025-01-21T16:48:40Z</time>
					</trkpt>
					<trkpt lat="43.205230" lon="5.566260">
						<ele>260</ele>
						<time>2025-01-21T16:48:42Z</time>
					</trkpt>
					<trkpt lat="43.205280" lon="5.566250">
						<ele>260</ele>
						<time>2025-01-21T16:48:43Z</time>
					</trkpt>
					<trkpt lat="43.205340" lon="5.566140">
						<ele>259</ele>
						<time>2025-01-21T16:48:45Z</time>
					</trkpt>
					<trkpt lat="43.205460" lon="5.565310">
						<ele>259</ele>
						<time>2025-01-21T16:48:56Z</time>
					</trkpt>
					<trkpt lat="43.205730" lon="5.564520">
						<ele>260</ele>
						<time>2025-01-21T16:49:07Z</time>
					</trkpt>
					<trkpt lat="43.205850" lon="5.564260">
						<ele>260</ele>
						<time>2025-01-21T16:49:11Z</time>
					</trkpt>
					<trkpt lat="43.206490" lon="5.563080">
						<ele>244</ele>
						<time>2025-01-21T16:49:31Z</time>
					</trkpt>
					<trkpt lat="43.206570" lon="5.562890">
						<ele>241</ele>
						<time>2025-01-21T16:49:33Z</time>
					</trkpt>
					<trkpt lat="43.206620" lon="5.562690">
						<ele>240</ele>
						<time>2025-01-21T16:49:36Z</time>
					</trkpt>
					<trkpt lat="43.206660" lon="5.562370">
						<ele>239</ele>
						<time>2025-01-21T16:49:40Z</time>
					</trkpt>
					<trkpt lat="43.206690" lon="5.561750">
						<ele>237</ele>
						<time>2025-01-21T16:49:48Z</time>
					</trkpt>
					<trkpt lat="43.206870" lon="5.560830">
						<ele>235</ele>
						<time>2025-01-21T16:50:01Z</time>
					</trkpt>
					<trkpt lat="43.206900" lon="5.560750">
						<ele>234</ele>
						<time>2025-01-21T16:50:02Z</time>
					</trkpt>
					<trkpt lat="43.206960" lon="5.560710">
						<ele>232</ele>
						<time>2025-01-21T16:50:03Z</time>
					</trkpt>
					<trkpt lat="43.207010" lon="5.560720">
						<ele>231</ele>
						<time>2025-01-21T16:50:04Z</time>
					</trkpt>
					<trkpt lat="43.207040" lon="5.560760">
						<ele>230</ele>
						<time>2025-01-21T16:50:05Z</time>
					</trkpt>
					<trkpt lat="43.207040" lon="5.561140">
						<ele>230</ele>
						<time>2025-01-21T16:50:10Z</time>
					</trkpt>
					<trkpt lat="43.207000" lon="5.561630">
						<ele>229</ele>
						<time>2025-01-21T16:50:16Z</time>
					</trkpt>
					<trkpt lat="43.207010" lon="5.561710">
						<ele>229</ele>
						<time>2025-01-21T16:50:17Z</time>
					</trkpt>
					<trkpt lat="43.207040" lon="5.561770">
						<ele>228</ele>
						<time>2025-01-21T16:50:18Z</time>
					</trkpt>
					<trkpt lat="43.207070" lon="5.561780">
						<ele>227</ele>
						<time>2025-01-21T16:50:19Z</time>
					</trkpt>
					<trkpt lat="43.207110" lon="5.561750">
						<ele>226</ele>
						<time>2025-01-21T16:50:19Z</time>
					</trkpt>
					<trkpt lat="43.207170" lon="5.561550">
						<ele>225</ele>
						<time>2025-01-21T16:50:22Z</time>
					</trkpt>
					<trkpt lat="43.207320" lon="5.561230">
						<ele>223</ele>
						<time>2025-01-21T16:50:27Z</time>
					</trkpt>
					<trkpt lat="43.207440" lon="5.561060">
						<ele>221</ele>
						<time>2025-01-21T16:50:30Z</time>
					</trkpt>
					<trkpt lat="43.207440" lon="5.560660">
						<ele>218</ele>
						<time>2025-01-21T16:50:35Z</time>
					</trkpt>
					<trkpt lat="43.207480" lon="5.560220">
						<ele>209</ele>
						<time>2025-01-21T16:50:41Z</time>
					</trkpt>
					<trkpt lat="43.207540" lon="5.560040">
						<ele>206</ele>
						<time>2025-01-21T16:50:44Z</time>
					</trkpt>
					<trkpt lat="43.207710" lon="5.559760">
						<ele>206</ele>
						<time>2025-01-21T16:50:48Z</time>
					</trkpt>
					<trkpt lat="43.207770" lon="5.559210">
						<ele>190</ele>
						<time>2025-01-21T16:50:56Z</time>
					</trkpt>
					<trkpt lat="43.207910" lon="5.558710">
						<ele>179</ele>
						<time>2025-01-21T16:51:03Z</time>
					</trkpt>
					<trkpt lat="43.208120" lon="5.558200">
						<ele>167</ele>
						<time>2025-01-21T16:51:10Z</time>
					</trkpt>
					<trkpt lat="43.208600" lon="5.557460">
						<ele>153</ele>
						<time>2025-01-21T16:51:23Z</time>
					</trkpt>
					<trkpt lat="43.208700" lon="5.557230">
						<ele>149</ele>
						<time>2025-01-21T16:51:27Z</time>
					</trkpt>
					<trkpt lat="43.208780" lon="5.556870">
						<ele>139</ele>
						<time>2025-01-21T16:51:31Z</time>
					</trkpt>
					<trkpt lat="43.208890" lon="5.556780">
						<ele>138</ele>
						<time>2025-01-21T16:51:34Z</time>
					</trkpt>
					<trkpt lat="43.209140" lon="5.556680">
						<ele>136</ele>
						<time>2025-01-21T16:51:38Z</time>
					</trkpt>
					<trkpt lat="43.209280" lon="5.556650">
						<ele>136</ele>
						<time>2025-01-21T16:51:41Z</time>
					</trkpt>
					<trkpt lat="43.209480" lon="5.556620">
						<ele>136</ele>
						<time>2025-01-21T16:51:44Z</time>
					</trkpt>
					<trkpt lat="43.209950" lon="5.556670">
						<ele>139</ele>
						<time>2025-01-21T16:51:53Z</time>
					</trkpt>
					<trkpt lat="43.210090" lon="5.556620">
						<ele>138</ele>
						<time>2025-01-21T16:51:55Z</time>
					</trkpt>
					<trkpt lat="43.210220" lon="5.556530">
						<ele>137</ele>
						<time>2025-01-21T16:51:58Z</time>
					</trkpt>
					<trkpt lat="43.210610" lon="5.556010">
						<ele>128</ele>
						<time>2025-01-21T16:52:08Z</time>
					</trkpt>
					<trkpt lat="43.210800" lon="5.555950">
						<ele>129</ele>
						<time>2025-01-21T16:52:11Z</time>
					</trkpt>
					<trkpt lat="43.211990" lon="5.555690">
						<ele>117</ele>
						<time>2025-01-21T16:52:33Z</time>
					</trkpt>
					<trkpt lat="43.212400" lon="5.555540">
						<ele>112</ele>
						<time>2025-01-21T16:52:40Z</time>
					</trkpt>
					<trkpt lat="43.213160" lon="5.555210">
						<ele>100</ele>
						<time>2025-01-21T16:52:54Z</time>
					</trkpt>
					<trkpt lat="43.213250" lon="5.555130">
						<ele>99</ele>
						<time>2025-01-21T16:52:56Z</time>
					</trkpt>
					<trkpt lat="43.213840" lon="5.554410">
						<ele>87</ele>
						<time>2025-01-21T16:53:10Z</time>
					</trkpt>
					<trkpt lat="43.215210" lon="5.552510">
						<ele>63</ele>
						<time>2025-01-21T16:53:45Z</time>
					</trkpt>
					<trkpt lat="43.215300" lon="5.552420">
						<ele>62</ele>
						<time>2025-01-21T16:53:47Z</time>
					</trkpt>
					<trkpt lat="43.215480" lon="5.552320">
						<ele>60</ele>
						<time>2025-01-21T16:53:50Z</time>
					</trkpt>
					<trkpt lat="43.215510" lon="5.551580">
						<ele>54</ele>
						<time>2025-01-21T16:54:00Z</time>
					</trkpt>
					<trkpt lat="43.215600" lon="5.551290">
						<ele>53</ele>
						<time>2025-01-21T16:54:04Z</time>
					</trkpt>
					<trkpt lat="43.215750" lon="5.551010">
						<ele>51</ele>
						<time>2025-01-21T16:54:09Z</time>
					</trkpt>
					<trkpt lat="43.215910" lon="5.550820">
						<ele>50</ele>
						<time>2025-01-21T16:54:12Z</time>
					</trkpt>
					<trkpt lat="43.216070" lon="5.550710">
						<ele>49</ele>
						<time>2025-01-21T16:54:15Z</time>
					</trkpt>
					<trkpt lat="43.216740" lon="5.550450">
						<ele>44</ele>
						<time>2025-01-21T16:54:28Z</time>
					</trkpt>
					<trkpt lat="43.217080" lon="5.550250">
						<ele>40</ele>
						<time>2025-01-21T16:54:34Z</time>
					</trkpt>
					<trkpt lat="43.217260" lon="5.550050">
						<ele>39</ele>
						<time>2025-01-21T16:54:39Z</time>
					</trkpt>
					<trkpt lat="43.217790" lon="5.549270">
						<ele>46</ele>
						<time>2025-01-21T16:54:52Z</time>
					</trkpt>
					<trkpt lat="43.217960" lon="5.548980">
						<ele>49</ele>
						<time>2025-01-21T16:54:57Z</time>
					</trkpt>
					<trkpt lat="43.218100" lon="5.548630">
						<ele>52</ele>
						<time>2025-01-21T16:55:02Z</time>
					</trkpt>
					<trkpt lat="43.218130" lon="5.548470">
						<ele>53</ele>
						<time>2025-01-21T16:55:05Z</time>
					</trkpt>
					<trkpt lat="43.218150" lon="5.548150">
						<ele>56</ele>
						<time>2025-01-21T16:55:09Z</time>
					</trkpt>
					<trkpt lat="43.218110" lon="5.547800">
						<ele>59</ele>
						<time>2025-01-21T16:55:13Z</time>
					</trkpt>
					<trkpt lat="43.217980" lon="5.547520">
						<ele>60</ele>
						<time>2025-01-21T16:55:18Z</time>
					</trkpt>
					<trkpt lat="43.217320" lon="5.546460">
						<ele>62</ele>
						<time>2025-01-21T16:55:36Z</time>
					</trkpt>
					<trkpt lat="43.217190" lon="5.546210">
						<ele>63</ele>
						<time>2025-01-21T16:55:40Z</time>
					</trkpt>
					<trkpt lat="43.216810" lon="5.544990">
						<ele>65</ele>
						<time>2025-01-21T16:55:57Z</time>
					</trkpt>
					<trkpt lat="43.216790" lon="5.544760">
						<ele>63</ele>
						<time>2025-01-21T16:56:00Z</time>
					</trkpt>
					<trkpt lat="43.216800" lon="5.544520">
						<ele>63</ele>
						<time>2025-01-21T16:56:03Z</time>
					</trkpt>
					<trkpt lat="43.216860" lon="5.544310">
						<ele>63</ele>
						<time>2025-01-21T16:56:06Z</time>
					</trkpt>
					<trkpt lat="43.217020" lon="5.544010">
						<ele>62</ele>
						<time>2025-01-21T16:56:11Z</time>
					</trkpt>
					<trkpt lat="43.217140" lon="5.543900">
						<ele>61</ele>
						<time>2025-01-21T16:56:13Z</time>
					</trkpt>
					<trkpt lat="43.217320" lon="5.543790">
						<ele>60</ele>
						<time>2025-01-21T16:56:17Z</time>
					</trkpt>
					<trkpt lat="43.217430" lon="5.543760">
						<ele>61</ele>
						<time>2025-01-21T16:56:19Z</time>
					</trkpt>
					<trkpt lat="43.217620" lon="5.543780">
						<ele>63</ele>
						<time>2025-01-21T16:56:22Z</time>
					</trkpt>
					<trkpt lat="43.218250" lon="5.544170">
						<ele>72</ele>
						<time>2025-01-21T16:56:34Z</time>
					</trkpt>
					<trkpt lat="43.218490" lon="5.544290">
						<ele>76</ele>
						<time>2025-01-21T16:56:39Z</time>
					</trkpt>
					<trkpt lat="43.218700" lon="5.544340">
						<ele>77</ele>
						<time>2025-01-21T16:56:43Z</time>
					</trkpt>
					<trkpt lat="43.218980" lon="5.544350">
						<ele>78</ele>
						<time>2025-01-21T16:56:48Z</time>
					</trkpt>
					<trkpt lat="43.219270" lon="5.544310">
						<ele>78</ele>
						<time>2025-01-21T16:56:53Z</time>
					</trkpt>
					<trkpt lat="43.220870" lon="5.543850">
						<ele>84</ele>
						<time>2025-01-21T16:57:22Z</time>
					</trkpt>
					<trkpt lat="43.221280" lon="5.543760">
						<ele>82</ele>
						<time>2025-01-21T16:57:29Z</time>
					</trkpt>
					<trkpt lat="43.221780" lon="5.543740">
						<ele>83</ele>
						<time>2025-01-21T16:57:38Z</time>
					</trkpt>
					<trkpt lat="43.222100" lon="5.543790">
						<ele>86</ele>
						<time>2025-01-21T16:57:44Z</time>
					</trkpt>
					<trkpt lat="43.222360" lon="5.543870">
						<ele>87</ele>
						<time>2025-01-21T16:57:49Z</time>
					</trkpt>
					<trkpt lat="43.223190" lon="5.544270">
						<ele>90</ele>
						<time>2025-01-21T16:58:05Z</time>
					</trkpt>
					<trkpt lat="43.223370" lon="5.544330">
						<ele>91</ele>
						<time>2025-01-21T16:58:08Z</time>
					</trkpt>
					<trkpt lat="43.223570" lon="5.544370">
						<ele>91</ele>
						<time>2025-01-21T16:58:11Z</time>
					</trkpt>
					<trkpt lat="43.223670" lon="5.544350">
						<ele>91</ele>
						<time>2025-01-21T16:58:13Z</time>
					</trkpt>
					<trkpt lat="43.223720" lon="5.544420">
						<ele>91</ele>
						<time>2025-01-21T16:58:14Z</time>
					</trkpt>
					<trkpt lat="43.223770" lon="5.544440">
						<ele>91</ele>
						<time>2025-01-21T16:58:15Z</time>
					</trkpt>
					<trkpt lat="43.223850" lon="5.544420">
						<ele>91</ele>
						<time>2025-01-21T16:58:17Z</time>
					</trkpt>
					<trkpt lat="43.223910" lon="5.544310">
						<ele>91</ele>
						<time>2025-01-21T16:58:19Z</time>
					</trkpt>
					<trkpt lat="43.223900" lon="5.544190">
						<ele>91</ele>
						<time>2025-01-21T16:58:20Z</time>
					</trkpt>
					<trkpt lat="43.223930" lon="5.543960">
						<ele>92</ele>
						<time>2025-01-21T16:58:23Z</time>
					</trkpt>
					<trkpt lat="43.224180" lon="5.543440">
						<ele>94</ele>
						<time>2025-01-21T16:58:31Z</time>
					</trkpt>
					<trkpt lat="43.224380" lon="5.543100">
						<ele>94</ele>
						<time>2025-01-21T16:58:37Z</time>
					</trkpt>
					<trkpt lat="43.224530" lon="5.542910">
						<ele>94</ele>
						<time>2025-01-21T16:58:41Z</time>
					</trkpt>
					<trkpt lat="43.225090" lon="5.542340">
						<ele>93</ele>
						<time>2025-01-21T16:58:53Z</time>
					</trkpt>
					<trkpt lat="43.225280" lon="5.542070">
						<ele>93</ele>
						<time>2025-01-21T16:58:58Z</time>
					</trkpt>
					<trkpt lat="43.225540" lon="5.541560">
						<ele>92</ele>
						<time>2025-01-21T16:59:06Z</time>
					</trkpt>
					<trkpt lat="43.226410" lon="5.539690">
						<ele>94</ele>
						<time>2025-01-21T16:59:35Z</time>
					</trkpt>
					<trkpt lat="43.226530" lon="5.539420">
						<ele>96</ele>
						<time>2025-01-21T16:59:39Z</time>
					</trkpt>
					<trkpt lat="43.226580" lon="5.539230">
						<ele>97</ele>
						<time>2025-01-21T16:59:41Z</time>
					</trkpt>
					<trkpt lat="43.226730" lon="5.539010">
						<ele>100</ele>
						<time>2025-01-21T16:59:45Z</time>
					</trkpt>
					<trkpt lat="43.226730" lon="5.538900">
						<ele>102</ele>
						<time>2025-01-21T16:59:47Z</time>
					</trkpt>
					<trkpt lat="43.226700" lon="5.538850">
						<ele>103</ele>
						<time>2025-01-21T16:59:48Z</time>
					</trkpt>
					<trkpt lat="43.226600" lon="5.538790">
						<ele>104</ele>
						<time>2025-01-21T16:59:50Z</time>
					</trkpt>
					<trkpt lat="43.226300" lon="5.538320">
						<ele>109</ele>
						<time>2025-01-21T16:59:58Z</time>
					</trkpt>
					<trkpt lat="43.226210" lon="5.538240">
						<ele>109</ele>
						<time>2025-01-21T17:00:00Z</time>
					</trkpt>
					<trkpt lat="43.226120" lon="5.538190">
						<ele>108</ele>
						<time>2025-01-21T17:00:01Z</time>
					</trkpt>
					<trkpt lat="43.226080" lon="5.538200">
						<ele>108</ele>
						<time>2025-01-21T17:00:02Z</time>
					</trkpt>
					<trkpt lat="43.225910" lon="5.538070">
						<ele>106</ele>
						<time>2025-01-21T17:00:05Z</time>
					</trkpt>
					<trkpt lat="43.225810" lon="5.537910">
						<ele>106</ele>
						<time>2025-01-21T17:00:08Z</time>
					</trkpt>
					<trkpt lat="43.225790" lon="5.537650">
						<ele>106</ele>
						<time>2025-01-21T17:00:12Z</time>
					</trkpt>
					<trkpt lat="43.225910" lon="5.537210">
						<ele>111</ele>
						<time>2025-01-21T17:00:18Z</time>
					</trkpt>
					<trkpt lat="43.225940" lon="5.536860">
						<ele>114</ele>
						<time>2025-01-21T17:00:22Z</time>
					</trkpt>
					<trkpt lat="43.225900" lon="5.536500">
						<ele>116</ele>
						<time>2025-01-21T17:00:27Z</time>
					</trkpt>
					<trkpt lat="43.225740" lon="5.535880">
						<ele>123</ele>
						<time>2025-01-21T17:00:35Z</time>
					</trkpt>
					<trkpt lat="43.225440" lon="5.535380">
						<ele>122</ele>
						<time>2025-01-21T17:00:44Z</time>
					</trkpt>
					<trkpt lat="43.225360" lon="5.535070">
						<ele>127</ele>
						<time>2025-01-21T17:00:48Z</time>
					</trkpt>
					<trkpt lat="43.225240" lon="5.534740">
						<ele>130</ele>
						<time>2025-01-21T17:00:53Z</time>
					</trkpt>
					<trkpt lat="43.224530" lon="5.533890">
						<ele>123</ele>
						<time>2025-01-21T17:01:10Z</time>
					</trkpt>
					<trkpt lat="43.224480" lon="5.533720">
						<ele>122</ele>
						<time>2025-01-21T17:01:12Z</time>
					</trkpt>
					<trkpt lat="43.224490" lon="5.533470">
						<ele>123</ele>
						<time>2025-01-21T17:01:15Z</time>
					</trkpt>
					<trkpt lat="43.224540" lon="5.533320">
						<ele>125</ele>
						<time>2025-01-21T17:01:17Z</time>
					</trkpt>
					<trkpt lat="43.224640" lon="5.533180">
						<ele>126</ele>
						<time>2025-01-21T17:01:20Z</time>
					</trkpt>
					<trkpt lat="43.225010" lon="5.532860">
						<ele>134</ele>
						<time>2025-01-21T17:01:28Z</time>
					</trkpt>
					<trkpt lat="43.225130" lon="5.532720">
						<ele>135</ele>
						<time>2025-01-21T17:01:31Z</time>
					</trkpt>
					<trkpt lat="43.225230" lon="5.532430">
						<ele>134</ele>
						<time>2025-01-21T17:01:35Z</time>
					</trkpt>
					<trkpt lat="43.225360" lon="5.531840">
						<ele>129</ele>
						<time>2025-01-21T17:01:43Z</time>
					</trkpt>
					<trkpt lat="43.225490" lon="5.531690">
						<ele>129</ele>
						<time>2025-01-21T17:01:46Z</time>
					</trkpt>
					<trkpt lat="43.225580" lon="5.531660">
						<ele>130</ele>
						<time>2025-01-21T17:01:47Z</time>
					</trkpt>
					<trkpt lat="43.225670" lon="5.531670">
						<ele>133</ele>
						<time>2025-01-21T17:01:49Z</time>
					</trkpt>
					<trkpt lat="43.225780" lon="5.531710">
						<ele>136</ele>
						<time>2025-01-21T17:01:51Z</time>
					</trkpt>
					<trkpt lat="43.226040" lon="5.531880">
						<ele>144</ele>
						<time>2025-01-21T17:01:56Z</time>
					</trkpt>
					<trkpt lat="43.226160" lon="5.531910">
						<ele>147</ele>
						<time>2025-01-21T17:01:58Z</time>
					</trkpt>
					<trkpt lat="43.226270" lon="5.531920">
						<ele>149</ele>
						<time>2025-01-21T17:02:00Z</time>
					</trkpt>
					<trkpt lat="43.226430" lon="5.531890">
						<ele>151</ele>
						<time>2025-01-21T17:02:03Z</time>
					</trkpt>
					<trkpt lat="43.226880" lon="5.531520">
						<ele>153</ele>
						<time>2025-01-21T17:02:12Z</time>
					</trkpt>
					<trkpt lat="43.228310" lon="5.530260">
						<ele>167</ele>
						<time>2025-01-21T17:02:43Z</time>
					</trkpt>
					<trkpt lat="43.228700" lon="5.529880">
						<ele>173</ele>
						<time>2025-01-21T17:02:51Z</time>
					</trkpt>
					<trkpt lat="43.228970" lon="5.529420">
						<ele>178</ele>
						<time>2025-01-21T17:02:59Z</time>
					</trkpt>
					<trkpt lat="43.229920" lon="5.526910">
						<ele>194</ele>
						<time>2025-01-21T17:03:36Z</time>
					</trkpt>
					<trkpt lat="43.230110" lon="5.526350">
						<ele>199</ele>
						<time>2025-01-21T17:03:44Z</time>
					</trkpt>
					<trkpt lat="43.230220" lon="5.525900">
						<ele>203</ele>
						<time>2025-01-21T17:03:50Z</time>
					</trkpt>
					<trkpt lat="43.230330" lon="5.522440">
						<ele>215</ele>
						<time>2025-01-21T17:04:35Z</time>
					</trkpt>
					<trkpt lat="43.230430" lon="5.521930">
						<ele>215</ele>
						<time>2025-01-21T17:04:41Z</time>
					</trkpt>
					<trkpt lat="43.230510" lon="5.521680">
						<ele>216</ele>
						<time>2025-01-21T17:04:45Z</time>
					</trkpt>
					<trkpt lat="43.230630" lon="5.521430">
						<ele>216</ele>
						<time>2025-01-21T17:04:49Z</time>
					</trkpt>
					<trkpt lat="43.230840" lon="5.521080">
						<ele>216</ele>
						<time>2025-01-21T17:04:55Z</time>
					</trkpt>
					<trkpt lat="43.231420" lon="5.520240">
						<ele>222</ele>
						<time>2025-01-21T17:05:10Z</time>
					</trkpt>
					<trkpt lat="43.231610" lon="5.519890">
						<ele>225</ele>
						<time>2025-01-21T17:05:15Z</time>
					</trkpt>
					<trkpt lat="43.231770" lon="5.519490">
						<ele>226</ele>
						<time>2025-01-21T17:05:21Z</time>
					</trkpt>
					<trkpt lat="43.232280" lon="5.517880">
						<ele>234</ele>
						<time>2025-01-21T17:05:44Z</time>
					</trkpt>
					<trkpt lat="43.232360" lon="5.517500">
						<ele>235</ele>
						<time>2025-01-21T17:05:49Z</time>
					</trkpt>
					<trkpt lat="43.232570" lon="5.515380">
						<ele>237</ele>
						<time>2025-01-21T17:06:17Z</time>
					</trkpt>
					<trkpt lat="43.232620" lon="5.515110">
						<ele>237</ele>
						<time>2025-01-21T17:06:21Z</time>
					</trkpt>
					<trkpt lat="43.232750" lon="5.514720">
						<ele>237</ele>
						<time>2025-01-21T17:06:26Z</time>
					</trkpt>
					<trkpt lat="43.232980" lon="5.514290">
						<ele>237</ele>
						<time>2025-01-21T17:06:33Z</time>
					</trkpt>
					<trkpt lat="43.233100" lon="5.514120">
						<ele>237</ele>
						<time>2025-01-21T17:06:36Z</time>
					</trkpt>
					<trkpt lat="43.234370" lon="5.512710">
						<ele>230</ele>
						<time>2025-01-21T17:07:05Z</time>
					</trkpt>
					<trkpt lat="43.234750" lon="5.512200">
						<ele>229</ele>
						<time>2025-01-21T17:07:15Z</time>
					</trkpt>
					<trkpt lat="43.235100" lon="5.511600">
						<ele>229</ele>
						<time>2025-01-21T17:07:25Z</time>
					</trkpt>
					<trkpt lat="43.235430" lon="5.510860">
						<ele>227</ele>
						<time>2025-01-21T17:07:36Z</time>
					</trkpt>
					<trkpt lat="43.235680" lon="5.510020">
						<ele>226</ele>
						<time>2025-01-21T17:07:48Z</time>
					</trkpt>
					<trkpt lat="43.236950" lon="5.504800">
						<ele>229</ele>
						<time>2025-01-21T17:08:59Z</time>
					</trkpt>
					<trkpt lat="43.237180" lon="5.503500">
						<ele>234</ele>
						<time>2025-01-21T17:09:16Z</time>
					</trkpt>
					<trkpt lat="43.237210" lon="5.502920">
						<ele>235</ele>
						<time>2025-01-21T17:09:24Z</time>
					</trkpt>
					<trkpt lat="43.237280" lon="5.499210">
						<ele>237</ele>
						<time>2025-01-21T17:10:12Z</time>
					</trkpt>
					<trkpt lat="43.237320" lon="5.498410">
						<ele>237</ele>
						<time>2025-01-21T17:10:22Z</time>
					</trkpt>
					<trkpt lat="43.237740" lon="5.493930">
						<ele>247</ele>
						<time>2025-01-21T17:11:21Z</time>
					</trkpt>
					<trkpt lat="43.237990" lon="5.492360">
						<ele>250</ele>
						<time>2025-01-21T17:11:42Z</time>
					</trkpt>
					<trkpt lat="43.239020" lon="5.486820">
						<ele>262</ele>
						<time>2025-01-21T17:12:56Z</time>
					</trkpt>
					<trkpt lat="43.239100" lon="5.486230">
						<ele>265</ele>
						<time>2025-01-21T17:13:04Z</time>
					</trkpt>
					<trkpt lat="43.239130" lon="5.485650">
						<ele>266</ele>
						<time>2025-01-21T17:13:11Z</time>
					</trkpt>
					<trkpt lat="43.239100" lon="5.484610">
						<ele>265</ele>
						<time>2025-01-21T17:13:25Z</time>
					</trkpt>
					<trkpt lat="43.239050" lon="5.484220">
						<ele>265</ele>
						<time>2025-01-21T17:13:30Z</time>
					</trkpt>
					<trkpt lat="43.238800" lon="5.482880">
						<ele>264</ele>
						<time>2025-01-21T17:13:48Z</time>
					</trkpt>
					<trkpt lat="43.238700" lon="5.481840">
						<ele>260</ele>
						<time>2025-01-21T17:14:01Z</time>
					</trkpt>
					<trkpt lat="43.238730" lon="5.480890">
						<ele>257</ele>
						<time>2025-01-21T17:14:14Z</time>
					</trkpt>
					<trkpt lat="43.239090" lon="5.474950">
						<ele>264</ele>
						<time>2025-01-21T17:15:31Z</time>
					</trkpt>
					<trkpt lat="43.239100" lon="5.474060">
						<ele>264</ele>
						<time>2025-01-21T17:15:42Z</time>
					</trkpt>
					<trkpt lat="43.239060" lon="5.473340">
						<ele>269</ele>
						<time>2025-01-21T17:15:52Z</time>
					</trkpt>
					<trkpt lat="43.238460" lon="5.468990">
						<ele>284</ele>
						<time>2025-01-21T17:16:49Z</time>
					</trkpt>
					<trkpt lat="43.238430" lon="5.468660">
						<ele>285</ele>
						<time>2025-01-21T17:16:53Z</time>
					</trkpt>
					<trkpt lat="43.238430" lon="5.468180">
						<ele>287</ele>
						<time>2025-01-21T17:17:00Z</time>
					</trkpt>
					<trkpt lat="43.238460" lon="5.467850">
						<ele>289</ele>
						<time>2025-01-21T17:17:04Z</time>
					</trkpt>
					<trkpt lat="43.238570" lon="5.467260">
						<ele>292</ele>
						<time>2025-01-21T17:17:12Z</time>
					</trkpt>
					<trkpt lat="43.238690" lon="5.466850">
						<ele>293</ele>
						<time>2025-01-21T17:17:18Z</time>
					</trkpt>
					<trkpt lat="43.238770" lon="5.466670">
						<ele>294</ele>
						<time>2025-01-21T17:17:20Z</time>
					</trkpt>
					<trkpt lat="43.238990" lon="5.466270">
						<ele>296</ele>
						<time>2025-01-21T17:17:27Z</time>
					</trkpt>
					<trkpt lat="43.239110" lon="5.466110">
						<ele>296</ele>
						<time>2025-01-21T17:17:30Z</time>
					</trkpt>
					<trkpt lat="43.239810" lon="5.465400">
						<ele>301</ele>
						<time>2025-01-21T17:17:45Z</time>
					</trkpt>
					<trkpt lat="43.239930" lon="5.465180">
						<ele>301</ele>
						<time>2025-01-21T17:17:49Z</time>
					</trkpt>
					<trkpt lat="43.240010" lon="5.464890">
						<ele>302</ele>
						<time>2025-01-21T17:17:53Z</time>
					</trkpt>
					<trkpt lat="43.240010" lon="5.464430">
						<ele>305</ele>
						<time>2025-01-21T17:17:59Z</time>
					</trkpt>
					<trkpt lat="43.239560" lon="5.462230">
						<ele>311</ele>
						<time>2025-01-21T17:18:28Z</time>
					</trkpt>
					<trkpt lat="43.239530" lon="5.461990">
						<ele>311</ele>
						<time>2025-01-21T17:18:32Z</time>
					</trkpt>
					<trkpt lat="43.239580" lon="5.461610">
						<ele>312</ele>
						<time>2025-01-21T17:18:37Z</time>
					</trkpt>
					<trkpt lat="43.239740" lon="5.461280">
						<ele>313</ele>
						<time>2025-01-21T17:18:42Z</time>
					</trkpt>
					<trkpt lat="43.239950" lon="5.461070">
						<ele>316</ele>
						<time>2025-01-21T17:18:46Z</time>
					</trkpt>
					<trkpt lat="43.240160" lon="5.460980">
						<ele>318</ele>
						<time>2025-01-21T17:18:50Z</time>
					</trkpt>
					<trkpt lat="43.240480" lon="5.460910">
						<ele>321</ele>
						<time>2025-01-21T17:18:56Z</time>
					</trkpt>
					<trkpt lat="43.240570" lon="5.460870">
						<ele>322</ele>
						<time>2025-01-21T17:18:58Z</time>
					</trkpt>
					<trkpt lat="43.240720" lon="5.460750">
						<ele>323</ele>
						<time>2025-01-21T17:19:01Z</time>
					</trkpt>
					<trkpt lat="43.240830" lon="5.460570">
						<ele>324</ele>
						<time>2025-01-21T17:19:04Z</time>
					</trkpt>
					<trkpt lat="43.240910" lon="5.460280">
						<ele>326</ele>
						<time>2025-01-21T17:19:08Z</time>
					</trkpt>
					<trkpt lat="43.240900" lon="5.460060">
						<ele>326</ele>
						<time>2025-01-21T17:19:11Z</time>
					</trkpt>
					<trkpt lat="43.240850" lon="5.459780">
						<ele>327</ele>
						<time>2025-01-21T17:19:15Z</time>
					</trkpt>
					<trkpt lat="43.239840" lon="5.456270">
						<ele>323</ele>
						<time>2025-01-21T17:20:03Z</time>
					</trkpt>
					<trkpt lat="43.239870" lon="5.455920">
						<ele>322</ele>
						<time>2025-01-21T17:20:08Z</time>
					</trkpt>
					<trkpt lat="43.240130" lon="5.455320">
						<ele>320</ele>
						<time>2025-01-21T17:20:17Z</time>
					</trkpt>
					<trkpt lat="43.240260" lon="5.454820">
						<ele>318</ele>
						<time>2025-01-21T17:20:24Z</time>
					</trkpt>
					<trkpt lat="43.240330" lon="5.454200">
						<ele>313</ele>
						<time>2025-01-21T17:20:32Z</time>
					</trkpt>
					<trkpt lat="43.240330" lon="5.453730">
						<ele>310</ele>
						<time>2025-01-21T17:20:38Z</time>
					</trkpt>
					<trkpt lat="43.240300" lon="5.453470">
						<ele>308</ele>
						<time>2025-01-21T17:20:42Z</time>
					</trkpt>
					<trkpt lat="43.240220" lon="5.453160">
						<ele>305</ele>
						<time>2025-01-21T17:20:46Z</time>
					</trkpt>
					<trkpt lat="43.239740" lon="5.452110">
						<ele>295</ele>
						<time>2025-01-21T17:21:02Z</time>
					</trkpt>
					<trkpt lat="43.239710" lon="5.451950">
						<ele>293</ele>
						<time>2025-01-21T17:21:04Z</time>
					</trkpt>
					<trkpt lat="43.239730" lon="5.451770">
						<ele>293</ele>
						<time>2025-01-21T17:21:06Z</time>
					</trkpt>
					<trkpt lat="43.239770" lon="5.451690">
						<ele>293</ele>
						<time>2025-01-21T17:21:08Z</time>
					</trkpt>
					<trkpt lat="43.239900" lon="5.451590">
						<ele>295</ele>
						<time>2025-01-21T17:21:10Z</time>
					</trkpt>
					<trkpt lat="43.239980" lon="5.451590">
						<ele>296</ele>
						<time>2025-01-21T17:21:12Z</time>
					</trkpt>
					<trkpt lat="43.240080" lon="5.451630">
						<ele>296</ele>
						<time>2025-01-21T17:21:14Z</time>
					</trkpt>
					<trkpt lat="43.240350" lon="5.451870">
						<ele>293</ele>
						<time>2025-01-21T17:21:19Z</time>
					</trkpt>
					<trkpt lat="43.241240" lon="5.452850">
						<ele>297</ele>
						<time>2025-01-21T17:21:40Z</time>
					</trkpt>
					<trkpt lat="43.241380" lon="5.452940">
						<ele>296</ele>
						<time>2025-01-21T17:21:42Z</time>
					</trkpt>
					<trkpt lat="43.242250" lon="5.453190">
						<ele>295</ele>
						<time>2025-01-21T17:21:58Z</time>
					</trkpt>
					<trkpt lat="43.242370" lon="5.453180">
						<ele>294</ele>
						<time>2025-01-21T17:22:00Z</time>
					</trkpt>
					<trkpt lat="43.242450" lon="5.453120">
						<ele>293</ele>
						<time>2025-01-21T17:22:02Z</time>
					</trkpt>
					<trkpt lat="43.242530" lon="5.453020">
						<ele>293</ele>
						<time>2025-01-21T17:22:04Z</time>
					</trkpt>
					<trkpt lat="43.242590" lon="5.452800">
						<ele>292</ele>
						<time>2025-01-21T17:22:07Z</time>
					</trkpt>
					<trkpt lat="43.242590" lon="5.451940">
						<ele>282</ele>
						<time>2025-01-21T17:22:18Z</time>
					</trkpt>
					<trkpt lat="43.242490" lon="5.450460">
						<ele>279</ele>
						<time>2025-01-21T17:22:37Z</time>
					</trkpt>
					<trkpt lat="43.242230" lon="5.449320">
						<ele>261</ele>
						<time>2025-01-21T17:22:53Z</time>
					</trkpt>
					<trkpt lat="43.242280" lon="5.449090">
						<ele>261</ele>
						<time>2025-01-21T17:22:56Z</time>
					</trkpt>
					<trkpt lat="43.242340" lon="5.448980">
						<ele>263</ele>
						<time>2025-01-21T17:22:58Z</time>
					</trkpt>
					<trkpt lat="43.242630" lon="5.448650">
						<ele>273</ele>
						<time>2025-01-21T17:23:04Z</time>
					</trkpt>
					<trkpt lat="43.242670" lon="5.448530">
						<ele>274</ele>
						<time>2025-01-21T17:23:06Z</time>
					</trkpt>
					<trkpt lat="43.242680" lon="5.448360">
						<ele>272</ele>
						<time>2025-01-21T17:23:08Z</time>
					</trkpt>
					<trkpt lat="43.242390" lon="5.447660">
						<ele>258</ele>
						<time>2025-01-21T17:23:19Z</time>
					</trkpt>
					<trkpt lat="43.242340" lon="5.447440">
						<ele>254</ele>
						<time>2025-01-21T17:23:22Z</time>
					</trkpt>
					<trkpt lat="43.242340" lon="5.447220">
						<ele>251</ele>
						<time>2025-01-21T17:23:25Z</time>
					</trkpt>
					<trkpt lat="43.242380" lon="5.447050">
						<ele>250</ele>
						<time>2025-01-21T17:23:27Z</time>
					</trkpt>
					<trkpt lat="43.242500" lon="5.446800">
						<ele>252</ele>
						<time>2025-01-21T17:23:31Z</time>
					</trkpt>
					<trkpt lat="43.242770" lon="5.446510">
						<ele>255</ele>
						<time>2025-01-21T17:23:37Z</time>
					</trkpt>
					<trkpt lat="43.242940" lon="5.445800">
						<ele>241</ele>
						<time>2025-01-21T17:23:47Z</time>
					</trkpt>
					<trkpt lat="43.243060" lon="5.445450">
						<ele>235</ele>
						<time>2025-01-21T17:23:52Z</time>
					</trkpt>
					<trkpt lat="43.243210" lon="5.445300">
						<ele>235</ele>
						<time>2025-01-21T17:23:55Z</time>
					</trkpt>
					<trkpt lat="43.243330" lon="5.445280">
						<ele>238</ele>
						<time>2025-01-21T17:23:57Z</time>
					</trkpt>
					<trkpt lat="43.244010" lon="5.445370">
						<ele>235</ele>
						<time>2025-01-21T17:24:09Z</time>
					</trkpt>
					<trkpt lat="43.244200" lon="5.445430">
						<ele>235</ele>
						<time>2025-01-21T17:24:13Z</time>
					</trkpt>
					<trkpt lat="43.244350" lon="5.445580">
						<ele>235</ele>
						<time>2025-01-21T17:24:16Z</time>
					</trkpt>
					<trkpt lat="43.244660" lon="5.446060">
						<ele>238</ele>
						<time>2025-01-21T17:24:24Z</time>
					</trkpt>
					<trkpt lat="43.244770" lon="5.446170">
						<ele>238</ele>
						<time>2025-01-21T17:24:27Z</time>
					</trkpt>
					<trkpt lat="43.244890" lon="5.446260">
						<ele>237</ele>
						<time>2025-01-21T17:24:29Z</time>
					</trkpt>
					<trkpt lat="43.245050" lon="5.446330">
						<ele>235</ele>
						<time>2025-01-21T17:24:32Z</time>
					</trkpt>
					<trkpt lat="43.245190" lon="5.446350">
						<ele>234</ele>
						<time>2025-01-21T17:24:35Z</time>
					</trkpt>
					<trkpt lat="43.245330" lon="5.446350">
						<ele>233</ele>
						<time>2025-01-21T17:24:37Z</time>
					</trkpt>
					<trkpt lat="43.245600" lon="5.446220">
						<ele>227</ele>
						<time>2025-01-21T17:24:42Z</time>
					</trkpt>
					<trkpt lat="43.246050" lon="5.445810">
						<ele>212</ele>
						<time>2025-01-21T17:24:52Z</time>
					</trkpt>
					<trkpt lat="43.246140" lon="5.445800">
						<ele>210</ele>
						<time>2025-01-21T17:24:53Z</time>
					</trkpt>
					<trkpt lat="43.246220" lon="5.445830">
						<ele>209</ele>
						<time>2025-01-21T17:24:55Z</time>
					</trkpt>
					<trkpt lat="43.246390" lon="5.446080">
						<ele>209</ele>
						<time>2025-01-21T17:24:59Z</time>
					</trkpt>
					<trkpt lat="43.246550" lon="5.446510">
						<ele>209</ele>
						<time>2025-01-21T17:25:06Z</time>
					</trkpt>
					<trkpt lat="43.246570" lon="5.446680">
						<ele>210</ele>
						<time>2025-01-21T17:25:08Z</time>
					</trkpt>
					<trkpt lat="43.246500" lon="5.447510">
						<ele>219</ele>
						<time>2025-01-21T17:25:19Z</time>
					</trkpt>
					<trkpt lat="43.246530" lon="5.447660">
						<ele>218</ele>
						<time>2025-01-21T17:25:21Z</time>
					</trkpt>
					<trkpt lat="43.246730" lon="5.448190">
						<ele>211</ele>
						<time>2025-01-21T17:25:28Z</time>
					</trkpt>
					<trkpt lat="43.246770" lon="5.448660">
						<ele>210</ele>
						<time>2025-01-21T17:25:35Z</time>
					</trkpt>
					<trkpt lat="43.246670" lon="5.449540">
						<ele>216</ele>
						<time>2025-01-21T17:25:46Z</time>
					</trkpt>
					<trkpt lat="43.246880" lon="5.449960">
						<ele>205</ele>
						<time>2025-01-21T17:25:53Z</time>
					</trkpt>
					<trkpt lat="43.246940" lon="5.450190">
						<ele>202</ele>
						<time>2025-01-21T17:25:56Z</time>
					</trkpt>
					<trkpt lat="43.246990" lon="5.451550">
						<ele>195</ele>
						<time>2025-01-21T17:26:14Z</time>
					</trkpt>
					<trkpt lat="43.246900" lon="5.453450">
						<ele>185</ele>
						<time>2025-01-21T17:26:38Z</time>
					</trkpt>
					<trkpt lat="43.246820" lon="5.454220">
						<ele>184</ele>
						<time>2025-01-21T17:26:48Z</time>
					</trkpt>
					<trkpt lat="43.246750" lon="5.454540">
						<ele>183</ele>
						<time>2025-01-21T17:26:53Z</time>
					</trkpt>
					<trkpt lat="43.246560" lon="5.455080">
						<ele>182</ele>
						<time>2025-01-21T17:27:00Z</time>
					</trkpt>
					<trkpt lat="43.246560" lon="5.455260">
						<ele>181</ele>
						<time>2025-01-21T17:27:03Z</time>
					</trkpt>
					<trkpt lat="43.246610" lon="5.456010">
						<ele>177</ele>
						<time>2025-01-21T17:27:12Z</time>
					</trkpt>
					<trkpt lat="43.246640" lon="5.456100">
						<ele>176</ele>
						<time>2025-01-21T17:27:14Z</time>
					</trkpt>
					<trkpt lat="43.246670" lon="5.456170">
						<ele>175</ele>
						<time>2025-01-21T17:27:15Z</time>
					</trkpt>
					<trkpt lat="43.246770" lon="5.456280">
						<ele>177</ele>
						<time>2025-01-21T17:27:17Z</time>
					</trkpt>
					<trkpt lat="43.246850" lon="5.456310">
						<ele>178</ele>
						<time>2025-01-21T17:27:19Z</time>
					</trkpt>
					<trkpt lat="43.246960" lon="5.456290">
						<ele>179</ele>
						<time>2025-01-21T17:27:21Z</time>
					</trkpt>
					<trkpt lat="43.247060" lon="5.456200">
						<ele>179</ele>
						<time>2025-01-21T17:27:23Z</time>
					</trkpt>
					<trkpt lat="43.247160" lon="5.456040">
						<ele>178</ele>
						<time>2025-01-21T17:27:25Z</time>
					</trkpt>
					<trkpt lat="43.248080" lon="5.454320">
						<ele>163</ele>
						<time>2025-01-21T17:27:53Z</time>
					</trkpt>
					<trkpt lat="43.248500" lon="5.453770">
						<ele>160</ele>
						<time>2025-01-21T17:28:03Z</time>
					</trkpt>
					<trkpt lat="43.248560" lon="5.453590">
						<ele>160</ele>
						<time>2025-01-21T17:28:06Z</time>
					</trkpt>
					<trkpt lat="43.249080" lon="5.451770">
						<ele>149</ele>
						<time>2025-01-21T17:28:31Z</time>
					</trkpt>
					<trkpt lat="43.249330" lon="5.450780">
						<ele>149</ele>
						<time>2025-01-21T17:28:45Z</time>
					</trkpt>
					<trkpt lat="43.249430" lon="5.450220">
						<ele>147</ele>
						<time>2025-01-21T17:28:52Z</time>
					</trkpt>
					<trkpt lat="43.249550" lon="5.448590">
						<ele>142</ele>
						<time>2025-01-21T17:29:14Z</time>
					</trkpt>
					<trkpt lat="43.249840" lon="5.446900">
						<ele>139</ele>
						<time>2025-01-21T17:29:36Z</time>
					</trkpt>
					<trkpt lat="43.249860" lon="5.446630">
						<ele>138</ele>
						<time>2025-01-21T17:29:40Z</time>
					</trkpt>
					<trkpt lat="43.249810" lon="5.446060">
						<ele>136</ele>
						<time>2025-01-21T17:29:47Z</time>
					</trkpt>
					<trkpt lat="43.249480" lon="5.444350">
						<ele>125</ele>
						<time>2025-01-21T17:30:10Z</time>
					</trkpt>
					<trkpt lat="43.248930" lon="5.442260">
						<ele>117</ele>
						<time>2025-01-21T17:30:39Z</time>
					</trkpt>
					<trkpt lat="43.248800" lon="5.441690">
						<ele>117</ele>
						<time>2025-01-21T17:30:46Z</time>
					</trkpt>
					<trkpt lat="43.248760" lon="5.441320">
						<ele>116</ele>
						<time>2025-01-21T17:30:51Z</time>
					</trkpt>
					<trkpt lat="43.248720" lon="5.439490">
						<ele>115</ele>
						<time>2025-01-21T17:31:15Z</time>
					</trkpt>
					<trkpt lat="43.248360" lon="5.437230">
						<ele>103</ele>
						<time>2025-01-21T17:31:45Z</time>
					</trkpt>
					<trkpt lat="43.248210" lon="5.436350">
						<ele>102</ele>
						<time>2025-01-21T17:31:57Z</time>
					</trkpt>
					<trkpt lat="43.248140" lon="5.436070">
						<ele>102</ele>
						<time>2025-01-21T17:32:01Z</time>
					</trkpt>
					<trkpt lat="43.248030" lon="5.435850">
						<ele>101</ele>
						<time>2025-01-21T17:32:04Z</time>
					</trkpt>
					<trkpt lat="43.247870" lon="5.435660">
						<ele>101</ele>
						<time>2025-01-21T17:32:08Z</time>
					</trkpt>
					<trkpt lat="43.247680" lon="5.435510">
						<ele>99</ele>
						<time>2025-01-21T17:32:12Z</time>
					</trkpt>
					<trkpt lat="43.247190" lon="5.435290">
						<ele>95</ele>
						<time>2025-01-21T17:32:21Z</time>
					</trkpt>
					<trkpt lat="43.246690" lon="5.434760">
						<ele>93</ele>
						<time>2025-01-21T17:32:32Z</time>
					</trkpt>
					<trkpt lat="43.246670" lon="5.434630">
						<ele>93</ele>
						<time>2025-01-21T17:32:34Z</time>
					</trkpt>
					<trkpt lat="43.246600" lon="5.434530">
						<ele>94</ele>
						<time>2025-01-21T17:32:36Z</time>
					</trkpt>
					<trkpt lat="43.246540" lon="5.434500">
						<ele>95</ele>
						<time>2025-01-21T17:32:37Z</time>
					</trkpt>
					<trkpt lat="43.246460" lon="5.434510">
						<ele>97</ele>
						<time>2025-01-21T17:32:38Z</time>
					</trkpt>
					<trkpt lat="43.246380" lon="5.434600">
						<ele>98</ele>
						<time>2025-01-21T17:32:40Z</time>
					</trkpt>
					<trkpt lat="43.246350" lon="5.434680">
						<ele>99</ele>
						<time>2025-01-21T17:32:41Z</time>
					</trkpt>
					<trkpt lat="43.246360" lon="5.434830">
						<ele>99</ele>
						<time>2025-01-21T17:32:43Z</time>
					</trkpt>
					<trkpt lat="43.246380" lon="5.434820">
						<ele>99</ele>
						<time>2025-01-21T17:32:44Z</time>
					</trkpt>
					<trkpt lat="43.246400" lon="5.434860">
						<ele>98</ele>
						<time>2025-01-21T17:32:44Z</time>
					</trkpt>
					<trkpt lat="43.246330" lon="5.435340">
						<ele>101</ele>
						<time>2025-01-21T17:32:51Z</time>
					</trkpt>
					<trkpt lat="43.246290" lon="5.435990">
						<ele>102</ele>
						<time>2025-01-21T17:32:59Z</time>
					</trkpt>
					<trkpt lat="43.246300" lon="5.436210">
						<ele>102</ele>
						<time>2025-01-21T17:33:02Z</time>
					</trkpt>
					<trkpt lat="43.246230" lon="5.436600">
						<ele>102</ele>
						<time>2025-01-21T17:33:07Z</time>
					</trkpt>
					<trkpt lat="43.246140" lon="5.436850">
						<ele>102</ele>
						<time>2025-01-21T17:33:11Z</time>
					</trkpt>
					<trkpt lat="43.246040" lon="5.437030">
						<ele>101</ele>
						<time>2025-01-21T17:33:14Z</time>
					</trkpt>
					<trkpt lat="43.245940" lon="5.437150">
						<ele>101</ele>
						<time>2025-01-21T17:33:16Z</time>
					</trkpt>
					<trkpt lat="43.245780" lon="5.437280">
						<ele>100</ele>
						<time>2025-01-21T17:33:19Z</time>
					</trkpt>
					<trkpt lat="43.245640" lon="5.437360">
						<ele>100</ele>
						<time>2025-01-21T17:33:22Z</time>
					</trkpt>
					<trkpt lat="43.245450" lon="5.437410">
						<ele>100</ele>
						<time>2025-01-21T17:33:25Z</time>
					</trkpt>
					<trkpt lat="43.244480" lon="5.437570">
						<ele>102</ele>
						<time>2025-01-21T17:33:43Z</time>
					</trkpt>
					<trkpt lat="43.243810" lon="5.437900">
						<ele>104</ele>
						<time>2025-01-21T17:33:55Z</time>
					</trkpt>
					<trkpt lat="43.243180" lon="5.438110">
						<ele>104</ele>
						<time>2025-01-21T17:34:07Z</time>
					</trkpt>
					<trkpt lat="43.241920" lon="5.438290">
						<ele>106</ele>
						<time>2025-01-21T17:34:30Z</time>
					</trkpt>
					<trkpt lat="43.240330" lon="5.438690">
						<ele>113</ele>
						<time>2025-01-21T17:34:58Z</time>
					</trkpt>
					<trkpt lat="43.240120" lon="5.438670">
						<ele>112</ele>
						<time>2025-01-21T17:35:02Z</time>
					</trkpt>
					<trkpt lat="43.239860" lon="5.438560">
						<ele>113</ele>
						<time>2025-01-21T17:35:07Z</time>
					</trkpt>
					<trkpt lat="43.239720" lon="5.438440">
						<ele>113</ele>
						<time>2025-01-21T17:35:10Z</time>
					</trkpt>
					<trkpt lat="43.239550" lon="5.438220">
						<ele>114</ele>
						<time>2025-01-21T17:35:14Z</time>
					</trkpt>
					<trkpt lat="43.239380" lon="5.437840">
						<ele>115</ele>
						<time>2025-01-21T17:35:20Z</time>
					</trkpt>
					<trkpt lat="43.239290" lon="5.437400">
						<ele>116</ele>
						<time>2025-01-21T17:35:26Z</time>
					</trkpt>
					<trkpt lat="43.239160" lon="5.436490">
						<ele>115</ele>
						<time>2025-01-21T17:35:38Z</time>
					</trkpt>
					<trkpt lat="43.239070" lon="5.436210">
						<ele>116</ele>
						<time>2025-01-21T17:35:42Z</time>
					</trkpt>
					<trkpt lat="43.238960" lon="5.436000">
						<ele>117</ele>
						<time>2025-01-21T17:35:45Z</time>
					</trkpt>
					<trkpt lat="43.238820" lon="5.435830">
						<ele>117</ele>
						<time>2025-01-21T17:35:48Z</time>
					</trkpt>
					<trkpt lat="43.238630" lon="5.435680">
						<ele>118</ele>
						<time>2025-01-21T17:35:52Z</time>
					</trkpt>
					<trkpt lat="43.238260" lon="5.435450">
						<ele>119</ele>
						<time>2025-01-21T17:35:59Z</time>
					</trkpt>
					<trkpt lat="43.238240" lon="5.435370">
						<ele>120</ele>
						<time>2025-01-21T17:36:01Z</time>
					</trkpt>
					<trkpt lat="43.238160" lon="5.435300">
						<ele>121</ele>
						<time>2025-01-21T17:36:02Z</time>
					</trkpt>
					<trkpt lat="43.238110" lon="5.435300">
						<ele>121</ele>
						<time>2025-01-21T17:36:03Z</time>
					</trkpt>
					<trkpt lat="43.238050" lon="5.435340">
						<ele>121</ele>
						<time>2025-01-21T17:36:04Z</time>
					</trkpt>
					<trkpt lat="43.238010" lon="5.435480">
						<ele>121</ele>
						<time>2025-01-21T17:36:06Z</time>
					</trkpt>
					<trkpt lat="43.237960" lon="5.435550">
						<ele>121</ele>
						<time>2025-01-21T17:36:08Z</time>
					</trkpt>
					<trkpt lat="43.237900" lon="5.435600">
						<ele>121</ele>
						<time>2025-01-21T17:36:09Z</time>
					</trkpt>
					<trkpt lat="43.237730" lon="5.435670">
						<ele>121</ele>
						<time>2025-01-21T17:36:12Z</time>
					</trkpt>
					<trkpt lat="43.235050" lon="5.436120">
						<ele>136</ele>
						<time>2025-01-21T17:37:00Z</time>
					</trkpt>
					<trkpt lat="43.234790" lon="5.436110">
						<ele>136</ele>
						<time>2025-01-21T17:37:05Z</time>
					</trkpt>
					<trkpt lat="43.233680" lon="5.435930">
						<ele>135</ele>
						<time>2025-01-21T17:37:25Z</time>
					</trkpt>
					<trkpt lat="43.233360" lon="5.435900">
						<ele>136</ele>
						<time>2025-01-21T17:37:30Z</time>
					</trkpt>
					<trkpt lat="43.232330" lon="5.436020">
						<ele>139</ele>
						<time>2025-01-21T17:37:49Z</time>
					</trkpt>
					<trkpt lat="43.232170" lon="5.436070">
						<ele>138</ele>
						<time>2025-01-21T17:37:52Z</time>
					</trkpt>
					<trkpt lat="43.232000" lon="5.436170">
						<ele>137</ele>
						<time>2025-01-21T17:37:55Z</time>
					</trkpt>
					<trkpt lat="43.231670" lon="5.436500">
						<ele>135</ele>
						<time>2025-01-21T17:38:02Z</time>
					</trkpt>
					<trkpt lat="43.231460" lon="5.436620">
						<ele>137</ele>
						<time>2025-01-21T17:38:06Z</time>
					</trkpt>
					<trkpt lat="43.231280" lon="5.436680">
						<ele>138</ele>
						<time>2025-01-21T17:38:09Z</time>
					</trkpt>
					<trkpt lat="43.230590" lon="5.436820">
						<ele>143</ele>
						<time>2025-01-21T17:38:22Z</time>
					</trkpt>
					<trkpt lat="43.230350" lon="5.436840">
						<ele>145</ele>
						<time>2025-01-21T17:38:26Z</time>
					</trkpt>
					</trkseg>
				</trk>
			</gpx>